state,district,min,max,count,internal_missing_periods
andaman & nicobar islands,nicobar,8072,8105,34,0
andaman & nicobar islands,north and middle andaman,8072,8105,34,0
andaman & nicobar islands,south andaman,8072,8105,34,0
andhra pradesh,alluri sitharama raju,8072,8105,34,0
andhra pradesh,anakapalli,8072,8105,34,0
andhra pradesh,ananthapuramu,8072,8105,34,0
andhra pradesh,annamayya,8072,8105,34,0
andhra pradesh,bapatla,8072,8105,34,0
andhra pradesh,chittoor,8072,8105,34,0
andhra pradesh,dr br ambedkar konaseema,8072,8105,34,0
andhra pradesh,east godavari,8072,8105,34,0
andhra pradesh,eluru,8072,8105,34,0
andhra pradesh,guntur,8072,8105,34,0
andhra pradesh,kakinada,8072,8105,34,0
andhra pradesh,krishna,8072,8105,34,0
andhra pradesh,kurnool,8072,8105,34,0
andhra pradesh,nandyal,8072,8105,34,0
andhra pradesh,ntr,8072,8105,34,0
andhra pradesh,palnadu,8072,8105,34,0
andhra pradesh,parvathipuram manyam,8072,8105,34,0
andhra pradesh,prakasam,8072,8105,34,0
andhra pradesh,sri potti sriramulu nellore,8072,8105,34,0
andhra pradesh,sri sathyasai,8072,8105,34,0
andhra pradesh,srikakulam,8072,8105,34,0
andhra pradesh,tirupati,8072,8105,34,0
andhra pradesh,visakhapatnam,8072,8105,34,0
andhra pradesh,vizianagaram,8072,8105,34,0
andhra pradesh,west godavari,8072,8105,34,0
andhra pradesh,ysr kadapa,8072,8105,34,0
arunachal pradesh,anjaw,8072,8105,34,0
arunachal pradesh,bichom,8072,8105,34,0
arunachal pradesh,changlang,8072,8105,34,0
arunachal pradesh,dibang valley,8072,8105,34,0
arunachal pradesh,east kameng,8072,8105,34,0
arunachal pradesh,east siang,8072,8105,34,0
arunachal pradesh,itanagar capital complex,8072,8105,34,0
arunachal pradesh,kamle,8072,8105,34,0
arunachal pradesh,keyi panyor,8072,8105,34,0
arunachal pradesh,kra daadi,8072,8105,34,0
arunachal pradesh,kurung kumey,8072,8105,34,0
arunachal pradesh,lepa rada,8072,8105,34,0
arunachal pradesh,lohit,8072,8105,34,0
arunachal pradesh,longding,8072,8105,34,0
arunachal pradesh,lower dibang valley,8072,8105,34,0
arunachal pradesh,lower siang,8072,8105,34,0
arunachal pradesh,lower subansiri,8072,8105,34,0
arunachal pradesh,namsai,8072,8105,34,0
arunachal pradesh,pakke kessang,8072,8105,34,0
arunachal pradesh,papum pare,8072,8105,34,0
arunachal pradesh,shi yomi,8072,8105,34,0
arunachal pradesh,siang,8072,8105,34,0
arunachal pradesh,tawang,8072,8105,34,0
arunachal pradesh,tirap,8072,8105,34,0
arunachal pradesh,upper siang,8072,8105,34,0
arunachal pradesh,upper subansiri,8072,8105,34,0
arunachal pradesh,west kameng,8072,8105,34,0
arunachal pradesh,west siang,8072,8105,34,0
assam,bajali,8072,8105,34,0
assam,baksa,8072,8105,34,0
assam,barpeta,8072,8105,34,0
assam,biswanath,8072,8105,34,0
assam,bongaigaon,8072,8105,34,0
assam,cachar,8072,8105,34,0
assam,charaideo,8072,8105,34,0
assam,chirang,8072,8105,34,0
assam,darrang,8072,8105,34,0
assam,dhemaji,8072,8105,34,0
assam,dhubri,8072,8105,34,0
assam,dibrugarh,8072,8105,34,0
assam,dima hasao,8072,8105,34,0
assam,goalpara,8072,8105,34,0
assam,golaghat,8072,8105,34,0
assam,hailakandi,8072,8105,34,0
assam,hojai,8072,8105,34,0
assam,jorhat,8072,8105,34,0
assam,kamrup,8072,8105,34,0
assam,kamrup metropolitan,8072,8105,34,0
assam,karbi anglong,8072,8105,34,0
assam,kokrajhar,8072,8105,34,0
assam,lakhimpur,8072,8105,34,0
assam,majuli,8072,8105,34,0
assam,morigaon,8072,8105,34,0
assam,nagaon,8072,8105,34,0
assam,nalbari,8072,8105,34,0
assam,sivasagar,8072,8105,34,0
assam,sonitpur,8072,8105,34,0
assam,south salmara mankachar,8072,8105,34,0
assam,sribhumi,8072,8105,34,0
assam,tamulpur,8072,8105,34,0
assam,tinsukia,8072,8105,34,0
assam,udalguri,8072,8105,34,0
assam,west karbi anglong,8072,8105,34,0
bihar,araria,8072,8105,34,0
bihar,arwal,8072,8105,34,0
bihar,aurangabad,8072,8105,34,0
bihar,banka,8072,8105,34,0
bihar,begusarai,8072,8105,34,0
bihar,bhagalpur,8072,8105,34,0
bihar,bhojpur,8072,8105,34,0
bihar,buxar,8072,8105,34,0
bihar,darbhanga,8072,8105,34,0
bihar,gaya,8072,8105,34,0
bihar,gopalganj,8072,8105,34,0
bihar,jamui,8072,8105,34,0
bihar,jehanabad,8072,8105,34,0
bihar,kaimur,8072,8105,34,0
bihar,katihar,8072,8105,34,0
bihar,khagaria,8072,8105,34,0
bihar,kishanganj,8072,8105,34,0
bihar,lakhisarai,8072,8105,34,0
bihar,madhepura,8072,8105,34,0
bihar,madhubani,8072,8105,34,0
bihar,munger,8072,8105,34,0
bihar,muzaffarpur,8072,8105,34,0
bihar,nalanda,8072,8105,34,0
bihar,nawada,8072,8105,34,0
bihar,pashchim champaran,8072,8105,34,0
bihar,patna,8072,8105,34,0
bihar,purbi champaran,8072,8105,34,0
bihar,purnea,8072,8105,34,0
bihar,rohtas,8072,8105,34,0
bihar,saharsa,8072,8105,34,0
bihar,samastipur,8072,8105,34,0
bihar,saran,8072,8105,34,0
bihar,sheikhpura,8072,8105,34,0
bihar,sheohar,8072,8105,34,0
bihar,sitamarhi,8072,8105,34,0
bihar,siwan,8072,8105,34,0
bihar,supaul,8072,8105,34,0
bihar,vaishali,8072,8105,34,0
chandigarh,chandigarh,8072,8105,34,0
chhattisgarh,balod,8072,8105,34,0
chhattisgarh,balodabazar bhatapara,8072,8105,34,0
chhattisgarh,balrampur ramanujganj,8072,8105,34,0
chhattisgarh,bastar,8072,8105,34,0
chhattisgarh,bemetara,8072,8105,34,0
chhattisgarh,bijapur,8072,8105,34,0
chhattisgarh,bilaspur,8072,8105,34,0
chhattisgarh,dantewada,8072,8105,34,0
chhattisgarh,dhamtari,8072,8105,34,0
chhattisgarh,durg,8072,8105,34,0
chhattisgarh,gariaband,8072,8105,34,0
chhattisgarh,gaurela pendra marwahi,8072,8105,34,0
chhattisgarh,janjgir champa,8072,8105,34,0
chhattisgarh,jashpur,8072,8105,34,0
chhattisgarh,kabirdham,8072,8105,34,0
chhattisgarh,khairagarh chhuikhadan gandai,8072,8105,34,0
chhattisgarh,kondagaon,8072,8105,34,0
chhattisgarh,korba,8072,8105,34,0
chhattisgarh,korea,8072,8105,34,0
chhattisgarh,mahasamund,8072,8105,34,0
chhattisgarh,manendragarh chirmiri bharatpur,8072,8105,34,0
chhattisgarh,mohla manpur ambagarh chouki,8072,8105,34,0
chhattisgarh,mungeli,8072,8105,34,0
chhattisgarh,narayanpur,8072,8105,34,0
chhattisgarh,north bastar kanker,8072,8105,34,0
chhattisgarh,raigarh,8072,8105,34,0
chhattisgarh,raipur,8072,8105,34,0
chhattisgarh,rajnandgaon,8072,8105,34,0
chhattisgarh,sakti,8072,8105,34,0
chhattisgarh,sarangarh bilaigarh,8072,8105,34,0
chhattisgarh,sukma,8072,8105,34,0
chhattisgarh,surajpur,8072,8105,34,0
chhattisgarh,surguja,8072,8105,34,0
dadra & nagar haveli & daman & diu,dadra and nagar haveli,8072,8105,34,0
dadra & nagar haveli & daman & diu,daman,8072,8105,34,0
dadra & nagar haveli & daman & diu,diu,8072,8105,34,0
delhi,central,8072,8105,34,0
delhi,east,8072,8105,34,0
delhi,new delhi,8072,8105,34,0
delhi,north,8072,8105,34,0
delhi,north east,8072,8105,34,0
delhi,north west,8072,8105,34,0
delhi,shahdara,8072,8105,34,0
delhi,south,8072,8105,34,0
delhi,south east,8072,8105,34,0
delhi,south west,8072,8105,34,0
delhi,west,8072,8105,34,0
goa,north goa,8072,8105,34,0
goa,south goa,8072,8105,34,0
gujarat,ahmedabad,8072,8105,34,0
gujarat,amreli,8072,8105,34,0
gujarat,anand,8072,8105,34,0
gujarat,aravalli,8072,8105,34,0
gujarat,banaskantha,8072,8105,34,0
gujarat,bharuch,8072,8105,34,0
gujarat,bhavnagar,8072,8105,34,0
gujarat,botad,8072,8105,34,0
gujarat,chhotaudepur,8072,8105,34,0
gujarat,dahod,8072,8105,34,0
gujarat,dangs,8072,8105,34,0
gujarat,devbhumi dwarka,8072,8105,34,0
gujarat,gandhinagar,8072,8105,34,0
gujarat,gir somnath,8072,8105,34,0
gujarat,jamnagar,8072,8105,34,0
gujarat,junagadh,8072,8105,34,0
gujarat,kachchh,8072,8105,34,0
gujarat,kheda,8072,8105,34,0
gujarat,mahesana,8072,8105,34,0
gujarat,mahisagar,8072,8105,34,0
gujarat,morbi,8072,8105,34,0
gujarat,narmada,8072,8105,34,0
gujarat,navsari,8072,8105,34,0
gujarat,panchmahals,8072,8105,34,0
gujarat,patan,8072,8105,34,0
gujarat,porbandar,8072,8105,34,0
gujarat,rajkot,8072,8105,34,0
gujarat,sabarkantha,8072,8105,34,0
gujarat,surat,8072,8105,34,0
gujarat,surendranagar,8072,8105,34,0
gujarat,tapi,8072,8105,34,0
gujarat,vadodara,8072,8105,34,0
gujarat,valsad,8072,8105,34,0
gujarat,vav tharad,8072,8105,34,0
haryana,ambala,8072,8105,34,0
haryana,bhiwani,8072,8105,34,0
haryana,charkhi dadri,8072,8105,34,0
haryana,faridabad,8072,8105,34,0
haryana,fatehabad,8072,8105,34,0
haryana,gurugram,8072,8105,34,0
haryana,hisar,8072,8105,34,0
haryana,jhajjar,8072,8105,34,0
haryana,jind,8072,8105,34,0
haryana,kaithal,8072,8105,34,0
haryana,karnal,8072,8105,34,0
haryana,kurukshetra,8072,8105,34,0
haryana,mahendragarh,8072,8105,34,0
haryana,nuh,8072,8105,34,0
haryana,palwal,8072,8105,34,0
haryana,panchkula,8072,8105,34,0
haryana,panipat,8072,8105,34,0
haryana,rewari,8072,8105,34,0
haryana,rohtak,8072,8105,34,0
haryana,sirsa,8072,8105,34,0
haryana,sonipat,8072,8105,34,0
haryana,yamunanagar,8072,8105,34,0
himachal pradesh,bilaspur,8072,8105,34,0
himachal pradesh,chamba,8072,8105,34,0
himachal pradesh,hamirpur,8072,8105,34,0
himachal pradesh,kangra,8072,8105,34,0
himachal pradesh,kinnaur,8072,8105,34,0
himachal pradesh,kullu,8072,8105,34,0
himachal pradesh,lahaul and spiti,8072,8105,34,0
himachal pradesh,mandi,8072,8105,34,0
himachal pradesh,shimla,8072,8105,34,0
himachal pradesh,sirmaur,8072,8105,34,0
himachal pradesh,solan,8072,8105,34,0
himachal pradesh,una,8072,8105,34,0
jammu & kashmir,anantnag,8072,8105,34,0
jammu & kashmir,bandipore,8072,8105,34,0
jammu & kashmir,baramulla,8072,8105,34,0
jammu & kashmir,budgam,8072,8105,34,0
jammu & kashmir,doda,8072,8105,34,0
jammu & kashmir,ganderbal,8072,8105,34,0
jammu & kashmir,jammu,8072,8105,34,0
jammu & kashmir,kathua,8072,8105,34,0
jammu & kashmir,kishtwar,8072,8105,34,0
jammu & kashmir,kulgam,8072,8105,34,0
jammu & kashmir,kupwara,8072,8105,34,0
jammu & kashmir,mirpur,8072,8105,34,0
jammu & kashmir,muzaffarabad,8072,8105,34,0
jammu & kashmir,poonch,8072,8105,34,0
jammu & kashmir,pulwama,8072,8105,34,0
jammu & kashmir,rajouri,8072,8105,34,0
jammu & kashmir,ramban,8072,8105,34,0
jammu & kashmir,reasi,8072,8105,34,0
jammu & kashmir,samba,8072,8105,34,0
jammu & kashmir,shopian,8072,8105,34,0
jammu & kashmir,srinagar,8072,8105,34,0
jammu & kashmir,udhampur,8072,8105,34,0
jharkhand,bokaro,8072,8105,34,0
jharkhand,chatra,8072,8105,34,0
jharkhand,deoghar,8072,8105,34,0
jharkhand,dhanbad,8072,8105,34,0
jharkhand,dumka,8072,8105,34,0
jharkhand,east singhbhum,8072,8105,34,0
jharkhand,garhwa,8072,8105,34,0
jharkhand,giridih,8072,8105,34,0
jharkhand,godda,8072,8105,34,0
jharkhand,gumla,8072,8105,34,0
jharkhand,hazaribag,8072,8105,34,0
jharkhand,jamtara,8072,8105,34,0
jharkhand,khunti,8072,8105,34,0
jharkhand,koderma,8072,8105,34,0
jharkhand,latehar,8072,8105,34,0
jharkhand,lohardaga,8072,8105,34,0
jharkhand,pakur,8072,8105,34,0
jharkhand,palamu,8072,8105,34,0
jharkhand,ramgarh,8072,8105,34,0
jharkhand,ranchi,8072,8105,34,0
jharkhand,sahibganj,8072,8105,34,0
jharkhand,seraikela kharsawan,8072,8105,34,0
jharkhand,simdega,8072,8105,34,0
jharkhand,west singhbhum,8072,8105,34,0
karnataka,bagalkote,8072,8105,34,0
karnataka,ballari,8072,8105,34,0
karnataka,belagavi,8072,8105,34,0
karnataka,bengaluru rural,8072,8105,34,0
karnataka,bengaluru south,8072,8105,34,0
karnataka,bengaluru urban,8072,8105,34,0
karnataka,bidar,8072,8105,34,0
karnataka,chamarajanagar,8072,8105,34,0
karnataka,chikkaballapur,8072,8105,34,0
karnataka,chikkamagaluru,8072,8105,34,0
karnataka,chitradurga,8072,8105,34,0
karnataka,dakshina kannada,8072,8105,34,0
karnataka,davanagere,8072,8105,34,0
karnataka,dharwad,8072,8105,34,0
karnataka,gadag,8072,8105,34,0
karnataka,hassan,8072,8105,34,0
karnataka,haveri,8072,8105,34,0
karnataka,kalaburagi,8072,8105,34,0
karnataka,kodagu,8072,8105,34,0
karnataka,kolar,8072,8105,34,0
karnataka,koppal,8072,8105,34,0
karnataka,mandya,8072,8105,34,0
karnataka,mysuru,8072,8105,34,0
karnataka,raichur,8072,8105,34,0
karnataka,shivamogga,8072,8105,34,0
karnataka,tumakuru,8072,8105,34,0
karnataka,udupi,8072,8105,34,0
karnataka,uttara kannada,8072,8105,34,0
karnataka,vijayanagara,8072,8105,34,0
karnataka,vijayapura,8072,8105,34,0
karnataka,yadgiri,8072,8105,34,0
kerala,alappuzha,8072,8105,34,0
kerala,ernakulam,8072,8105,34,0
kerala,idukki,8072,8105,34,0
kerala,kannur,8072,8105,34,0
kerala,kasargod,8072,8105,34,0
kerala,kollam,8072,8105,34,0
kerala,kottayam,8072,8105,34,0
kerala,kozhikode,8072,8105,34,0
kerala,malappuram,8072,8105,34,0
kerala,palakkad,8072,8105,34,0
kerala,pathanamthitta,8072,8105,34,0
kerala,thiruvananthapuram,8072,8105,34,0
kerala,thrissur,8072,8105,34,0
kerala,wayanad,8072,8105,34,0
ladakh,kargil,8072,8105,34,0
ladakh,leh ladakh,8072,8105,34,0
lakshadweep,lakshadweep,8072,8105,34,0
madhya pradesh,agar malwa,8072,8105,34,0
madhya pradesh,alirajpur,8072,8105,34,0
madhya pradesh,anuppur,8072,8105,34,0
madhya pradesh,ashoknagar,8072,8105,34,0
madhya pradesh,balaghat,8072,8105,34,0
madhya pradesh,barwani,8072,8105,34,0
madhya pradesh,betul,8072,8105,34,0
madhya pradesh,bhind,8072,8105,34,0
madhya pradesh,bhopal,8072,8105,34,0
madhya pradesh,burhanpur,8072,8105,34,0
madhya pradesh,chhatarpur,8072,8105,34,0
madhya pradesh,chhindwara,8072,8105,34,0
madhya pradesh,damoh,8072,8105,34,0
madhya pradesh,datia,8072,8105,34,0
madhya pradesh,dewas,8072,8105,34,0
madhya pradesh,dhar,8072,8105,34,0
madhya pradesh,dindori,8072,8105,34,0
madhya pradesh,guna,8072,8105,34,0
madhya pradesh,gwalior,8072,8105,34,0
madhya pradesh,harda,8072,8105,34,0
madhya pradesh,indore,8072,8105,34,0
madhya pradesh,jabalpur,8072,8105,34,0
madhya pradesh,jhabua,8072,8105,34,0
madhya pradesh,katni,8072,8105,34,0
madhya pradesh,khandwa,8072,8105,34,0
madhya pradesh,khargone,8072,8105,34,0
madhya pradesh,maihar,8072,8105,34,0
madhya pradesh,mandla,8072,8105,34,0
madhya pradesh,mandsaur,8072,8105,34,0
madhya pradesh,mauganj,8072,8105,34,0
madhya pradesh,morena,8072,8105,34,0
madhya pradesh,narmadapuram,8072,8105,34,0
madhya pradesh,narsinghpur,8072,8105,34,0
madhya pradesh,neemuch,8072,8105,34,0
madhya pradesh,niwari,8072,8105,34,0
madhya pradesh,pandhurna,8072,8105,34,0
madhya pradesh,panna,8072,8105,34,0
madhya pradesh,raisen,8072,8105,34,0
madhya pradesh,rajgarh,8072,8105,34,0
madhya pradesh,ratlam,8072,8105,34,0
madhya pradesh,rewa,8072,8105,34,0
madhya pradesh,sagar,8072,8105,34,0
madhya pradesh,satna,8072,8105,34,0
madhya pradesh,sehore,8072,8105,34,0
madhya pradesh,seoni,8072,8105,34,0
madhya pradesh,shahdol,8072,8105,34,0
madhya pradesh,shajapur,8072,8105,34,0
madhya pradesh,sheopur,8072,8105,34,0
madhya pradesh,shivpuri,8072,8105,34,0
madhya pradesh,sidhi,8072,8105,34,0
madhya pradesh,singrauli,8072,8105,34,0
madhya pradesh,tikamgarh,8072,8105,34,0
madhya pradesh,ujjain,8072,8105,34,0
madhya pradesh,umaria,8072,8105,34,0
madhya pradesh,vidisha,8072,8105,34,0
maharashtra,ahilyanagar,8072,8105,34,0
maharashtra,akola,8072,8105,34,0
maharashtra,amravati,8072,8105,34,0
maharashtra,beed,8072,8105,34,0
maharashtra,bhandara,8072,8105,34,0
maharashtra,buldhana,8072,8105,34,0
maharashtra,chandrapur,8072,8105,34,0
maharashtra,chhatrapati sambhaji nagar,8072,8105,34,0
maharashtra,dharashiv,8072,8105,34,0
maharashtra,dhule,8072,8105,34,0
maharashtra,gadchiroli,8072,8105,34,0
maharashtra,gondia,8072,8105,34,0
maharashtra,hingoli,8072,8105,34,0
maharashtra,jalgaon,8072,8105,34,0
maharashtra,jalna,8072,8105,34,0
maharashtra,kolhapur,8072,8105,34,0
maharashtra,latur,8072,8105,34,0
maharashtra,mumbai,8072,8105,34,0
maharashtra,mumbai suburban,8072,8105,34,0
maharashtra,nagpur,8072,8105,34,0
maharashtra,nanded,8072,8105,34,0
maharashtra,nandurbar,8072,8105,34,0
maharashtra,nashik,8072,8105,34,0
maharashtra,palghar,8072,8105,34,0
maharashtra,parbhani,8072,8105,34,0
maharashtra,pune,8072,8105,34,0
maharashtra,raigad,8072,8105,34,0
maharashtra,ratnagiri,8072,8105,34,0
maharashtra,sangli,8072,8105,34,0
maharashtra,satara,8072,8105,34,0
maharashtra,sindhudurg,8072,8105,34,0
maharashtra,solapur,8072,8105,34,0
maharashtra,thane,8072,8105,34,0
maharashtra,wardha,8072,8105,34,0
maharashtra,washim,8072,8105,34,0
maharashtra,yavatmal,8072,8105,34,0
manipur,bishnupur,8072,8105,34,0
manipur,chandel,8072,8105,34,0
manipur,churachandpur,8072,8105,34,0
manipur,imphal east,8072,8105,34,0
manipur,imphal west,8072,8105,34,0
manipur,jiribam,8072,8105,34,0
manipur,kakching,8072,8105,34,0
manipur,kamjong,8072,8105,34,0
manipur,kangpokpi,8072,8105,34,0
manipur,noney,8072,8105,34,0
manipur,pherzawl,8072,8105,34,0
manipur,senapati,8072,8105,34,0
manipur,tamenglong,8072,8105,34,0
manipur,tengnoupal,8072,8105,34,0
manipur,thoubal,8072,8105,34,0
manipur,ukhrul,8072,8105,34,0
meghalaya,east garo hills,8072,8105,34,0
meghalaya,east jaintia hills,8072,8105,34,0
meghalaya,east khasi hills,8072,8105,34,0
meghalaya,eastern west khasi hills,8072,8105,34,0
meghalaya,north garo hills,8072,8105,34,0
meghalaya,ri bhoi,8072,8105,34,0
meghalaya,south garo hills,8072,8105,34,0
meghalaya,south west garo hills,8072,8105,34,0
meghalaya,south west khasi hills,8072,8105,34,0
meghalaya,west garo hills,8072,8105,34,0
meghalaya,west jaintia hills,8072,8105,34,0
meghalaya,west khasi hills,8072,8105,34,0
mizoram,aizawl,8072,8105,34,0
mizoram,champhai,8072,8105,34,0
mizoram,hnahthial,8072,8105,34,0
mizoram,khawzawl,8072,8105,34,0
mizoram,kolasib,8072,8105,34,0
mizoram,lawngtlai,8072,8105,34,0
mizoram,lunglei,8072,8105,34,0
mizoram,mamit,8072,8105,34,0
mizoram,saitual,8072,8105,34,0
mizoram,serchhip,8072,8105,34,0
mizoram,siaha,8072,8105,34,0
nagaland,chumoukedima,8072,8105,34,0
nagaland,dimapur,8072,8105,34,0
nagaland,kiphire,8072,8105,34,0
nagaland,kohima,8072,8105,34,0
nagaland,longleng,8072,8105,34,0
nagaland,meluri,8072,8105,34,0
nagaland,mokokchung,8072,8105,34,0
nagaland,mon,8072,8105,34,0
nagaland,niuland,8072,8105,34,0
nagaland,noklak,8072,8105,34,0
nagaland,peren,8072,8105,34,0
nagaland,phek,8072,8105,34,0
nagaland,shamator,8072,8105,34,0
nagaland,tseminyu,8072,8105,34,0
nagaland,tuensang,8072,8105,34,0
nagaland,wokha,8072,8105,34,0
nagaland,zunheboto,8072,8105,34,0
odisha,angul,8072,8105,34,0
odisha,balangir,8072,8105,34,0
odisha,balasore,8072,8105,34,0
odisha,bargarh,8072,8105,34,0
odisha,bhadrak,8072,8105,34,0
odisha,boudh,8072,8105,34,0
odisha,cuttack,8072,8105,34,0
odisha,deogarh,8072,8105,34,0
odisha,dhenkanal,8072,8105,34,0
odisha,gajapati,8072,8105,34,0
odisha,ganjam,8072,8105,34,0
odisha,jagatsinghpur,8072,8105,34,0
odisha,jajpur,8072,8105,34,0
odisha,jharsuguda,8072,8105,34,0
odisha,kalahandi,8072,8105,34,0
odisha,kandhamal,8072,8105,34,0
odisha,kendrapara,8072,8105,34,0
odisha,kendujhar,8072,8105,34,0
odisha,khordha,8072,8105,34,0
odisha,koraput,8072,8105,34,0
odisha,malkangiri,8072,8105,34,0
odisha,mayurbhanj,8072,8105,34,0
odisha,nabarangpur,8072,8105,34,0
odisha,nayagarh,8072,8105,34,0
odisha,nuapada,8072,8105,34,0
odisha,puri,8072,8105,34,0
odisha,rayagada,8072,8105,34,0
odisha,sambalpur,8072,8105,34,0
odisha,subarnapur,8072,8105,34,0
odisha,sundargarh,8072,8105,34,0
puducherry,karaikal,8072,8105,34,0
puducherry,mahe,8072,8105,34,0
puducherry,puducherry,8072,8105,34,0
puducherry,yanam,8072,8105,34,0
punjab,amritsar,8072,8105,34,0
punjab,barnala,8072,8105,34,0
punjab,bathinda,8072,8105,34,0
punjab,faridkot,8072,8105,34,0
punjab,fatehgarh sahib,8072,8105,34,0
punjab,fazilka,8072,8105,34,0
punjab,ferozepur,8072,8105,34,0
punjab,gurdaspur,8072,8105,34,0
punjab,hoshiarpur,8072,8105,34,0
punjab,jalandhar,8072,8105,34,0
punjab,kapurthala,8072,8105,34,0
punjab,ludhiana,8072,8105,34,0
punjab,malerkotla,8072,8105,34,0
punjab,mansa,8072,8105,34,0
punjab,moga,8072,8105,34,0
punjab,pathankot,8072,8105,34,0
punjab,patiala,8072,8105,34,0
punjab,rupnagar,8072,8105,34,0
punjab,sangrur,8072,8105,34,0
punjab,sas nagar,8072,8105,34,0
punjab,shaheed bhagat singh nagar,8072,8105,34,0
punjab,sri muktsar sahib,8072,8105,34,0
punjab,tarn taran,8072,8105,34,0
rajasthan,ajmer,8072,8105,34,0
rajasthan,alwar,8072,8105,34,0
rajasthan,balotra,8072,8105,34,0
rajasthan,banswara,8072,8105,34,0
rajasthan,baran,8072,8105,34,0
rajasthan,barmer,8072,8105,34,0
rajasthan,beawar,8072,8105,34,0
rajasthan,bharatpur,8072,8105,34,0
rajasthan,bhilwara,8072,8105,34,0
rajasthan,bikaner,8072,8105,34,0
rajasthan,bundi,8072,8105,34,0
rajasthan,chittorgarh,8072,8105,34,0
rajasthan,churu,8072,8105,34,0
rajasthan,dausa,8072,8105,34,0
rajasthan,deedwana kuchaman,8072,8105,34,0
rajasthan,deeg,8072,8105,34,0
rajasthan,dholpur,8072,8105,34,0
rajasthan,dungarpur,8072,8105,34,0
rajasthan,hanumangarh,8072,8105,34,0
rajasthan,jaipur,8072,8105,34,0
rajasthan,jaisalmer,8072,8105,34,0
rajasthan,jalore,8072,8105,34,0
rajasthan,jhalawar,8072,8105,34,0
rajasthan,jhunjhunu,8072,8105,34,0
rajasthan,jodhpur,8072,8105,34,0
rajasthan,karauli,8072,8105,34,0
rajasthan,khairthal tijara,8072,8105,34,0
rajasthan,kota,8072,8105,34,0
rajasthan,kotputli behror,8072,8105,34,0
rajasthan,nagaur,8072,8105,34,0
rajasthan,pali,8072,8105,34,0
rajasthan,phalodi,8072,8105,34,0
rajasthan,pratapgarh,8072,8105,34,0
rajasthan,rajsamand,8072,8105,34,0
rajasthan,salumber,8072,8105,34,0
rajasthan,sawai madhopur,8072,8105,34,0
rajasthan,sikar,8072,8105,34,0
rajasthan,sirohi,8072,8105,34,0
rajasthan,sri ganganagar,8072,8105,34,0
rajasthan,tonk,8072,8105,34,0
rajasthan,udaipur,8072,8105,34,0
sikkim,gangtok,8072,8105,34,0
sikkim,gyalshing,8072,8105,34,0
sikkim,mangan,8072,8105,34,0
sikkim,namchi,8072,8105,34,0
sikkim,pakyong,8072,8105,34,0
sikkim,soreng,8072,8105,34,0
tamil nadu,ariyalur,8072,8105,34,0
tamil nadu,chengalpattu,8072,8105,34,0
tamil nadu,chennai,8072,8105,34,0
tamil nadu,coimbatore,8072,8105,34,0
tamil nadu,cuddalore,8072,8105,34,0
tamil nadu,dharmapuri,8072,8105,34,0
tamil nadu,dindigul,8072,8105,34,0
tamil nadu,erode,8072,8105,34,0
tamil nadu,kallakurichi,8072,8105,34,0
tamil nadu,kancheepuram,8072,8105,34,0
tamil nadu,kanniyakumari,8072,8105,34,0
tamil nadu,karur,8072,8105,34,0
tamil nadu,krishnagiri,8072,8105,34,0
tamil nadu,madurai,8072,8105,34,0
tamil nadu,mayiladuthurai,8072,8105,34,0
tamil nadu,nagapattinam,8072,8105,34,0
tamil nadu,namakkal,8072,8105,34,0
tamil nadu,perambalur,8072,8105,34,0
tamil nadu,pudukkottai,8072,8105,34,0
tamil nadu,ramanathapuram,8072,8105,34,0
tamil nadu,ranipet,8072,8105,34,0
tamil nadu,salem,8072,8105,34,0
tamil nadu,sivaganga,8072,8105,34,0
tamil nadu,tenkasi,8072,8105,34,0
tamil nadu,thanjavur,8072,8105,34,0
tamil nadu,the nilgiris,8072,8105,34,0
tamil nadu,theni,8072,8105,34,0
tamil nadu,thoothukudi,8072,8105,34,0
tamil nadu,tiruchirappalli,8072,8105,34,0
tamil nadu,tirunelveli,8072,8105,34,0
tamil nadu,tirupathur,8072,8105,34,0
tamil nadu,tiruppur,8072,8105,34,0
tamil nadu,tiruvallur,8072,8105,34,0
tamil nadu,tiruvannamalai,8072,8105,34,0
tamil nadu,tiruvarur,8072,8105,34,0
tamil nadu,vellore,8072,8105,34,0
tamil nadu,viluppuram,8072,8105,34,0
tamil nadu,virudhunagar,8072,8105,34,0
telangana,adilabad,8072,8105,34,0
telangana,bhadradri kothagudem,8072,8105,34,0
telangana,hanumakonda,8072,8105,34,0
telangana,hyderabad,8072,8105,34,0
telangana,jagtial,8072,8105,34,0
telangana,jangaon,8072,8105,34,0
telangana,jayashankar bhupalpally,8072,8105,34,0
telangana,jogulamba gadwal,8072,8105,34,0
telangana,kamareddy,8072,8105,34,0
telangana,karimnagar,8072,8105,34,0
telangana,khammam,8072,8105,34,0
telangana,kumuram bheem asifabad,8072,8105,34,0
telangana,mahabubabad,8072,8105,34,0
telangana,mahabubnagar,8072,8105,34,0
telangana,mancherial,8072,8105,34,0
telangana,medak,8072,8105,34,0
telangana,medchal malkajgiri,8072,8105,34,0
telangana,mulugu,8072,8105,34,0
telangana,nagarkurnool,8072,8105,34,0
telangana,nalgonda,8072,8105,34,0
telangana,narayanpet,8072,8105,34,0
telangana,nirmal,8072,8105,34,0
telangana,nizamabad,8072,8105,34,0
telangana,peddapalli,8072,8105,34,0
telangana,rajanna sircilla,8072,8105,34,0
telangana,rangareddy,8072,8105,34,0
telangana,sangareddy,8072,8105,34,0
telangana,siddipet,8072,8105,34,0
telangana,suryapet,8072,8105,34,0
telangana,vikarabad,8072,8105,34,0
telangana,wanaparthy,8072,8105,34,0
telangana,warangal,8072,8105,34,0
telangana,yadadri bhuvanagiri,8072,8105,34,0
tripura,dhalai,8072,8105,34,0
tripura,gomati,8072,8105,34,0
tripura,khowai,8072,8105,34,0
tripura,north tripura,8072,8105,34,0
tripura,sepahijala,8072,8105,34,0
tripura,south tripura,8072,8105,34,0
tripura,unakoti,8072,8105,34,0
tripura,west tripura,8072,8105,34,0
uttar pradesh,agra,8072,8105,34,0
uttar pradesh,aligarh,8072,8105,34,0
uttar pradesh,ambedkar nagar,8072,8105,34,0
uttar pradesh,amethi,8072,8105,34,0
uttar pradesh,amroha,8072,8105,34,0
uttar pradesh,auraiya,8072,8105,34,0
uttar pradesh,ayodhya,8072,8105,34,0
uttar pradesh,azamgarh,8072,8105,34,0
uttar pradesh,bagpat,8072,8105,34,0
uttar pradesh,bahraich,8072,8105,34,0
uttar pradesh,ballia,8072,8105,34,0
uttar pradesh,balrampur,8072,8105,34,0
uttar pradesh,banda,8072,8105,34,0
uttar pradesh,barabanki,8072,8105,34,0
uttar pradesh,bareilly,8072,8105,34,0
uttar pradesh,basti,8072,8105,34,0
uttar pradesh,bhadohi,8072,8105,34,0
uttar pradesh,bijnor,8072,8105,34,0
uttar pradesh,budaun,8072,8105,34,0
uttar pradesh,bulandshahr,8072,8105,34,0
uttar pradesh,chandauli,8072,8105,34,0
uttar pradesh,chitrakoot,8072,8105,34,0
uttar pradesh,deoria,8072,8105,34,0
uttar pradesh,etah,8072,8105,34,0
uttar pradesh,etawah,8072,8105,34,0
uttar pradesh,farrukhabad,8072,8105,34,0
uttar pradesh,fatehpur,8072,8105,34,0
uttar pradesh,firozabad,8072,8105,34,0
uttar pradesh,gautambuddha nagar,8072,8105,34,0
uttar pradesh,ghaziabad,8072,8105,34,0
uttar pradesh,ghazipur,8072,8105,34,0
uttar pradesh,gonda,8072,8105,34,0
uttar pradesh,gorakhpur,8072,8105,34,0
uttar pradesh,hamirpur,8072,8105,34,0
uttar pradesh,hapur,8072,8105,34,0
uttar pradesh,hardoi,8072,8105,34,0
uttar pradesh,hathras,8072,8105,34,0
uttar pradesh,jalaun,8072,8105,34,0
uttar pradesh,jaunpur,8072,8105,34,0
uttar pradesh,jhansi,8072,8105,34,0
uttar pradesh,kannauj,8072,8105,34,0
uttar pradesh,kanpur dehat,8072,8105,34,0
uttar pradesh,kanpur nagar,8072,8105,34,0
uttar pradesh,kasganj,8072,8105,34,0
uttar pradesh,kaushambi,8072,8105,34,0
uttar pradesh,kushinagar,8072,8105,34,0
uttar pradesh,lakhimpur kheri,8072,8105,34,0
uttar pradesh,lalitpur,8072,8105,34,0
uttar pradesh,lucknow,8072,8105,34,0
uttar pradesh,maharajganj,8072,8105,34,0
uttar pradesh,mahoba,8072,8105,34,0
uttar pradesh,mainpuri,8072,8105,34,0
uttar pradesh,mathura,8072,8105,34,0
uttar pradesh,mau,8072,8105,34,0
uttar pradesh,meerut,8072,8105,34,0
uttar pradesh,mirzapur,8072,8105,34,0
uttar pradesh,moradabad,8072,8105,34,0
uttar pradesh,muzaffarnagar,8072,8105,34,0
uttar pradesh,pilibhit,8072,8105,34,0
uttar pradesh,pratapgarh,8072,8105,34,0
uttar pradesh,prayagraj,8072,8105,34,0
uttar pradesh,raebareli,8072,8105,34,0
uttar pradesh,rampur,8072,8105,34,0
uttar pradesh,saharanpur,8072,8105,34,0
uttar pradesh,sambhal,8072,8105,34,0
uttar pradesh,sant kabir nagar,8072,8105,34,0
uttar pradesh,shahjahanpur,8072,8105,34,0
uttar pradesh,shamli,8072,8105,34,0
uttar pradesh,shravasti,8072,8105,34,0
uttar pradesh,siddharthnagar,8072,8105,34,0
uttar pradesh,sitapur,8072,8105,34,0
uttar pradesh,sonbhadra,8072,8105,34,0
uttar pradesh,sultanpur,8072,8105,34,0
uttar pradesh,unnao,8072,8105,34,0
uttar pradesh,varanasi,8072,8105,34,0
uttarakhand,almora,8072,8105,34,0
uttarakhand,bageshwar,8072,8105,34,0
uttarakhand,chamoli,8072,8105,34,0
uttarakhand,champawat,8072,8105,34,0
uttarakhand,dehradun,8072,8105,34,0
uttarakhand,haridwar,8072,8105,34,0
uttarakhand,nainital,8072,8105,34,0
uttarakhand,pauri garhwal,8072,8105,34,0
uttarakhand,pithoragarh,8072,8105,34,0
uttarakhand,rudraprayag,8072,8105,34,0
uttarakhand,tehri garhwal,8072,8105,34,0
uttarakhand,udham singh nagar,8072,8105,34,0
uttarakhand,uttarkashi,8072,8105,34,0
west bengal,alipurduar,8072,8105,34,0
west bengal,bankura,8072,8105,34,0
west bengal,birbhum,8072,8105,34,0
west bengal,cooch behar,8072,8105,34,0
west bengal,dakshin dinajpur,8072,8105,34,0
west bengal,darjeeling,8072,8105,34,0
west bengal,hooghly,8072,8105,34,0
west bengal,howrah,8072,8105,34,0
west bengal,jalpaiguri,8072,8105,34,0
west bengal,jhargram,8072,8105,34,0
west bengal,kalimpong,8072,8105,34,0
west bengal,kolkata,8072,8105,34,0
west bengal,malda,8072,8105,34,0
west bengal,murshidabad,8072,8105,34,0
west bengal,nadia,8072,8105,34,0
west bengal,north twenty four parganas,8072,8105,34,0
west bengal,paschim bardhaman,8072,8105,34,0
west bengal,paschim medinipur,8072,8105,34,0
west bengal,purba bardhaman,8072,8105,34,0
west bengal,purba medinipur,8072,8105,34,0
west bengal,purulia,8072,8105,34,0
west bengal,south twenty four parganas,8072,8105,34,0
west bengal,uttar dinajpur,8072,8105,34,0
