state,year,quarter,period_id,transaction_count,transaction_amount
andaman & nicobar islands,2018,1,8072,9089,18569126.204451818
andaman & nicobar islands,2018,2,8073,15062,35517275.86434877
andaman & nicobar islands,2018,3,8074,21154,67343424.71247172
andaman & nicobar islands,2018,4,8075,31139,107983057.52065912
andaman & nicobar islands,2019,1,8076,40726,126352730.02408026
andaman & nicobar islands,2019,2,8077,46764,163354796.04235423
andaman & nicobar islands,2019,3,8078,40623,151428296.95221972
andaman & nicobar islands,2019,4,8079,41665,170840663.89588845
andaman & nicobar islands,2020,1,8080,49104,181027348.6617951
andaman & nicobar islands,2020,2,8081,78685,197252557.32084328
andaman & nicobar islands,2020,3,8082,143989,392083841.7156626
andaman & nicobar islands,2020,4,8083,272005,732159322.5032427
andaman & nicobar islands,2021,1,8084,316270,962447873.368161
andaman & nicobar islands,2021,2,8085,457972,1105731027.1761088
andaman & nicobar islands,2021,3,8086,587428,1530805193.8545938
andaman & nicobar islands,2021,4,8087,722741,2012194678.690066
andaman & nicobar islands,2022,1,8088,998495,2453419279.5854826
andaman & nicobar islands,2022,2,8089,1419556,3229468164.9089017
andaman & nicobar islands,2022,3,8090,1876971,3727232315.104086
andaman & nicobar islands,2022,4,8091,2263155,4313612056.401077
andaman & nicobar islands,2023,1,8092,2449897,4656305779.671389
andaman & nicobar islands,2023,2,8093,2939168,5236683780.982016
andaman & nicobar islands,2023,3,8094,3294013,5429583227.211581
andaman & nicobar islands,2023,4,8095,3921213,6538722461.517704
andaman & nicobar islands,2024,1,8096,4328346,7073085032.739111
andaman & nicobar islands,2024,2,8097,4795590,7495263210.120073
andaman & nicobar islands,2024,3,8098,5294506,7666206641.658037
andaman & nicobar islands,2024,4,8099,6079801,8934732725.344223
andaman & nicobar islands,2025,1,8100,6332082,9162142602.949232
andaman & nicobar islands,2025,2,8101,6375269,8893455438.409813
andaman & nicobar islands,2025,3,8102,6731822,8790337988.9711
andaman & nicobar islands,2025,4,8103,7609535,10377697808.657213
andaman & nicobar islands,2026,1,8104,7964501,10927506389.645979
andaman & nicobar islands,2026,2,8105,7753095,10442295042.827309
andhra pradesh,2018,1,8072,10862829,14001071206.72507
andhra pradesh,2018,2,8073,14697368,26355488600.117676
andhra pradesh,2018,3,8074,29262730,40288693498.011696
andhra pradesh,2018,4,8075,35722329,57943164106.786865
andhra pradesh,2019,1,8076,67981444,98042197867.21909
andhra pradesh,2019,2,8077,73241659,144859083315.21857
andhra pradesh,2019,3,8078,93033155,177040315932.09756
andhra pradesh,2019,4,8079,130762980,254283893858.3307
andhra pradesh,2020,1,8080,159186574,328528062231.59393
andhra pradesh,2020,2,8081,176284886,380612306331.30676
andhra pradesh,2020,3,8082,251377109,585395478652.1339
andhra pradesh,2020,4,8083,326093276,760638671029.0725
andhra pradesh,2021,1,8084,360571899,827396576580.57
andhra pradesh,2021,2,8085,450715706,1067722803488.4009
andhra pradesh,2021,3,8086,552469257,1229581784431.981
andhra pradesh,2021,4,8087,576560191,1241105876775.0784
andhra pradesh,2022,1,8088,725554627,1565634867542.4126
andhra pradesh,2022,2,8089,840332341,1793485874297.8623
andhra pradesh,2022,3,8090,956418056,1959402519798.4548
andhra pradesh,2022,4,8091,1030438279,2028666459424.0625
andhra pradesh,2023,1,8092,1138724913,2251807395014.746
andhra pradesh,2023,2,8093,1295037315,2509703988271.9307
andhra pradesh,2023,3,8094,1467644978,2654560419251.27
andhra pradesh,2023,4,8095,1588297806,2811855025318.7295
andhra pradesh,2024,1,8096,1749727590,3018505887112.872
andhra pradesh,2024,2,8097,1920885662,3185673985146.1885
andhra pradesh,2024,3,8098,2086058265,3227507134129.8457
andhra pradesh,2024,4,8099,2292770050,3454536571052.4014
andhra pradesh,2025,1,8100,2422886250,3666795723272.4346
andhra pradesh,2025,2,8101,2530918973,3781520939571.639
andhra pradesh,2025,3,8102,2700328888,3814695548343.5576
andhra pradesh,2025,4,8103,2862709581,4000106326747.966
andhra pradesh,2026,1,8104,3047429835,4349723573013.5205
andhra pradesh,2026,2,8105,3245956863,4623697374921.988
arunachal pradesh,2018,1,8072,56572,112009706.82247925
arunachal pradesh,2018,2,8073,100858,239594007.44920862
arunachal pradesh,2018,3,8074,160327,390349037.86985934
arunachal pradesh,2018,4,8075,222216,597276469.6237385
arunachal pradesh,2019,1,8076,293223,762934389.2826967
arunachal pradesh,2019,2,8077,387295,1070406251.3836615
arunachal pradesh,2019,3,8078,456122,1290611112.9316866
arunachal pradesh,2019,4,8079,570808,1664821348.2619624
arunachal pradesh,2020,1,8080,696142,1928569155.032096
arunachal pradesh,2020,2,8081,972129,2479742352.6607533
arunachal pradesh,2020,3,8082,1160082,3346055621.9050674
arunachal pradesh,2020,4,8083,1393785,4195981781.202884
arunachal pradesh,2021,1,8084,1511740,4824985661.331147
arunachal pradesh,2021,2,8085,2126788,5874285594.840509
arunachal pradesh,2021,3,8086,2552879,7358989851.156297
arunachal pradesh,2021,4,8087,2781103,7765536383.489752
arunachal pradesh,2022,1,8088,3643158,9915850686.493687
arunachal pradesh,2022,2,8089,4904907,12095132402.063713
arunachal pradesh,2022,3,8090,6325455,13636396793.285019
arunachal pradesh,2022,4,8091,7474281,14697638125.945652
arunachal pradesh,2023,1,8092,8416665,16792360774.756207
arunachal pradesh,2023,2,8093,10917104,20359353648.82662
arunachal pradesh,2023,3,8094,13227332,21637138207.620934
arunachal pradesh,2023,4,8095,15084363,24771952971.461708
arunachal pradesh,2024,1,8096,16868525,26693314814.200375
arunachal pradesh,2024,2,8097,20110193,30367049709.014652
arunachal pradesh,2024,3,8098,24519045,31440191935.077065
arunachal pradesh,2024,4,8099,26790106,34929686801.95984
arunachal pradesh,2025,1,8100,28407442,36223848602.66401
arunachal pradesh,2025,2,8101,31151454,38572901830.24858
arunachal pradesh,2025,3,8102,36334234,42295740825.88502
arunachal pradesh,2025,4,8103,36103054,43631000044.51788
arunachal pradesh,2026,1,8104,36174886,43929133553.19525
arunachal pradesh,2026,2,8105,40632514,47494947481.35698
assam,2018,1,8072,1295882,1391575090.9188318
assam,2018,2,8073,1996901,2752709124.016653
assam,2018,3,8074,2726534,4337172377.059211
assam,2018,4,8075,4296227,6693717176.148428
assam,2019,1,8076,4947555,8430938338.259106
assam,2019,2,8077,5585407,10669441203.404137
assam,2019,3,8078,6054473,12546298666.063118
assam,2019,4,8079,6891858,14599084294.48947
assam,2020,1,8080,8674891,18864649389.34545
assam,2020,2,8081,11026960,19908371407.600346
assam,2020,3,8082,11961802,26368491655.51855
assam,2020,4,8083,14784484,36013810212.345345
assam,2021,1,8084,17317732,44333318961.29296
assam,2021,2,8085,22621193,51853860554.972015
assam,2021,3,8086,28693230,64005741457.90784
assam,2021,4,8087,35028733,77820924721.56917
assam,2022,1,8088,50025695,110373718442.02957
assam,2022,2,8089,64800277,127094723035.47563
assam,2022,3,8090,84341513,150673177993.96173
assam,2022,4,8091,97084626,172386294490.2151
assam,2023,1,8092,115216347,212425494987.1329
assam,2023,2,8093,139599202,235261543203.49353
assam,2023,3,8094,168278113,243468041626.96988
assam,2023,4,8095,194352109,285818446041.6975
assam,2024,1,8096,222628994,321206875230.3624
assam,2024,2,8097,274589008,345236981886.75684
assam,2024,3,8098,297749691,333320132729.0125
assam,2024,4,8099,333086043,382282177286.4366
assam,2025,1,8100,381449165,449262511160.80133
assam,2025,2,8101,412522853,444019860093.2911
assam,2025,3,8102,454562374,444477731627.2193
assam,2025,4,8103,468795161,468243373408.78876
assam,2026,1,8104,503481347,522964731937.307
assam,2026,2,8105,549125066,519696079352.86957
bihar,2018,1,8072,7267806,7318769108.557262
bihar,2018,2,8073,10434579,15988264138.119148
bihar,2018,3,8074,16507213,23175783209.3531
bihar,2018,4,8075,18324599,32563096733.8254
bihar,2019,1,8076,28578223,44383537984.84218
bihar,2019,2,8077,29212818,61070184415.5835
bihar,2019,3,8078,29692696,64038814257.19348
bihar,2019,4,8079,40967886,89108176121.19955
bihar,2020,1,8080,44056833,106616037981.9359
bihar,2020,2,8081,53954783,130329505836.33133
bihar,2020,3,8082,72779613,175427345182.79007
bihar,2020,4,8083,97696608,239429081339.50946
bihar,2021,1,8084,111690707,277382314169.3477
bihar,2021,2,8085,152928387,374306226227.0451
bihar,2021,3,8086,184812122,398169200251.47766
bihar,2021,4,8087,211595139,455873110665.51166
bihar,2022,1,8088,279365074,607780285452.8403
bihar,2022,2,8089,350987405,741819444963.2347
bihar,2022,3,8090,398081452,747732795859.8962
bihar,2022,4,8091,478561642,881147256455.3129
bihar,2023,1,8092,557298485,1037888852800.0654
bihar,2023,2,8093,698546493,1224912261750.1792
bihar,2023,3,8094,743992914,1148004167584.6228
bihar,2023,4,8095,939309620,1436863360578.1116
bihar,2024,1,8096,1086107837,1633842288997.5242
bihar,2024,2,8097,1321734729,1878213500138.2026
bihar,2024,3,8098,1354611186,1774925561306.6208
bihar,2024,4,8099,1559808519,2092918508999.367
bihar,2025,1,8100,1530666231,2084046921423.7925
bihar,2025,2,8101,1793785807,2356277702190.085
bihar,2025,3,8102,1804002017,2130102112192.274
bihar,2025,4,8103,2022586363,2442715459709.96
bihar,2026,1,8104,2098602814,2537338892793.637
bihar,2026,2,8105,2289051873,2678141315406.1562
chandigarh,2018,1,8072,223975,393507115.84811443
chandigarh,2018,2,8073,319560,664062457.5527933
chandigarh,2018,3,8074,417919,971597704.0881219
chandigarh,2018,4,8075,603259,1354040230.1718202
chandigarh,2019,1,8076,876820,1678862941.0300002
chandigarh,2019,2,8077,1081281,2214484682.804943
chandigarh,2019,3,8078,1428205,2696336857.265588
chandigarh,2019,4,8079,1663318,3246646185.7316084
chandigarh,2020,1,8080,1776530,3334833902.532528
chandigarh,2020,2,8081,1098495,2233114743.327046
chandigarh,2020,3,8082,1787111,3631987949.8054485
chandigarh,2020,4,8083,2610842,4860838678.860598
chandigarh,2021,1,8084,3291014,5639239470.444478
chandigarh,2021,2,8085,3336924,5688419002.539844
chandigarh,2021,3,8086,4795459,7498822383.4005165
chandigarh,2021,4,8087,5012587,7760737879.59054
chandigarh,2022,1,8088,6026078,9061038154.153315
chandigarh,2022,2,8089,7761882,10624481178.149662
chandigarh,2022,3,8090,9175146,12189515329.976696
chandigarh,2022,4,8091,9744704,12720512772.5428
chandigarh,2023,1,8092,10182795,13320740709.154438
chandigarh,2023,2,8093,12002645,15001734621.098116
chandigarh,2023,3,8094,13514642,15978579212.550114
chandigarh,2023,4,8095,13784981,16915170140.23735
chandigarh,2024,1,8096,13667061,16541090390.048546
chandigarh,2024,2,8097,16570280,18298504093.428207
chandigarh,2024,3,8098,17830482,19398464952.299725
chandigarh,2024,4,8099,18645893,20631840726.069115
chandigarh,2025,1,8100,19931215,21239542165.21637
chandigarh,2025,2,8101,20255468,21185658828.05371
chandigarh,2025,3,8102,22149566,22397711070.192337
chandigarh,2025,4,8103,22627910,23861736668.233253
chandigarh,2026,1,8104,22820289,23784456763.001396
chandigarh,2026,2,8105,25137055,25233291728.69225
chhattisgarh,2018,1,8072,2308574,2600414470.835706
chhattisgarh,2018,2,8073,3380470,5020388075.196792
chhattisgarh,2018,3,8074,4512546,7219788715.082321
chhattisgarh,2018,4,8075,6353226,10755271064.359688
chhattisgarh,2019,1,8076,8806110,13924157587.499626
chhattisgarh,2019,2,8077,10141906,18246258174.340855
chhattisgarh,2019,3,8078,12460140,21416627955.839325
chhattisgarh,2019,4,8079,16357293,28463127103.098198
chhattisgarh,2020,1,8080,19093394,32590895619.612717
chhattisgarh,2020,2,8081,21009112,37624391296.12829
chhattisgarh,2020,3,8082,28282693,50717527358.68874
chhattisgarh,2020,4,8083,39804658,71088111288.6268
chhattisgarh,2021,1,8084,48630460,85037921799.0683
chhattisgarh,2021,2,8085,57474912,98787017765.85956
chhattisgarh,2021,3,8086,80717872,128856725337.29623
chhattisgarh,2021,4,8087,90986070,142897547581.29657
chhattisgarh,2022,1,8088,118651612,188186021689.86618
chhattisgarh,2022,2,8089,143649650,217141086234.92676
chhattisgarh,2022,3,8090,168777635,232335130975.735
chhattisgarh,2022,4,8091,192641774,267162792319.1936
chhattisgarh,2023,1,8092,214685457,299544060546.12585
chhattisgarh,2023,2,8093,250168113,331458751118.9755
chhattisgarh,2023,3,8094,283570782,349234131102.0796
chhattisgarh,2023,4,8095,322561838,404263598492.0149
chhattisgarh,2024,1,8096,366651062,463030150974.65735
chhattisgarh,2024,2,8097,412497773,495339525982.10114
chhattisgarh,2024,3,8098,443141845,495927695118.55237
chhattisgarh,2024,4,8099,500033921,575372077008.4672
chhattisgarh,2025,1,8100,498714795,585636844581.983
chhattisgarh,2025,2,8101,530238048,584957150370.3911
chhattisgarh,2025,3,8102,567750078,579430366109.4929
chhattisgarh,2025,4,8103,605701118,639303988608.5961
chhattisgarh,2026,1,8104,625441700,681983078745.7452
chhattisgarh,2026,2,8105,646201571,678401352461.2666
dadra & nagar haveli & daman & diu,2018,1,8072,175749,203738508.32623297
dadra & nagar haveli & daman & diu,2018,2,8073,233330,339720413.4266238
dadra & nagar haveli & daman & diu,2018,3,8074,327117,494728286.08063436
dadra & nagar haveli & daman & diu,2018,4,8075,460719,718948346.7433174
dadra & nagar haveli & daman & diu,2019,1,8076,765460,972578611.6164718
dadra & nagar haveli & daman & diu,2019,2,8077,660479,1087297036.7210982
dadra & nagar haveli & daman & diu,2019,3,8078,754087,1278812027.1439939
dadra & nagar haveli & daman & diu,2019,4,8079,916877,1615369595.516838
dadra & nagar haveli & daman & diu,2020,1,8080,1059367,1783068099.6136131
dadra & nagar haveli & daman & diu,2020,2,8081,1128692,1665874471.905149
dadra & nagar haveli & daman & diu,2020,3,8082,1381590,2246553945.8118267
dadra & nagar haveli & daman & diu,2020,4,8083,2074476,3117756826.203451
dadra & nagar haveli & daman & diu,2021,1,8084,2468208,3719731952.6275053
dadra & nagar haveli & daman & diu,2021,2,8085,2814882,4058213192.3616095
dadra & nagar haveli & daman & diu,2021,3,8086,4130800,5487801996.985148
dadra & nagar haveli & daman & diu,2021,4,8087,4718714,6073199177.991066
dadra & nagar haveli & daman & diu,2022,1,8088,6099780,7630083652.340666
dadra & nagar haveli & daman & diu,2022,2,8089,7431344,8548899697.35703
dadra & nagar haveli & daman & diu,2022,3,8090,9167713,10016928620.567108
dadra & nagar haveli & daman & diu,2022,4,8091,10667542,11210383267.660694
dadra & nagar haveli & daman & diu,2023,1,8092,11627938,12184562485.612377
dadra & nagar haveli & daman & diu,2023,2,8093,13139339,13293978308.32088
dadra & nagar haveli & daman & diu,2023,3,8094,14946369,14582297017.60117
dadra & nagar haveli & daman & diu,2023,4,8095,17850712,16983535180.430668
dadra & nagar haveli & daman & diu,2024,1,8096,20353556,18765466590.83841
dadra & nagar haveli & daman & diu,2024,2,8097,22527545,19470526075.93761
dadra & nagar haveli & daman & diu,2024,3,8098,24452181,20598707213.18743
dadra & nagar haveli & daman & diu,2024,4,8099,27354023,22905248328.83792
dadra & nagar haveli & daman & diu,2025,1,8100,27107809,22346971352.215958
dadra & nagar haveli & daman & diu,2025,2,8101,28225351,23146137014.55257
dadra & nagar haveli & daman & diu,2025,3,8102,31444001,24673354040.591118
dadra & nagar haveli & daman & diu,2025,4,8103,32546677,26195111187.06368
dadra & nagar haveli & daman & diu,2026,1,8104,33719156,26943767275.15291
dadra & nagar haveli & daman & diu,2026,2,8105,33036223,26552512651.741745
delhi,2018,1,8072,4861388,8271371793.392628
delhi,2018,2,8073,6889986,13364589444.285055
delhi,2018,3,8074,12574966,19957898704.19008
delhi,2018,4,8075,24850974,31024643827.81318
delhi,2019,1,8076,36894345,44300658315.162735
delhi,2019,2,8077,43013774,58968863487.081665
delhi,2019,3,8078,55742193,76468995159.52313
delhi,2019,4,8079,62548835,93652030961.80515
delhi,2020,1,8080,64918068,101297919304.47128
delhi,2020,2,8081,52441310,81000333616.01228
delhi,2020,3,8082,73862510,129779470523.62761
delhi,2020,4,8083,101260942,177739597368.565
delhi,2021,1,8084,120153276,205668430518.44977
delhi,2021,2,8085,121471283,202501475643.4478
delhi,2021,3,8086,172751582,288115773262.44116
delhi,2021,4,8087,180172118,312145482478.9022
delhi,2022,1,8088,223152158,376375724015.03375
delhi,2022,2,8089,280662698,443015534922.1724
delhi,2022,3,8090,336144494,507114703182.28174
delhi,2022,4,8091,365023307,556037697335.6055
delhi,2023,1,8092,408284405,611515329918.7366
delhi,2023,2,8093,479877785,661524275756.0029
delhi,2023,3,8094,544463265,707384902988.8572
delhi,2023,4,8095,595978737,800033234390.3937
delhi,2024,1,8096,648689028,833026878275.8525
delhi,2024,2,8097,774314356,895745968493.4221
delhi,2024,3,8098,844711512,960894810351.4745
delhi,2024,4,8099,910091437,1058824541586.6793
delhi,2025,1,8100,946994561,1075695710049.5652
delhi,2025,2,8101,988353361,1059397596251.9786
delhi,2025,3,8102,1069317276,1110313539978.9946
delhi,2025,4,8103,1087983371,1170618652301.9897
delhi,2026,1,8104,1087780733,1157725625834.733
delhi,2026,2,8105,1171904826,1176560966476.9006
goa,2018,1,8072,183383,349066357.90028584
goa,2018,2,8073,257510,535602446.42051774
goa,2018,3,8074,376513,784750606.0741248
goa,2018,4,8075,579647,1267443769.8483543
goa,2019,1,8076,869079,1729283766.1123345
goa,2019,2,8077,1066466,2165028896.673666
goa,2019,3,8078,1351959,2683370624.34643
goa,2019,4,8079,1901461,3915138021.176736
goa,2020,1,8080,2308644,4491991521.593598
goa,2020,2,8081,1740286,2715145069.5507383
goa,2020,3,8082,2133105,3765761100.712038
goa,2020,4,8083,4146283,7565195670.719751
goa,2021,1,8084,6169621,11178477599.490131
goa,2021,2,8085,5343431,8784725625.06963
goa,2021,3,8086,7417529,11618809271.817026
goa,2021,4,8087,11465988,18743523947.17128
goa,2022,1,8088,13928876,21935946828.799046
goa,2022,2,8089,16022094,24878187518.779408
goa,2022,3,8090,17781281,25811794705.68304
goa,2022,4,8091,23220664,33502458362.18222
goa,2023,1,8092,24526280,35270734819.251785
goa,2023,2,8093,26864800,38615163972.77406
goa,2023,3,8094,27248674,37450380521.6337
goa,2023,4,8095,33643920,44395207299.52843
goa,2024,1,8096,35146111,45445685425.66287
goa,2024,2,8097,37182439,47519409391.04823
goa,2024,3,8098,36966358,45991002795.0858
goa,2024,4,8099,46318894,56637741193.07748
goa,2025,1,8100,49193973,58807211950.65007
goa,2025,2,8101,45771675,55369449580.35414
goa,2025,3,8102,46150727,54338864093.71546
goa,2025,4,8103,52951592,63813316867.88237
goa,2026,1,8104,55169116,67324007480.50716
goa,2026,2,8105,55208797,69089808304.2454
gujarat,2018,1,8072,6635512,8197590210.3636875
gujarat,2018,2,8073,8576111,13039616415.945614
gujarat,2018,3,8074,12242103,18865469253.16249
gujarat,2018,4,8075,16308079,26472137603.705414
gujarat,2019,1,8076,26455226,36847763352.85492
gujarat,2019,2,8077,27791578,46130544795.746445
gujarat,2019,3,8078,36868399,55866174464.90448
gujarat,2019,4,8079,41410517,73077071811.67056
gujarat,2020,1,8080,47012185,84177281289.14142
gujarat,2020,2,8081,44779825,70966369720.57262
gujarat,2020,3,8082,58773255,107948689525.47961
gujarat,2020,4,8083,77350802,145043226247.8315
gujarat,2021,1,8084,92994867,178693454967.36502
gujarat,2021,2,8085,108741359,203060508004.0047
gujarat,2021,3,8086,146565806,266874951666.12268
gujarat,2021,4,8087,155616570,290763968555.83673
gujarat,2022,1,8088,202167410,375175981366.9569
gujarat,2022,2,8089,242865983,425192027731.0801
gujarat,2022,3,8090,298170347,492460968385.96
gujarat,2022,4,8091,329074518,548039488289.37463
gujarat,2023,1,8092,369002002,602862655965.1804
gujarat,2023,2,8093,425451706,650588973801.5613
gujarat,2023,3,8094,485612014,713336692583.1819
gujarat,2023,4,8095,542379120,803395243183.7517
gujarat,2024,1,8096,614098314,881020106441.8213
gujarat,2024,2,8097,701921455,919028632147.8857
gujarat,2024,3,8098,763687586,970256325961.4185
gujarat,2024,4,8099,831355510,1082230469473.0231
gujarat,2025,1,8100,902261206,1110857728436.5906
gujarat,2025,2,8101,919508876,1074252324352.9222
gujarat,2025,3,8102,1045353791,1155632518250.8823
gujarat,2025,4,8103,1048194862,1234864382391.2158
gujarat,2026,1,8104,1127537297,1294388577019.7559
gujarat,2026,2,8105,1157902686,1297688887688.3652
haryana,2018,1,8072,5044397,7580699902.527901
haryana,2018,2,8073,6867153,12521529537.944519
haryana,2018,3,8074,9035319,17864845143.183334
haryana,2018,4,8075,14526062,27650255494.451317
haryana,2019,1,8076,25636840,38591994904.580345
haryana,2019,2,8077,28298601,51094727148.558624
haryana,2019,3,8078,36134187,62880149756.33475
haryana,2019,4,8079,44740993,82429204420.11588
haryana,2020,1,8080,51339201,94252119542.41226
haryana,2020,2,8081,46499694,89232924843.01035
haryana,2020,3,8082,67366856,128348575809.31851
haryana,2020,4,8083,91338622,176138927815.97955
haryana,2021,1,8084,105784676,194682830151.4549
haryana,2021,2,8085,124382433,232312577411.7166
haryana,2021,3,8086,165765789,279337569622.5245
haryana,2021,4,8087,172725358,309594718962.4182
haryana,2022,1,8088,220541832,382682595071.275
haryana,2022,2,8089,271267385,444207427107.7095
haryana,2022,3,8090,325918974,499123302373.1108
haryana,2022,4,8091,346421564,550189071738.4247
haryana,2023,1,8092,382428292,593038018688.3391
haryana,2023,2,8093,458437725,663139120171.8699
haryana,2023,3,8094,502016327,679488272348.9021
haryana,2023,4,8095,555795275,786452421039.6418
haryana,2024,1,8096,606097991,811854562422.356
haryana,2024,2,8097,740372930,909199344753.5066
haryana,2024,3,8098,797331124,927213659244.7268
haryana,2024,4,8099,844101306,1035939449839.3926
haryana,2025,1,8100,857633744,1042384562755.8115
haryana,2025,2,8101,941499109,1093601683082.2201
haryana,2025,3,8102,1011816347,1098443930838.6355
haryana,2025,4,8103,1025189236,1197344182785.4304
haryana,2026,1,8104,1030869286,1183521834050.4062
haryana,2026,2,8105,1130714938,1263508678455.987
himachal pradesh,2018,1,8072,532148,653574896.6591835
himachal pradesh,2018,2,8073,752625,1221455463.8391795
himachal pradesh,2018,3,8074,983069,1754538049.2417238
himachal pradesh,2018,4,8075,1486465,2782592809.741012
himachal pradesh,2019,1,8076,2315161,3423445243.3702383
himachal pradesh,2019,2,8077,2594858,4771816578.540387
himachal pradesh,2019,3,8078,2800215,5428453807.341392
himachal pradesh,2019,4,8079,3593015,6985396691.332533
himachal pradesh,2020,1,8080,4235511,7195985019.600036
himachal pradesh,2020,2,8081,4848448,7841832501.0697975
himachal pradesh,2020,3,8082,5877958,10905705832.23328
himachal pradesh,2020,4,8083,7648490,14312857828.542429
himachal pradesh,2021,1,8084,8416756,15284058641.692795
himachal pradesh,2021,2,8085,10673405,18003833831.481735
himachal pradesh,2021,3,8086,12997641,22459107257.73033
himachal pradesh,2021,4,8087,13750261,23742042055.622837
himachal pradesh,2022,1,8088,16563694,26739954514.571903
himachal pradesh,2022,2,8089,22234130,33881003865.982437
himachal pradesh,2022,3,8090,24383236,35641730907.87379
himachal pradesh,2022,4,8091,27607097,38681552816.71495
himachal pradesh,2023,1,8092,28591197,38288728154.99783
himachal pradesh,2023,2,8093,36965811,47592612549.69776
himachal pradesh,2023,3,8094,34725152,42559427469.09868
himachal pradesh,2023,4,8095,40615274,49155662459.05554
himachal pradesh,2024,1,8096,40811785,48667221254.53458
himachal pradesh,2024,2,8097,54506909,60644407062.34276
himachal pradesh,2024,3,8098,50250250,56752036636.12981
himachal pradesh,2024,4,8099,54095801,63783710820.24858
himachal pradesh,2025,1,8100,57676428,63527597457.03926
himachal pradesh,2025,2,8101,63902910,68743474561.78065
himachal pradesh,2025,3,8102,60321591,63475574844.56685
himachal pradesh,2025,4,8103,62902497,71816498201.72183
himachal pradesh,2026,1,8104,62733321,69091806359.40977
himachal pradesh,2026,2,8105,74853009,82068147069.82556
jammu & kashmir,2018,1,8072,656163,592623090.2033798
jammu & kashmir,2018,2,8073,1086777,1213266618.9379668
jammu & kashmir,2018,3,8074,1277209,2141341083.7828207
jammu & kashmir,2018,4,8075,1268516,3101815416.7378845
jammu & kashmir,2019,1,8076,1828165,3498272585.7855463
jammu & kashmir,2019,2,8077,2119162,5403213176.7618475
jammu & kashmir,2019,3,8078,947784,3026506976.758377
jammu & kashmir,2019,4,8079,272081,1153430776.5641694
jammu & kashmir,2020,1,8080,852425,2717731573.0984516
jammu & kashmir,2020,2,8081,2478234,7385817104.091432
jammu & kashmir,2020,3,8082,3263787,10448451928.001057
jammu & kashmir,2020,4,8083,5697218,13861828201.924194
jammu & kashmir,2021,1,8084,6819001,14689457308.71754
jammu & kashmir,2021,2,8085,9759120,19030309332.015205
jammu & kashmir,2021,3,8086,12146768,25141751151.745125
jammu & kashmir,2021,4,8087,13451800,27038608302.84806
jammu & kashmir,2022,1,8088,16932419,31916535500.418865
jammu & kashmir,2022,2,8089,24566238,43852978538.412926
jammu & kashmir,2022,3,8090,30956037,52238599727.460464
jammu & kashmir,2022,4,8091,37429141,54950573837.60637
jammu & kashmir,2023,1,8092,42238384,56989379844.37264
jammu & kashmir,2023,2,8093,59065448,77930824657.73734
jammu & kashmir,2023,3,8094,67501820,87600579308.04288
jammu & kashmir,2023,4,8095,73674593,94888368455.39261
jammu & kashmir,2024,1,8096,77789259,94972171992.32114
jammu & kashmir,2024,2,8097,112089466,130230163165.34396
jammu & kashmir,2024,3,8098,121217339,144846888446.57068
jammu & kashmir,2024,4,8099,127341972,160964790491.79785
jammu & kashmir,2025,1,8100,132457102,150194823534.5383
jammu & kashmir,2025,2,8101,155749073,166352644525.11493
jammu & kashmir,2025,3,8102,163198940,177365135331.55194
jammu & kashmir,2025,4,8103,161467965,188185882406.2973
jammu & kashmir,2026,1,8104,154466958,172634617938.55566
jammu & kashmir,2026,2,8105,187742125,203028380125.5166
jharkhand,2018,1,8072,2678000,2859566816.5828524
jharkhand,2018,2,8073,3756004,5562125948.332726
jharkhand,2018,3,8074,9200318,9973432389.379925
jharkhand,2018,4,8075,7195365,11735730521.996979
jharkhand,2019,1,8076,10723720,15422660565.0615
jharkhand,2019,2,8077,11813006,21079454312.56851
jharkhand,2019,3,8078,15944483,23997376549.448486
jharkhand,2019,4,8079,20545968,31768782167.634148
jharkhand,2020,1,8080,20690673,38005984652.31631
jharkhand,2020,2,8081,22126359,41175811278.05409
jharkhand,2020,3,8082,31367125,59164756770.200226
jharkhand,2020,4,8083,43790272,80715425964.23326
jharkhand,2021,1,8084,52349920,96054296641.15721
jharkhand,2021,2,8085,65088355,122250011704.13626
jharkhand,2021,3,8086,85440030,143139149140.78366
jharkhand,2021,4,8087,100429690,168572076881.3144
jharkhand,2022,1,8088,130487443,222356236530.36456
jharkhand,2022,2,8089,158327616,259653640097.40186
jharkhand,2022,3,8090,184873084,273793546041.3701
jharkhand,2022,4,8091,213455622,317476716109.8493
jharkhand,2023,1,8092,242977596,367883618513.0067
jharkhand,2023,2,8093,292499192,422886248541.147
jharkhand,2023,3,8094,321102668,419546015678.4694
jharkhand,2023,4,8095,379383888,501952800000.8065
jharkhand,2024,1,8096,429954770,561811929005.2913
jharkhand,2024,2,8097,502445409,621011595298.2496
jharkhand,2024,3,8098,522434285,608392838021.0088
jharkhand,2024,4,8099,586522767,702617568253.4089
jharkhand,2025,1,8100,599394968,738251651951.271
jharkhand,2025,2,8101,665832499,788657303063.193
jharkhand,2025,3,8102,695043900,751683222013.4165
jharkhand,2025,4,8103,739371210,826388939131.4963
jharkhand,2026,1,8104,764591317,875924845949.5278
jharkhand,2026,2,8105,815309961,908972692433.1243
karnataka,2018,1,8072,11259403,17637623160.251854
karnataka,2018,2,8073,16008698,30747418632.821686
karnataka,2018,3,8074,23401492,43888971406.79382
karnataka,2018,4,8075,42808188,67783584568.181816
karnataka,2019,1,8076,84657050,114709621136.2433
karnataka,2019,2,8077,119618345,168764960519.15936
karnataka,2019,3,8078,179767497,222928023150.4122
karnataka,2019,4,8079,246189422,306446917780.66754
karnataka,2020,1,8080,278198437,365544124508.5454
karnataka,2020,2,8081,212551929,323323995220.1348
karnataka,2020,3,8082,300996207,475946166041.82654
karnataka,2020,4,8083,428937584,656829679389.3723
karnataka,2021,1,8084,521967299,752831794629.573
karnataka,2021,2,8085,527810680,831158630288.7233
karnataka,2021,3,8086,746649773,1121937537110.1548
karnataka,2021,4,8087,801331486,1182460315270.1006
karnataka,2022,1,8088,1035726006,1526632375838.833
karnataka,2022,2,8089,1261631220,1828098602933.223
karnataka,2022,3,8090,1499846853,2033196715924.187
karnataka,2022,4,8091,1636914664,2207804195613.2246
karnataka,2023,1,8092,1832273719,2470385672596.304
karnataka,2023,2,8093,2052780671,2779793686048.242
karnataka,2023,3,8094,2357608666,2985013622701.8813
karnataka,2023,4,8095,2550471370,3249475283077.739
karnataka,2024,1,8096,2786714019,3491284543661.434
karnataka,2024,2,8097,3029221824,3786672027453.246
karnataka,2024,3,8098,3259303462,3911831838299.791
karnataka,2024,4,8099,3457573836,4158667439552.8296
karnataka,2025,1,8100,3729923285,4428287746523.693
karnataka,2025,2,8101,3730080830,4479122979444.309
karnataka,2025,3,8102,3852915704,4385483377903.0444
karnataka,2025,4,8103,4064289183,4658806848239.615
karnataka,2026,1,8104,4228148988,4953796605453.972
karnataka,2026,2,8105,4491711923,5292341222754.296
kerala,2018,1,8072,1825372,2419982815.1613374
kerala,2018,2,8073,2318135,3784132744.6722517
kerala,2018,3,8074,3089723,5223931290.203843
kerala,2018,4,8075,4444604,7775997131.858362
kerala,2019,1,8076,6612793,10360769392.460655
kerala,2019,2,8077,7662538,13417623455.490543
kerala,2019,3,8078,9633567,17115421520.797838
kerala,2019,4,8079,12974136,22014232923.56272
kerala,2020,1,8080,15435048,25568200637.84075
kerala,2020,2,8081,15681152,22928754785.609818
kerala,2020,3,8082,22302087,39547903350.2505
kerala,2020,4,8083,34407413,57569923779.03198
kerala,2021,1,8084,43831729,71423214754.64795
kerala,2021,2,8085,49530478,76654377740.94525
kerala,2021,3,8086,66171196,105680340079.37677
kerala,2021,4,8087,74793487,111505022241.01321
kerala,2022,1,8088,96434007,139999474580.00208
kerala,2022,2,8089,109257505,155452076681.6139
kerala,2022,3,8090,133133217,179785817262.17734
kerala,2022,4,8091,145153196,188993126385.9121
kerala,2023,1,8092,148764769,194875581991.6593
kerala,2023,2,8093,157861037,209357724479.30676
kerala,2023,3,8094,171587063,220873954649.31503
kerala,2023,4,8095,181170722,226951463919.4792
kerala,2024,1,8096,182097703,228424493895.03046
kerala,2024,2,8097,195529557,242690651335.99054
kerala,2024,3,8098,215505960,258924474745.4031
kerala,2024,4,8099,233271669,274488300829.11725
kerala,2025,1,8100,247777357,291529845374.05835
kerala,2025,2,8101,237505468,282921500230.21344
kerala,2025,3,8102,260965876,301251443344.1678
kerala,2025,4,8103,281159658,316856950664.97546
kerala,2026,1,8104,284616383,327358436194.98
kerala,2026,2,8105,294649816,335501492227.256
ladakh,2018,1,8072,7733,15241000.350078736
ladakh,2018,2,8073,18412,56386931.460005626
ladakh,2018,3,8074,30349,97489777.85152242
ladakh,2018,4,8075,44498,157126695.5508374
ladakh,2019,1,8076,60270,187343278.23590055
ladakh,2019,2,8077,103394,370592586.9056551
ladakh,2019,3,8078,121018,472038870.3422937
ladakh,2019,4,8079,113210,464502753.7020103
ladakh,2020,1,8080,149508,528768954.05518544
ladakh,2020,2,8081,196402,704881827.1637564
ladakh,2020,3,8082,291625,1137269183.6259084
ladakh,2020,4,8083,400254,1364250617.5120263
ladakh,2021,1,8084,400146,1350829015.2245107
ladakh,2021,2,8085,650578,2108362311.0630236
ladakh,2021,3,8086,929963,3194633089.416123
ladakh,2021,4,8087,857639,2662955792.650712
ladakh,2022,1,8088,991962,2920273909.8131056
ladakh,2022,2,8089,1690971,4971962008.286831
ladakh,2022,3,8090,2078286,5792916606.523451
ladakh,2022,4,8091,1936688,4657431512.900627
ladakh,2023,1,8092,1882925,4287184387.0438447
ladakh,2023,2,8093,3396028,7790389777.205618
ladakh,2023,3,8094,4065626,8966210701.853298
ladakh,2023,4,8095,3523487,7515335519.66155
ladakh,2024,1,8096,3253441,6588273640.862362
ladakh,2024,2,8097,5691939,10732962147.415825
ladakh,2024,3,8098,6963228,12732979334.10912
ladakh,2024,4,8099,5732422,10928747032.72503
ladakh,2025,1,8100,4829929,8573236123.000704
ladakh,2025,2,8101,7653712,12456512178.718197
ladakh,2025,3,8102,8782266,14123088628.170713
ladakh,2025,4,8103,6343728,11502761378.19001
ladakh,2026,1,8104,5780356,9734397006.12715
ladakh,2026,2,8105,9257425,15460287202.182652
lakshadweep,2018,1,8072,1124,3053772.2105995324
lakshadweep,2018,2,8073,2875,8629831.452342758
lakshadweep,2018,3,8074,2676,7647500.449565986
lakshadweep,2018,4,8075,3019,9506907.55399945
lakshadweep,2019,1,8076,4622,15684901.402080331
lakshadweep,2019,2,8077,5608,16590874.568089645
lakshadweep,2019,3,8078,5310,16856067.000797197
lakshadweep,2019,4,8079,6097,19723480.776782963
lakshadweep,2020,1,8080,8729,26322589.50098286
lakshadweep,2020,2,8081,11502,30917214.412092242
lakshadweep,2020,3,8082,13906,37809773.97093214
lakshadweep,2020,4,8083,17672,47628614.570741504
lakshadweep,2021,1,8084,16065,49159946.33657811
lakshadweep,2021,2,8085,20788,49741657.90632099
lakshadweep,2021,3,8086,24627,71786359.45006213
lakshadweep,2021,4,8087,25317,80761077.71397853
lakshadweep,2022,1,8088,30348,100573065.28366517
lakshadweep,2022,2,8089,33079,98136938.13431954
lakshadweep,2022,3,8090,34974,100075631.86162713
lakshadweep,2022,4,8091,37014,107487767.57716052
lakshadweep,2023,1,8092,43520,120064282.06789017
lakshadweep,2023,2,8093,50557,135198933.54788214
lakshadweep,2023,3,8094,61690,127653819.3961912
lakshadweep,2023,4,8095,96514,176451021.5524603
lakshadweep,2024,1,8096,120325,194003286.42437226
lakshadweep,2024,2,8097,161844,213925009.20390275
lakshadweep,2024,3,8098,183660,214944305.44486734
lakshadweep,2024,4,8099,228820,279685503.6960153
lakshadweep,2025,1,8100,286444,330371406.7975748
lakshadweep,2025,2,8101,282186,285436602.3281379
lakshadweep,2025,3,8102,295580,269362417.0022364
lakshadweep,2025,4,8103,326937,328386753.1594286
lakshadweep,2026,1,8104,351993,352164967.7721263
lakshadweep,2026,2,8105,371196,370577513.7308949
madhya pradesh,2018,1,8072,8614129,9240858109.528643
madhya pradesh,2018,2,8073,11249274,16791412396.439934
madhya pradesh,2018,3,8074,18062698,25331787718.834587
madhya pradesh,2018,4,8075,22807607,35619617648.65941
madhya pradesh,2019,1,8076,38928866,49298676966.62583
madhya pradesh,2019,2,8077,41244464,67755802214.78655
madhya pradesh,2019,3,8078,54896351,79071968085.57455
madhya pradesh,2019,4,8079,71003068,108819575634.9737
madhya pradesh,2020,1,8080,80393376,128103419316.96422
madhya pradesh,2020,2,8081,75708003,145115611014.9742
madhya pradesh,2020,3,8082,105895534,198051918982.3343
madhya pradesh,2020,4,8083,147699496,269845055092.3077
madhya pradesh,2021,1,8084,187447068,319696045419.14996
madhya pradesh,2021,2,8085,203308974,393063852579.44696
madhya pradesh,2021,3,8086,286544938,471043596822.1968
madhya pradesh,2021,4,8087,321167679,527428491137.57495
madhya pradesh,2022,1,8088,418657344,670680907516.0426
madhya pradesh,2022,2,8089,490063972,789356451377.2751
madhya pradesh,2022,3,8090,564992533,805308274469.1998
madhya pradesh,2022,4,8091,640668697,939572408725.7617
madhya pradesh,2023,1,8092,730638617,1058319171944.054
madhya pradesh,2023,2,8093,843782510,1197411249860.0825
madhya pradesh,2023,3,8094,974634662,1234399612492.1458
madhya pradesh,2023,4,8095,1098779303,1426823070181.1738
madhya pradesh,2024,1,8096,1283443129,1626171196855.5493
madhya pradesh,2024,2,8097,1432136665,1777347668076.4536
madhya pradesh,2024,3,8098,1534489500,1759428066717.689
madhya pradesh,2024,4,8099,1681877662,2001212724870.6377
madhya pradesh,2025,1,8100,1723435663,2033055917651.601
madhya pradesh,2025,2,8101,1837319230,2168370196643.178
madhya pradesh,2025,3,8102,1980337761,2098642107160.6836
madhya pradesh,2025,4,8103,2101082439,2331864870681.1763
madhya pradesh,2026,1,8104,2186611174,2424177486736.081
madhya pradesh,2026,2,8105,2283838085,2568376073176.965
maharashtra,2018,1,8072,15771297,20616284599.60267
maharashtra,2018,2,8073,21707384,34569981679.03545
maharashtra,2018,3,8074,30786153,50334957437.10378
maharashtra,2018,4,8075,45715147,76570396171.72795
maharashtra,2019,1,8076,73874732,107583453017.91046
maharashtra,2019,2,8077,99331337,147421594256.61255
maharashtra,2019,3,8078,148759948,194352348539.17316
maharashtra,2019,4,8079,196478271,260156648249.87997
maharashtra,2020,1,8080,233758463,308295755638.30304
maharashtra,2020,2,8081,180429884,281354616792.98035
maharashtra,2020,3,8082,259184002,417445438172.2079
maharashtra,2020,4,8083,397059155,598117839589.4216
maharashtra,2021,1,8084,488141386,712800108227.8447
maharashtra,2021,2,8085,533231187,829232878614.5254
maharashtra,2021,3,8086,734586580,1040338295534.0461
maharashtra,2021,4,8087,821255563,1161752565942.6445
maharashtra,2022,1,8088,1069812670,1484934108466.9033
maharashtra,2022,2,8089,1272760072,1740994209212.3047
maharashtra,2022,3,8090,1481906141,1915987311841.3394
maharashtra,2022,4,8091,1659335577,2150909817409.1558
maharashtra,2023,1,8092,1843209645,2363317566724.5234
maharashtra,2023,2,8093,2058432368,2604704587837.528
maharashtra,2023,3,8094,2288748568,2753519460899.4004
maharashtra,2023,4,8095,2568566942,3105786845149.348
maharashtra,2024,1,8096,2831435504,3382002942775.5654
maharashtra,2024,2,8097,3056537192,3575026518542.9116
maharashtra,2024,3,8098,3286087251,3690379263272.1494
maharashtra,2024,4,8099,3634900999,4152526918695.738
maharashtra,2025,1,8100,3904534550,4335348832646.413
maharashtra,2025,2,8101,4035923246,4459847561600.475
maharashtra,2025,3,8102,4306180488,4500210515384.953
maharashtra,2025,4,8103,4618105060,4956544899176.127
maharashtra,2026,1,8104,4829477429,5179476090387.984
maharashtra,2026,2,8105,5064451991,5465176553156.582
manipur,2018,1,8072,104908,152517177.2974037
manipur,2018,2,8073,184930,296675858.0878379
manipur,2018,3,8074,219782,436231935.4022121
manipur,2018,4,8075,285294,690125762.2015524
manipur,2019,1,8076,322920,790454446.3704455
manipur,2019,2,8077,367371,985994013.9163172
manipur,2019,3,8078,412093,1155501039.9430437
manipur,2019,4,8079,511743,1456426016.7193756
manipur,2020,1,8080,606999,1627281632.673866
manipur,2020,2,8081,879294,2154620599.909894
manipur,2020,3,8082,1043328,2794156258.2445955
manipur,2020,4,8083,1186202,3644196614.1382523
manipur,2021,1,8084,1151135,3880846919.5235186
manipur,2021,2,8085,1435977,4129039191.3406844
manipur,2021,3,8086,1772255,5444167085.189641
manipur,2021,4,8087,1782570,5545169786.397645
manipur,2022,1,8088,2257271,6964838004.509034
manipur,2022,2,8089,2451327,7208227925.014736
manipur,2022,3,8090,2976452,8100189981.03102
manipur,2022,4,8091,3217150,8403643887.5143385
manipur,2023,1,8092,3435277,8751539696.43811
manipur,2023,2,8093,1700053,4552576250.751693
manipur,2023,3,8094,904737,3670828688.5792255
manipur,2023,4,8095,2203468,6907044662.760012
manipur,2024,1,8096,3974022,9381643367.636852
manipur,2024,2,8097,5268375,11040117731.12242
manipur,2024,3,8098,5806055,11771760861.082079
manipur,2024,4,8099,5798310,12139401338.364204
manipur,2025,1,8100,7775142,14315138066.16877
manipur,2025,2,8101,8600635,14869751104.220009
manipur,2025,3,8102,9804471,16224673451.813852
manipur,2025,4,8103,9815029,16462749477.20841
manipur,2026,1,8104,10234367,17003536000.669716
manipur,2026,2,8105,10459691,16979159239.826668
meghalaya,2018,1,8072,57738,76092836.20456234
meghalaya,2018,2,8073,79675,131316474.46133497
meghalaya,2018,3,8074,123884,233167830.81494468
meghalaya,2018,4,8075,182356,368078549.99460316
meghalaya,2019,1,8076,233798,446378841.01343787
meghalaya,2019,2,8077,280284,589604772.2250164
meghalaya,2019,3,8078,326183,724948653.2435663
meghalaya,2019,4,8079,373215,841717696.7390778
meghalaya,2020,1,8080,440231,985286898.5929303
meghalaya,2020,2,8081,628610,1103805615.6365817
meghalaya,2020,3,8082,692059,1513957555.3695621
meghalaya,2020,4,8083,836361,2026601308.7769709
meghalaya,2021,1,8084,895045,2367708528.6778736
meghalaya,2021,2,8085,1126432,2534515849.849267
meghalaya,2021,3,8086,1354216,3204114778.4993167
meghalaya,2021,4,8087,1558644,3952050835.0893
meghalaya,2022,1,8088,2011337,5366114455.583481
meghalaya,2022,2,8089,2495929,6101621809.718108
meghalaya,2022,3,8090,3224648,7207201086.186328
meghalaya,2022,4,8091,3625736,8280326984.293905
meghalaya,2023,1,8092,4171750,9672439462.99083
meghalaya,2023,2,8093,5103808,10680548971.431965
meghalaya,2023,3,8094,5927576,11034725792.028677
meghalaya,2023,4,8095,7120043,13509073095.121254
meghalaya,2024,1,8096,8252199,14955862694.89056
meghalaya,2024,2,8097,10990422,16079921304.581762
meghalaya,2024,3,8098,12096435,16187154478.952517
meghalaya,2024,4,8099,13993116,19537014744.836548
meghalaya,2025,1,8100,15566407,21882492467.99372
meghalaya,2025,2,8101,17304246,21913728757.238136
meghalaya,2025,3,8102,19876141,25631760302.720753
meghalaya,2025,4,8103,19837650,25907174026.51288
meghalaya,2026,1,8104,19926435,23441855945.13065
meghalaya,2026,2,8105,22400813,24333710508.62982
mizoram,2018,1,8072,22181,53160735.45542757
mizoram,2018,2,8073,31560,94300176.91130026
mizoram,2018,3,8074,45614,129714622.12975365
mizoram,2018,4,8075,66234,213839671.52367637
mizoram,2019,1,8076,85219,256961523.2200399
mizoram,2019,2,8077,100958,321899390.5114357
mizoram,2019,3,8078,114147,356730288.3142443
mizoram,2019,4,8079,144316,463491574.6950983
mizoram,2020,1,8080,179537,512023794.8715464
mizoram,2020,2,8081,227158,577686076.9074495
mizoram,2020,3,8082,282613,817121389.324712
mizoram,2020,4,8083,352855,1096221440.2761316
mizoram,2021,1,8084,384386,1265644701.42484
mizoram,2021,2,8085,469489,1293398978.7225688
mizoram,2021,3,8086,555934,1666750165.8631315
mizoram,2021,4,8087,565002,1762778939.6199198
mizoram,2022,1,8088,676714,2163424217.0168552
mizoram,2022,2,8089,735958,2227243030.2535167
mizoram,2022,3,8090,872923,2421358158.8989
mizoram,2022,4,8091,1018730,2778304892.2491627
mizoram,2023,1,8092,1116672,3027223071.995682
mizoram,2023,2,8093,1286147,3263852337.1969995
mizoram,2023,3,8094,1371224,3167055400.83658
mizoram,2023,4,8095,1576249,3621619372.125742
mizoram,2024,1,8096,1688924,3701436431.5462136
mizoram,2024,2,8097,2072275,3870351855.01451
mizoram,2024,3,8098,2395117,3942297215.9296303
mizoram,2024,4,8099,2686856,4470132241.848989
mizoram,2025,1,8100,3214911,4988579857.496769
mizoram,2025,2,8101,3398805,4779116210.284388
mizoram,2025,3,8102,3951837,5101955955.165985
mizoram,2025,4,8103,4103095,5608639114.970993
mizoram,2026,1,8104,4151140,5847542175.098959
mizoram,2026,2,8105,4630626,6078019513.264366
nagaland,2018,1,8072,52459,93045812.18725257
nagaland,2018,2,8073,82859,188284254.35889083
nagaland,2018,3,8074,117956,289452939.43801266
nagaland,2018,4,8075,173326,459578755.86046314
nagaland,2019,1,8076,214053,552573719.187345
nagaland,2019,2,8077,269720,724857602.930112
nagaland,2019,3,8078,318274,885863908.279764
nagaland,2019,4,8079,387002,1129891007.1426184
nagaland,2020,1,8080,457785,1216640719.3733199
nagaland,2020,2,8081,613591,1494171970.2284145
nagaland,2020,3,8082,767214,2071980086.1068025
nagaland,2020,4,8083,851689,2766834171.7933636
nagaland,2021,1,8084,877753,2906783684.0056076
nagaland,2021,2,8085,1107351,3195473116.112031
nagaland,2021,3,8086,1316726,4091491954.330838
nagaland,2021,4,8087,1369793,4397011067.663409
nagaland,2022,1,8088,1709875,5276073879.483517
nagaland,2022,2,8089,1974012,5909718802.434075
nagaland,2022,3,8090,2397145,6778968160.648544
nagaland,2022,4,8091,2580507,7441611698.7912445
nagaland,2023,1,8092,2834148,8050868360.056755
nagaland,2023,2,8093,3091461,8263465628.271147
nagaland,2023,3,8094,3581630,8858677977.630177
nagaland,2023,4,8095,3953388,9905355331.48168
nagaland,2024,1,8096,4412466,10241734675.10108
nagaland,2024,2,8097,5897170,11252050159.141838
nagaland,2024,3,8098,7127882,12302746336.824575
nagaland,2024,4,8099,7952281,13952768833.676888
nagaland,2025,1,8100,8417655,13854930060.290958
nagaland,2025,2,8101,9457413,14024796338.65173
nagaland,2025,3,8102,11180872,15195878604.305132
nagaland,2025,4,8103,11172635,16432361934.488552
nagaland,2026,1,8104,11029965,16014395834.15149
nagaland,2026,2,8105,12358326,16371304304.889984
odisha,2018,1,8072,7048986,5532172856.319677
odisha,2018,2,8073,9547287,9915788853.374897
odisha,2018,3,8074,33773146,26439174825.05436
odisha,2018,4,8075,23730246,26644806732.25345
odisha,2019,1,8076,37193760,38343233060.509186
odisha,2019,2,8077,30088286,44732976144.56491
odisha,2019,3,8078,40800846,56988076003.73456
odisha,2019,4,8079,65679564,80400377264.45883
odisha,2020,1,8080,54421577,92843181623.98956
odisha,2020,2,8081,50392152,90886955389.31903
odisha,2020,3,8082,69038595,127503888471.30423
odisha,2020,4,8083,94873191,182755800341.008
odisha,2021,1,8084,115094652,220742131430.68103
odisha,2021,2,8085,138225698,259055016593.60217
odisha,2021,3,8086,183365656,315250260342.66077
odisha,2021,4,8087,212268637,349960811331.7029
odisha,2022,1,8088,268911728,461602495894.72363
odisha,2022,2,8089,322378227,525877207233.302
odisha,2022,3,8090,380594298,559830322281.8159
odisha,2022,4,8091,425780932,632323496876.2422
odisha,2023,1,8092,480048713,753356890534.1677
odisha,2023,2,8093,540567279,798613320310.5529
odisha,2023,3,8094,620854881,840399944380.947
odisha,2023,4,8095,730012056,981621827380.3324
odisha,2024,1,8096,862406808,1157247753533.8687
odisha,2024,2,8097,941735991,1163541947521.4395
odisha,2024,3,8098,1022988856,1175753144610.859
odisha,2024,4,8099,1141695660,1304112411134.0796
odisha,2025,1,8100,1174428178,1414655279863.243
odisha,2025,2,8101,1253470101,1383287521722.9543
odisha,2025,3,8102,1314272318,1387578878544.61
odisha,2025,4,8103,1405458809,1488758944141.9893
odisha,2026,1,8104,1487851895,1697499511605.2278
odisha,2026,2,8105,1523130010,1666312139398.4292
puducherry,2018,1,8072,106212,167573456.07454073
puducherry,2018,2,8073,128321,287317471.5783924
puducherry,2018,3,8074,186869,415949662.45048106
puducherry,2018,4,8075,317336,629583184.6702774
puducherry,2019,1,8076,497729,890540067.5128368
puducherry,2019,2,8077,579081,1156468427.4018884
puducherry,2019,3,8078,765031,1462124362.8365593
puducherry,2019,4,8079,1092326,1963177051.3888311
puducherry,2020,1,8080,1319437,2300219163.043279
puducherry,2020,2,8081,1040762,1827425177.4942698
puducherry,2020,3,8082,1545591,2884349251.874382
puducherry,2020,4,8083,2534435,4357050361.95191
puducherry,2021,1,8084,3128221,5316493350.2404785
puducherry,2021,2,8085,3236303,5392106422.861448
puducherry,2021,3,8086,4590304,7468860247.675983
puducherry,2021,4,8087,4932923,7719396424.895111
puducherry,2022,1,8088,6354587,9877119182.394363
puducherry,2022,2,8089,7489973,11295663383.730684
puducherry,2022,3,8090,8848397,12834141844.970497
puducherry,2022,4,8091,9748055,13613642032.366386
puducherry,2023,1,8092,10217489,14216402974.75116
puducherry,2023,2,8093,11193638,15361823627.269354
puducherry,2023,3,8094,12464709,16421645570.85983
puducherry,2023,4,8095,13074652,17039512522.583828
puducherry,2024,1,8096,13519970,17400403122.85509
puducherry,2024,2,8097,14610867,18221014500.6219
puducherry,2024,3,8098,15821171,19306627903.40757
puducherry,2024,4,8099,16376815,19752651111.941074
puducherry,2025,1,8100,17612711,21168624734.74836
puducherry,2025,2,8101,17496015,20741481980.74739
puducherry,2025,3,8102,18401595,21280880580.336613
puducherry,2025,4,8103,18857093,21817658916.471947
puducherry,2026,1,8104,19790951,23200917884.88138
puducherry,2026,2,8105,20671909,23907680131.681885
punjab,2018,1,8072,2152570,3144283659.55326
punjab,2018,2,8073,2932771,5247370432.120748
punjab,2018,3,8074,3874407,7787076149.215161
punjab,2018,4,8075,5490558,11861935853.584469
punjab,2019,1,8076,7829874,14541052478.294441
punjab,2019,2,8077,8907341,18919188553.255802
punjab,2019,3,8078,11034661,23019351919.045273
punjab,2019,4,8079,13980727,29882043953.982292
punjab,2020,1,8080,15697948,31954421122.46702
punjab,2020,2,8081,14203459,29836650185.539894
punjab,2020,3,8082,17887958,41042955723.14191
punjab,2020,4,8083,23593701,54527944550.72394
punjab,2021,1,8084,27470162,59753193346.677505
punjab,2021,2,8085,32681997,70282984186.27884
punjab,2021,3,8086,41656204,84329568328.41077
punjab,2021,4,8087,44390425,94107319933.46066
punjab,2022,1,8088,55588571,113838148481.78015
punjab,2022,2,8089,69470142,131238733411.7305
punjab,2022,3,8090,85348374,152008684618.77896
punjab,2022,4,8091,94706019,172026389446.46945
punjab,2023,1,8092,98153837,175864657816.9519
punjab,2023,2,8093,119012408,194504179995.89307
punjab,2023,3,8094,132850814,205330761365.49872
punjab,2023,4,8095,143440826,231847076209.30914
punjab,2024,1,8096,143173269,224139049661.6971
punjab,2024,2,8097,172858419,244763570598.0551
punjab,2024,3,8098,188314209,257089702260.87024
punjab,2024,4,8099,200012060,289869668332.55743
punjab,2025,1,8100,214700898,303581644145.82666
punjab,2025,2,8101,219581044,296629559177.728
punjab,2025,3,8102,238293965,304307748393.4016
punjab,2025,4,8103,250577223,346479689165.021
punjab,2026,1,8104,256961583,349778644051.6034
punjab,2026,2,8105,282364073,369629734686.83813
rajasthan,2018,1,8072,9272437,10593171156.518475
rajasthan,2018,2,8073,11883013,18090200568.257637
rajasthan,2018,3,8074,16464948,27314548840.20022
rajasthan,2018,4,8075,24362909,42987736624.69517
rajasthan,2019,1,8076,48143566,65499410518.32512
rajasthan,2019,2,8077,50086588,86638751323.82938
rajasthan,2019,3,8078,65929301,108541401685.51715
rajasthan,2019,4,8079,83291120,153381418752.1703
rajasthan,2020,1,8080,99812994,183459625889.9085
rajasthan,2020,2,8081,98305260,184398456319.7787
rajasthan,2020,3,8082,143008603,280234259657.3222
rajasthan,2020,4,8083,184672061,370817106324.81665
rajasthan,2021,1,8084,240954777,468471366342.2837
rajasthan,2021,2,8085,274437184,536307861093.09106
rajasthan,2021,3,8086,384071639,686772090114.5065
rajasthan,2021,4,8087,410190115,765489774059.7771
rajasthan,2022,1,8088,535528877,971889889959.4716
rajasthan,2022,2,8089,620679225,1085864980526.7068
rajasthan,2022,3,8090,737030782,1197697051891.4873
rajasthan,2022,4,8091,820996227,1381577028127.7593
rajasthan,2023,1,8092,919098766,1551787489613.533
rajasthan,2023,2,8093,1073092744,1694556785190.1575
rajasthan,2023,3,8094,1237044429,1798770149235.0293
rajasthan,2023,4,8095,1350966019,2070058351728.4211
rajasthan,2024,1,8096,1600558212,2352706512651.676
rajasthan,2024,2,8097,1818703650,2493535347251.073
rajasthan,2024,3,8098,1932844563,2470834793957.131
rajasthan,2024,4,8099,2040641000,2791321648381.9277
rajasthan,2025,1,8100,2035097242,2747039392692.4717
rajasthan,2025,2,8101,2180404184,2831640614175.032
rajasthan,2025,3,8102,2323608156,2778203819923.9854
rajasthan,2025,4,8103,2359791146,3062398766099.9033
rajasthan,2026,1,8104,2435127309,3091642766729.338
rajasthan,2026,2,8105,2553428529,3189512812270.483
sikkim,2018,1,8072,52422,76553394.47007194
sikkim,2018,2,8073,87348,165371421.67374858
sikkim,2018,3,8074,124034,264307338.56030768
sikkim,2018,4,8075,181845,431701308.0315608
sikkim,2019,1,8076,233031,479741568.5013781
sikkim,2019,2,8077,298432,708397197.301439
sikkim,2019,3,8078,333701,791314969.2661016
sikkim,2019,4,8079,409087,1004355162.7638068
sikkim,2020,1,8080,459577,1060247749.2178302
sikkim,2020,2,8081,547369,1206404024.7125049
sikkim,2020,3,8082,639577,1543361489.5177724
sikkim,2020,4,8083,778335,2085958059.255025
sikkim,2021,1,8084,879693,2440814120.1876507
sikkim,2021,2,8085,1064819,2607900949.033514
sikkim,2021,3,8086,1295143,3285177951.9864945
sikkim,2021,4,8087,1498091,3929709746.243639
sikkim,2022,1,8088,1834534,4527630666.266523
sikkim,2022,2,8089,2512240,5966964957.632882
sikkim,2022,3,8090,2904465,6064289653.488258
sikkim,2022,4,8091,3192928,6611574174.825417
sikkim,2023,1,8092,3401499,6708361128.239864
sikkim,2023,2,8093,4437602,8547336154.627519
sikkim,2023,3,8094,4740161,8003122189.827261
sikkim,2023,4,8095,4842501,8557427285.088291
sikkim,2024,1,8096,5735877,9346992815.650896
sikkim,2024,2,8097,7126004,11164052278.025002
sikkim,2024,3,8098,7837835,10648114552.763342
sikkim,2024,4,8099,9021976,12713819912.906326
sikkim,2025,1,8100,9852470,12680467274.809103
sikkim,2025,2,8101,11156835,14199545657.211315
sikkim,2025,3,8102,11881826,13872661117.52092
sikkim,2025,4,8103,12122190,14542438211.103767
sikkim,2026,1,8104,13287804,15967341009.509085
sikkim,2026,2,8105,14956244,18254633450.45656
tamil nadu,2018,1,8072,4923891,8755842361.469446
tamil nadu,2018,2,8073,7129251,15152943528.927313
tamil nadu,2018,3,8074,10812101,22361948450.27646
tamil nadu,2018,4,8075,17123273,33652624050.336956
tamil nadu,2019,1,8076,25178515,46065559235.41664
tamil nadu,2019,2,8077,30904172,60589725794.408585
tamil nadu,2019,3,8078,40615165,75113047933.86618
tamil nadu,2019,4,8079,54273375,95902389590.0488
tamil nadu,2020,1,8080,65118379,110698166875.72932
tamil nadu,2020,2,8081,50385378,87932439310.76688
tamil nadu,2020,3,8082,70529798,138538123385.73276
tamil nadu,2020,4,8083,112119794,204191947116.8283
tamil nadu,2021,1,8084,135702280,245293582891.245
tamil nadu,2021,2,8085,142941858,255693504471.958
tamil nadu,2021,3,8086,200552172,356208315248.4176
tamil nadu,2021,4,8087,218792102,374419414326.7141
tamil nadu,2022,1,8088,278047655,483121547982.56067
tamil nadu,2022,2,8089,338126426,560768519721.7483
tamil nadu,2022,3,8090,403676932,647127117674.8535
tamil nadu,2022,4,8091,435288054,674950927795.2251
tamil nadu,2023,1,8092,468044832,720402614621.3375
tamil nadu,2023,2,8093,504160429,781360465422.6838
tamil nadu,2023,3,8094,558715546,835710063991.9968
tamil nadu,2023,4,8095,597821132,878172648141.2632
tamil nadu,2024,1,8096,643084591,917459762316.2546
tamil nadu,2024,2,8097,707377354,987216265047.3883
tamil nadu,2024,3,8098,781508176,1053834607664.4268
tamil nadu,2024,4,8099,822940769,1091410271995.0776
tamil nadu,2025,1,8100,875704481,1133708906375.8745
tamil nadu,2025,2,8101,880043623,1133253062425.902
tamil nadu,2025,3,8102,954438805,1187233386639.0696
tamil nadu,2025,4,8103,982036878,1229082839335.558
tamil nadu,2026,1,8104,1015223360,1291277296711.4182
tamil nadu,2026,2,8105,1049292967,1316704395266.6187
telangana,2018,1,8072,9340974,14059023660.623735
telangana,2018,2,8073,11544276,24401325668.781406
telangana,2018,3,8074,19955785,33180363175.151356
telangana,2018,4,8075,30393583,51158381363.15648
telangana,2019,1,8076,64813405,93511348877.08844
telangana,2019,2,8077,81454985,137682802492.51328
telangana,2019,3,8078,114112049,178114733596.80167
telangana,2019,4,8079,152510054,249883165634.61353
telangana,2020,1,8080,177329550,318131593325.3983
telangana,2020,2,8081,138326729,285827211219.7179
telangana,2020,3,8082,207472326,428781682179.9675
telangana,2020,4,8083,321839483,640618169487.1467
telangana,2021,1,8084,392460349,745675476381.9314
telangana,2021,2,8085,461066776,943090363047.5881
telangana,2021,3,8086,592741458,1102647432922.4187
telangana,2021,4,8087,642408303,1206831019294.7505
telangana,2022,1,8088,820292794,1529608338617.9746
telangana,2022,2,8089,993209224,1792476811489.9426
telangana,2022,3,8090,1161232661,2003594734268.4893
telangana,2022,4,8091,1298732509,2182810144779.9902
telangana,2023,1,8092,1424621673,2371715741378.491
telangana,2023,2,8093,1644044462,2696606763836.345
telangana,2023,3,8094,1861859423,2865813600979.7666
telangana,2023,4,8095,2006013823,3121625949371.093
telangana,2024,1,8096,2170233621,3207009337042.48
telangana,2024,2,8097,2403883290,3461907722592.297
telangana,2024,3,8098,2607828990,3549548031458.4165
telangana,2024,4,8099,2824258573,3859512144223.8027
telangana,2025,1,8100,2957671238,4011827575951.1895
telangana,2025,2,8101,3044459287,4177136892219.811
telangana,2025,3,8102,3228865085,4188712492031.4736
telangana,2025,4,8103,3485116309,4541925564459.137
telangana,2026,1,8104,3571187698,4713863651916.881
telangana,2026,2,8105,3878232440,5128045744092.112
tripura,2018,1,8072,184069,166034070.60133272
tripura,2018,2,8073,262983,281717097.5101464
tripura,2018,3,8074,446745,527779192.51871157
tripura,2018,4,8075,538364,726298399.8778081
tripura,2019,1,8076,722617,930951274.7847986
tripura,2019,2,8077,787181,1193045264.9864974
tripura,2019,3,8078,880275,1426665779.1088414
tripura,2019,4,8079,1017662,1684739442.0514455
tripura,2020,1,8080,1129990,2057977801.9370825
tripura,2020,2,8081,1253367,2215013181.2374315
tripura,2020,3,8082,1676998,3165287940.7535105
tripura,2020,4,8083,1967767,3877627429.5468283
tripura,2021,1,8084,2012544,4367162381.678455
tripura,2021,2,8085,2428946,4660359423.354675
tripura,2021,3,8086,2876416,5802800784.247176
tripura,2021,4,8087,2997566,6336990350.00956
tripura,2022,1,8088,3841505,8167021603.850515
tripura,2022,2,8089,4598026,8963681349.511333
tripura,2022,3,8090,5814252,11009012067.584843
tripura,2022,4,8091,6360774,11623038234.726625
tripura,2023,1,8092,7564973,13869349810.241547
tripura,2023,2,8093,8518239,14533054884.912336
tripura,2023,3,8094,9631541,15862091659.466682
tripura,2023,4,8095,10707618,17538263497.053307
tripura,2024,1,8096,11581499,18535441026.607567
tripura,2024,2,8097,13492767,18847582110.315292
tripura,2024,3,8098,14575406,20044092205.04162
tripura,2024,4,8099,16034582,22499864071.518784
tripura,2025,1,8100,18622077,25016887005.832375
tripura,2025,2,8101,18753226,23151519446.559258
tripura,2025,3,8102,20791893,25461605416.507072
tripura,2025,4,8103,20913736,25744145782.637417
tripura,2026,1,8104,22097250,27676418661.486366
tripura,2026,2,8105,22862994,26743110330.736546
uttar pradesh,2018,1,8072,14786466,15841767520.712673
uttar pradesh,2018,2,8073,20337966,28765798204.423042
uttar pradesh,2018,3,8074,29327534,40693763120.758385
uttar pradesh,2018,4,8075,40312896,60754036465.70648
uttar pradesh,2019,1,8076,64046373,84430169656.88228
uttar pradesh,2019,2,8077,67580108,110293020020.75023
uttar pradesh,2019,3,8078,76672707,123828842522.57431
uttar pradesh,2019,4,8079,97385189,162877433939.99805
uttar pradesh,2020,1,8080,108112889,190863464183.66577
uttar pradesh,2020,2,8081,110306561,195404454299.56982
uttar pradesh,2020,3,8082,141565257,273741446015.2779
uttar pradesh,2020,4,8083,191598396,380442192615.8421
uttar pradesh,2021,1,8084,227417493,433880828404.01526
uttar pradesh,2021,2,8085,273728175,536955159535.7084
uttar pradesh,2021,3,8086,350675338,627645749576.7488
uttar pradesh,2021,4,8087,400725104,752059552950.346
uttar pradesh,2022,1,8088,521369445,955324276610.6467
uttar pradesh,2022,2,8089,655438792,1150071386489.6924
uttar pradesh,2022,3,8090,775761504,1224796014974.3357
uttar pradesh,2022,4,8091,890097755,1446927383901.7651
uttar pradesh,2023,1,8092,1011060339,1635880038405.158
uttar pradesh,2023,2,8093,1220844008,1835097474392.2053
uttar pradesh,2023,3,8094,1361433436,1863230615478.421
uttar pradesh,2023,4,8095,1577265501,2264890592908.507
uttar pradesh,2024,1,8096,1794266530,2483961606826.365
uttar pradesh,2024,2,8097,2144136082,2705836943014.7227
uttar pradesh,2024,3,8098,2285132385,2715325163720.8394
uttar pradesh,2024,4,8099,2542936824,3210878904579.125
uttar pradesh,2025,1,8100,2618333992,3288600991414.496
uttar pradesh,2025,2,8101,2874104324,3364968247717.4697
uttar pradesh,2025,3,8102,2995994617,3220415579009.7754
uttar pradesh,2025,4,8103,3206270064,3696522346306.7783
uttar pradesh,2026,1,8104,3294478040,3761378430097.705
uttar pradesh,2026,2,8105,3665306240,3938705461574.024
uttarakhand,2018,1,8072,1451113,1711189177.2167993
uttarakhand,2018,2,8073,1963467,3023055876.683943
uttarakhand,2018,3,8074,2523526,4119317467.9760265
uttarakhand,2018,4,8075,3625698,6268906600.516947
uttarakhand,2019,1,8076,6519708,8342691139.590234
uttarakhand,2019,2,8077,6345096,10996460352.932467
uttarakhand,2019,3,8078,6691016,12093509975.50256
uttarakhand,2019,4,8079,8590151,15233913544.563915
uttarakhand,2020,1,8080,9726841,16698596159.683369
uttarakhand,2020,2,8081,9154035,15661272266.921104
uttarakhand,2020,3,8082,12900421,23631778724.122528
uttarakhand,2020,4,8083,18918942,33134968485.444317
uttarakhand,2021,1,8084,21980872,37055782980.02542
uttarakhand,2021,2,8085,25376378,41298099649.73271
uttarakhand,2021,3,8086,33180604,52164580069.14418
uttarakhand,2021,4,8087,36913646,57949052739.9576
uttarakhand,2022,1,8088,45265588,69248100029.00323
uttarakhand,2022,2,8089,60660502,88219812501.76044
uttarakhand,2022,3,8090,68009292,92527276762.59744
uttarakhand,2022,4,8091,75301900,102012862486.52225
uttarakhand,2023,1,8092,80316638,106914144085.76015
uttarakhand,2023,2,8093,104119321,133676491393.38852
uttarakhand,2023,3,8094,106784950,128515385224.72354
uttarakhand,2023,4,8095,119107620,148205383109.23837
uttarakhand,2024,1,8096,123880004,150315536371.2102
uttarakhand,2024,2,8097,159360860,180260957246.1923
uttarakhand,2024,3,8098,159497485,173415603155.37198
uttarakhand,2024,4,8099,171212380,194796895719.51297
uttarakhand,2025,1,8100,175355250,193302070369.7801
uttarakhand,2025,2,8101,202578174,215937765623.93585
uttarakhand,2025,3,8102,197711630,198250402920.4244
uttarakhand,2025,4,8103,203745180,220079294173.82812
uttarakhand,2026,1,8104,204739014,217602962797.85297
uttarakhand,2026,2,8105,247026782,255234602776.51517
west bengal,2018,1,8072,10151521,7623652076.70104
west bengal,2018,2,8073,16783697,14426440347.675003
west bengal,2018,3,8074,54031451,38668036734.002266
west bengal,2018,4,8075,33555072,33751269225.912643
west bengal,2019,1,8076,43101342,42921381534.937065
west bengal,2019,2,8077,44580900,54718845209.54506
west bengal,2019,3,8078,60043951,66423789032.74228
west bengal,2019,4,8079,90948911,82930838430.99612
west bengal,2020,1,8080,63993554,91566525988.34715
west bengal,2020,2,8081,58763095,99278377224.57706
west bengal,2020,3,8082,78767654,147424950291.97803
west bengal,2020,4,8083,101265149,194248152966.42114
west bengal,2021,1,8084,115001959,231129225939.18713
west bengal,2021,2,8085,138748743,266671675321.52402
west bengal,2021,3,8086,175901327,344476718379.314
west bengal,2021,4,8087,189761882,385851696670.8897
west bengal,2022,1,8088,244077613,512176281443.31213
west bengal,2022,2,8089,298813188,605707035569.897
west bengal,2022,3,8090,364129324,695665215498.2949
west bengal,2022,4,8091,400458936,749746367003.5804
west bengal,2023,1,8092,468933668,898862460705.0684
west bengal,2023,2,8093,557201653,1011853593979.1373
west bengal,2023,3,8094,642154264,1073507229812.2742
west bengal,2023,4,8095,747788359,1253569329663.2058
west bengal,2024,1,8096,843082236,1422966170005.288
west bengal,2024,2,8097,988799648,1545997993108.2922
west bengal,2024,3,8098,1091000362,1608053446947.104
west bengal,2024,4,8099,1230402184,1810747542010.678
west bengal,2025,1,8100,1304050364,1913847338922.7925
west bengal,2025,2,8101,1410547289,1934976510103.9966
west bengal,2025,3,8102,1534941462,1981771949298.0732
west bengal,2025,4,8103,1595670079,2082769866475.0676
west bengal,2026,1,8104,1691843395,2280769839448.3564
west bengal,2026,2,8105,1782353009,2211838113700.3
