state,year,quarter,period_id,registered_users
andaman & nicobar islands,2018,1,8072,9292
andaman & nicobar islands,2018,2,8073,12739
andaman & nicobar islands,2018,3,8074,15949
andaman & nicobar islands,2018,4,8075,20050
andaman & nicobar islands,2019,1,8076,24369
andaman & nicobar islands,2019,2,8077,28099
andaman & nicobar islands,2019,3,8078,31181
andaman & nicobar islands,2019,4,8079,33871
andaman & nicobar islands,2020,1,8080,36875
andaman & nicobar islands,2020,2,8081,41393
andaman & nicobar islands,2020,3,8082,50005
andaman & nicobar islands,2020,4,8083,61520
andaman & nicobar islands,2021,1,8084,69111
andaman & nicobar islands,2021,2,8085,77369
andaman & nicobar islands,2021,3,8086,85547
andaman & nicobar islands,2021,4,8087,94375
andaman & nicobar islands,2022,1,8088,102605
andaman & nicobar islands,2022,2,8089,111074
andaman & nicobar islands,2022,3,8090,119671
andaman & nicobar islands,2022,4,8091,127606
andaman & nicobar islands,2023,1,8092,134328
andaman & nicobar islands,2023,2,8093,141172
andaman & nicobar islands,2023,3,8094,148091
andaman & nicobar islands,2023,4,8095,155470
andaman & nicobar islands,2024,1,8096,162750
andaman & nicobar islands,2024,2,8097,170651
andaman & nicobar islands,2024,3,8098,178309
andaman & nicobar islands,2024,4,8099,184669
andaman & nicobar islands,2025,1,8100,190713
andaman & nicobar islands,2025,2,8101,196844
andaman & nicobar islands,2025,3,8102,203056
andaman & nicobar islands,2025,4,8103,209295
andaman & nicobar islands,2026,1,8104,214818
andaman & nicobar islands,2026,2,8105,220759
andhra pradesh,2018,1,8072,2979027
andhra pradesh,2018,2,8073,3941740
andhra pradesh,2018,3,8074,4841052
andhra pradesh,2018,4,8075,6134766
andhra pradesh,2019,1,8076,7399826
andhra pradesh,2019,2,8077,8379878
andhra pradesh,2019,3,8078,9369779
andhra pradesh,2019,4,8079,10528985
andhra pradesh,2020,1,8080,11664133
andhra pradesh,2020,2,8081,12828761
andhra pradesh,2020,3,8082,14049378
andhra pradesh,2020,4,8083,15263807
andhra pradesh,2021,1,8084,16309736
andhra pradesh,2021,2,8085,17327874
andhra pradesh,2021,3,8086,18380260
andhra pradesh,2021,4,8087,19405303
andhra pradesh,2022,1,8088,20341205
andhra pradesh,2022,2,8089,21272937
andhra pradesh,2022,3,8090,22199210
andhra pradesh,2022,4,8091,23102641
andhra pradesh,2023,1,8092,23903359
andhra pradesh,2023,2,8093,24687258
andhra pradesh,2023,3,8094,25473637
andhra pradesh,2023,4,8095,26160960
andhra pradesh,2024,1,8096,26931791
andhra pradesh,2024,2,8097,27773775
andhra pradesh,2024,3,8098,28578957
andhra pradesh,2024,4,8099,29497544
andhra pradesh,2025,1,8100,30313656
andhra pradesh,2025,2,8101,31181805
andhra pradesh,2025,3,8102,32097241
andhra pradesh,2025,4,8103,32906085
andhra pradesh,2026,1,8104,33598777
andhra pradesh,2026,2,8105,34327612
arunachal pradesh,2018,1,8072,26660
arunachal pradesh,2018,2,8073,39517
arunachal pradesh,2018,3,8074,53503
arunachal pradesh,2018,4,8075,71555
arunachal pradesh,2019,1,8076,88991
arunachal pradesh,2019,2,8077,108855
arunachal pradesh,2019,3,8078,128047
arunachal pradesh,2019,4,8079,146946
arunachal pradesh,2020,1,8080,169049
arunachal pradesh,2020,2,8081,198449
arunachal pradesh,2020,3,8082,228945
arunachal pradesh,2020,4,8083,257285
arunachal pradesh,2021,1,8084,279538
arunachal pradesh,2021,2,8085,303657
arunachal pradesh,2021,3,8086,327708
arunachal pradesh,2021,4,8087,353110
arunachal pradesh,2022,1,8088,378277
arunachal pradesh,2022,2,8089,406742
arunachal pradesh,2022,3,8090,436558
arunachal pradesh,2022,4,8091,465208
arunachal pradesh,2023,1,8092,493307
arunachal pradesh,2023,2,8093,521967
arunachal pradesh,2023,3,8094,552339
arunachal pradesh,2023,4,8095,584620
arunachal pradesh,2024,1,8096,623413
arunachal pradesh,2024,2,8097,670071
arunachal pradesh,2024,3,8098,712965
arunachal pradesh,2024,4,8099,743265
arunachal pradesh,2025,1,8100,772957
arunachal pradesh,2025,2,8101,803428
arunachal pradesh,2025,3,8102,834455
arunachal pradesh,2025,4,8103,865553
arunachal pradesh,2026,1,8104,894421
arunachal pradesh,2026,2,8105,951240
assam,2018,1,8072,449118
assam,2018,2,8073,669433
assam,2018,3,8074,900297
assam,2018,4,8075,1200972
assam,2019,1,8076,1461630
assam,2019,2,8077,1719942
assam,2019,3,8078,1997575
assam,2019,4,8079,2240183
assam,2020,1,8080,2534072
assam,2020,2,8081,2938372
assam,2020,3,8082,3266212
assam,2020,4,8083,3615153
assam,2021,1,8084,3929145
assam,2021,2,8085,4267940
assam,2021,3,8086,4661558
assam,2021,4,8087,5099567
assam,2022,1,8088,5551092
assam,2022,2,8089,6021618
assam,2022,3,8090,6517957
assam,2022,4,8091,6999042
assam,2023,1,8092,7478158
assam,2023,2,8093,7935267
assam,2023,3,8094,8451423
assam,2023,4,8095,9011333
assam,2024,1,8096,9619049
assam,2024,2,8097,10259479
assam,2024,3,8098,10865707
assam,2024,4,8099,11341543
assam,2025,1,8100,11808496
assam,2025,2,8101,12266826
assam,2025,3,8102,12771675
assam,2025,4,8103,13282617
assam,2026,1,8104,13764766
assam,2026,2,8105,14095525
bihar,2018,1,8072,2173873
bihar,2018,2,8073,3075993
bihar,2018,3,8074,3846555
bihar,2018,4,8075,4894391
bihar,2019,1,8076,5903371
bihar,2019,2,8077,6750778
bihar,2019,3,8078,7595450
bihar,2019,4,8079,8557982
bihar,2020,1,8080,9579162
bihar,2020,2,8081,10810307
bihar,2020,3,8082,11972054
bihar,2020,4,8083,13128377
bihar,2021,1,8084,14274751
bihar,2021,2,8085,15401467
bihar,2021,3,8086,16692841
bihar,2021,4,8087,17989043
bihar,2022,1,8088,19351497
bihar,2022,2,8089,20671708
bihar,2022,3,8090,22066926
bihar,2022,4,8091,23466284
bihar,2023,1,8092,24855994
bihar,2023,2,8093,26174400
bihar,2023,3,8094,27578408
bihar,2023,4,8095,29113524
bihar,2024,1,8096,30849769
bihar,2024,2,8097,32631512
bihar,2024,3,8098,34194093
bihar,2024,4,8099,35663071
bihar,2025,1,8100,37257833
bihar,2025,2,8101,38792069
bihar,2025,3,8102,40492727
bihar,2025,4,8103,42344157
bihar,2026,1,8104,43855409
bihar,2026,2,8105,44813491
chandigarh,2018,1,8072,84504
chandigarh,2018,2,8073,113150
chandigarh,2018,3,8074,141119
chandigarh,2018,4,8075,175644
chandigarh,2019,1,8076,207673
chandigarh,2019,2,8077,240155
chandigarh,2019,3,8078,268117
chandigarh,2019,4,8079,292017
chandigarh,2020,1,8080,316683
chandigarh,2020,2,8081,341687
chandigarh,2020,3,8082,368783
chandigarh,2020,4,8083,396747
chandigarh,2021,1,8084,420246
chandigarh,2021,2,8085,442163
chandigarh,2021,3,8086,465065
chandigarh,2021,4,8087,487572
chandigarh,2022,1,8088,509170
chandigarh,2022,2,8089,529517
chandigarh,2022,3,8090,550651
chandigarh,2022,4,8091,569949
chandigarh,2023,1,8092,587987
chandigarh,2023,2,8093,605280
chandigarh,2023,3,8094,622265
chandigarh,2023,4,8095,639168
chandigarh,2024,1,8096,660057
chandigarh,2024,2,8097,682073
chandigarh,2024,3,8098,703169
chandigarh,2024,4,8099,721374
chandigarh,2025,1,8100,739749
chandigarh,2025,2,8101,757963
chandigarh,2025,3,8102,776162
chandigarh,2025,4,8103,794106
chandigarh,2026,1,8104,811491
chandigarh,2026,2,8105,829123
chhattisgarh,2018,1,8072,686395
chhattisgarh,2018,2,8073,967619
chhattisgarh,2018,3,8074,1229445
chhattisgarh,2018,4,8075,1584333
chhattisgarh,2019,1,8076,1925189
chhattisgarh,2019,2,8077,2212185
chhattisgarh,2019,3,8078,2488075
chhattisgarh,2019,4,8079,2780915
chhattisgarh,2020,1,8080,3094859
chhattisgarh,2020,2,8081,3484888
chhattisgarh,2020,3,8082,3897665
chhattisgarh,2020,4,8083,4302482
chhattisgarh,2021,1,8084,4682835
chhattisgarh,2021,2,8085,5078626
chhattisgarh,2021,3,8086,5517110
chhattisgarh,2021,4,8087,5951381
chhattisgarh,2022,1,8088,6380734
chhattisgarh,2022,2,8089,6782654
chhattisgarh,2022,3,8090,7211969
chhattisgarh,2022,4,8091,7618238
chhattisgarh,2023,1,8092,8004123
chhattisgarh,2023,2,8093,8375641
chhattisgarh,2023,3,8094,8766380
chhattisgarh,2023,4,8095,9160798
chhattisgarh,2024,1,8096,9676480
chhattisgarh,2024,2,8097,10160209
chhattisgarh,2024,3,8098,10587536
chhattisgarh,2024,4,8099,10962228
chhattisgarh,2025,1,8100,11341270
chhattisgarh,2025,2,8101,11716582
chhattisgarh,2025,3,8102,12105416
chhattisgarh,2025,4,8103,12478219
chhattisgarh,2026,1,8104,12825130
chhattisgarh,2026,2,8105,13192734
dadra & nagar haveli & daman & diu,2018,1,8072,46505
dadra & nagar haveli & daman & diu,2018,2,8073,62632
dadra & nagar haveli & daman & diu,2018,3,8074,79851
dadra & nagar haveli & daman & diu,2018,4,8075,101702
dadra & nagar haveli & daman & diu,2019,1,8076,122413
dadra & nagar haveli & daman & diu,2019,2,8077,139004
dadra & nagar haveli & daman & diu,2019,3,8078,155873
dadra & nagar haveli & daman & diu,2019,4,8079,174634
dadra & nagar haveli & daman & diu,2020,1,8080,193453
dadra & nagar haveli & daman & diu,2020,2,8081,217392
dadra & nagar haveli & daman & diu,2020,3,8082,239161
dadra & nagar haveli & daman & diu,2020,4,8083,264058
dadra & nagar haveli & daman & diu,2021,1,8084,284780
dadra & nagar haveli & daman & diu,2021,2,8085,304287
dadra & nagar haveli & daman & diu,2021,3,8086,326668
dadra & nagar haveli & daman & diu,2021,4,8087,349265
dadra & nagar haveli & daman & diu,2022,1,8088,369790
dadra & nagar haveli & daman & diu,2022,2,8089,390083
dadra & nagar haveli & daman & diu,2022,3,8090,410533
dadra & nagar haveli & daman & diu,2022,4,8091,431261
dadra & nagar haveli & daman & diu,2023,1,8092,449889
dadra & nagar haveli & daman & diu,2023,2,8093,467310
dadra & nagar haveli & daman & diu,2023,3,8094,484521
dadra & nagar haveli & daman & diu,2023,4,8095,502992
dadra & nagar haveli & daman & diu,2024,1,8096,522738
dadra & nagar haveli & daman & diu,2024,2,8097,542235
dadra & nagar haveli & daman & diu,2024,3,8098,560853
dadra & nagar haveli & daman & diu,2024,4,8099,579259
dadra & nagar haveli & daman & diu,2025,1,8100,597015
dadra & nagar haveli & daman & diu,2025,2,8101,613335
dadra & nagar haveli & daman & diu,2025,3,8102,630853
dadra & nagar haveli & daman & diu,2025,4,8103,647249
dadra & nagar haveli & daman & diu,2026,1,8104,661947
dadra & nagar haveli & daman & diu,2026,2,8105,685445
delhi,2018,1,8072,1954765
delhi,2018,2,8073,2581867
delhi,2018,3,8074,3271387
delhi,2018,4,8075,4336314
delhi,2019,1,8076,5182927
delhi,2019,2,8077,5845734
delhi,2019,3,8078,6463153
delhi,2019,4,8079,6975942
delhi,2020,1,8080,7506500
delhi,2020,2,8081,8071753
delhi,2020,3,8082,8702719
delhi,2020,4,8083,9361847
delhi,2021,1,8084,9968730
delhi,2021,2,8085,10538375
delhi,2021,3,8086,11160288
delhi,2021,4,8087,11796958
delhi,2022,1,8088,12414526
delhi,2022,2,8089,12974749
delhi,2022,3,8090,13539000
delhi,2022,4,8091,14081903
delhi,2023,1,8092,14595060
delhi,2023,2,8093,15072030
delhi,2023,3,8094,15541397
delhi,2023,4,8095,16011335
delhi,2024,1,8096,16600851
delhi,2024,2,8097,17177363
delhi,2024,3,8098,17734636
delhi,2024,4,8099,18256126
delhi,2025,1,8100,18767127
delhi,2025,2,8101,19263783
delhi,2025,3,8102,19764135
delhi,2025,4,8103,20229290
delhi,2026,1,8104,20688029
delhi,2026,2,8105,21250201
goa,2018,1,8072,97236
goa,2018,2,8073,128359
goa,2018,3,8074,160129
goa,2018,4,8075,204229
goa,2019,1,8076,248825
goa,2019,2,8077,290801
goa,2019,3,8078,331094
goa,2019,4,8079,370015
goa,2020,1,8080,410941
goa,2020,2,8081,451839
goa,2020,3,8082,499358
goa,2020,4,8083,553679
goa,2021,1,8084,596406
goa,2021,2,8085,634949
goa,2021,3,8086,677726
goa,2021,4,8087,720435
goa,2022,1,8088,759279
goa,2022,2,8089,796871
goa,2022,3,8090,835257
goa,2022,4,8091,871837
goa,2023,1,8092,904953
goa,2023,2,8093,935702
goa,2023,3,8094,967033
goa,2023,4,8095,1001527
goa,2024,1,8096,1039130
goa,2024,2,8097,1078255
goa,2024,3,8098,1117049
goa,2024,4,8099,1151724
goa,2025,1,8100,1185550
goa,2025,2,8101,1218114
goa,2025,3,8102,1252705
goa,2025,4,8103,1289056
goa,2026,1,8104,1325289
goa,2026,2,8105,1347940
gujarat,2018,1,8072,2813458
gujarat,2018,2,8073,3729318
gujarat,2018,3,8074,4601012
gujarat,2018,4,8075,5796205
gujarat,2019,1,8076,6920980
gujarat,2019,2,8077,7878532
gujarat,2019,3,8078,8815169
gujarat,2019,4,8079,9739656
gujarat,2020,1,8080,10722212
gujarat,2020,2,8081,11915415
gujarat,2020,3,8082,13038677
gujarat,2020,4,8083,14183614
gujarat,2021,1,8084,15212633
gujarat,2021,2,8085,16194721
gujarat,2021,3,8086,17323185
gujarat,2021,4,8087,18430583
gujarat,2022,1,8088,19483483
gujarat,2022,2,8089,20492610
gujarat,2022,3,8090,21579615
gujarat,2022,4,8091,22608675
gujarat,2023,1,8092,23551635
gujarat,2023,2,8093,24442139
gujarat,2023,3,8094,25381367
gujarat,2023,4,8095,26346004
gujarat,2024,1,8096,27405423
gujarat,2024,2,8097,28470147
gujarat,2024,3,8098,29515495
gujarat,2024,4,8099,30455926
gujarat,2025,1,8100,31378561
gujarat,2025,2,8101,32256294
gujarat,2025,3,8102,33195778
gujarat,2025,4,8103,34132806
gujarat,2026,1,8104,34953549
gujarat,2026,2,8105,36083882
haryana,2018,1,8072,1988481
haryana,2018,2,8073,2621706
haryana,2018,3,8074,3194626
haryana,2018,4,8075,3994128
haryana,2019,1,8076,4759566
haryana,2019,2,8077,5414773
haryana,2019,3,8078,6054463
haryana,2019,4,8079,6642686
haryana,2020,1,8080,7305629
haryana,2020,2,8081,7982067
haryana,2020,3,8082,8695590
haryana,2020,4,8083,9406195
haryana,2021,1,8084,10053988
haryana,2021,2,8085,10686682
haryana,2021,3,8086,11374312
haryana,2021,4,8087,12047369
haryana,2022,1,8088,12718254
haryana,2022,2,8089,13329477
haryana,2022,3,8090,13974131
haryana,2022,4,8091,14567786
haryana,2023,1,8092,15150515
haryana,2023,2,8093,15685619
haryana,2023,3,8094,16228788
haryana,2023,4,8095,16779114
haryana,2024,1,8096,17427671
haryana,2024,2,8097,18087186
haryana,2024,3,8098,18729218
haryana,2024,4,8099,19313789
haryana,2025,1,8100,19907909
haryana,2025,2,8101,20473762
haryana,2025,3,8102,21056009
haryana,2025,4,8103,21615414
haryana,2026,1,8104,22159437
haryana,2026,2,8105,22839223
himachal pradesh,2018,1,8072,232961
himachal pradesh,2018,2,8073,321663
himachal pradesh,2018,3,8074,411528
himachal pradesh,2018,4,8075,536663
himachal pradesh,2019,1,8076,664582
himachal pradesh,2019,2,8077,782863
himachal pradesh,2019,3,8078,895546
himachal pradesh,2019,4,8079,1005852
himachal pradesh,2020,1,8080,1132310
himachal pradesh,2020,2,8081,1275538
himachal pradesh,2020,3,8082,1408247
himachal pradesh,2020,4,8083,1534598
himachal pradesh,2021,1,8084,1638990
himachal pradesh,2021,2,8085,1741024
himachal pradesh,2021,3,8086,1846491
himachal pradesh,2021,4,8087,1950122
himachal pradesh,2022,1,8088,2050007
himachal pradesh,2022,2,8089,2145736
himachal pradesh,2022,3,8090,2243636
himachal pradesh,2022,4,8091,2334678
himachal pradesh,2023,1,8092,2420834
himachal pradesh,2023,2,8093,2502650
himachal pradesh,2023,3,8094,2584543
himachal pradesh,2023,4,8095,2677484
himachal pradesh,2024,1,8096,2783894
himachal pradesh,2024,2,8097,2904980
himachal pradesh,2024,3,8098,3013084
himachal pradesh,2024,4,8099,3099424
himachal pradesh,2025,1,8100,3187150
himachal pradesh,2025,2,8101,3270465
himachal pradesh,2025,3,8102,3355425
himachal pradesh,2025,4,8103,3444065
himachal pradesh,2026,1,8104,3529338
himachal pradesh,2026,2,8105,3592809
jammu & kashmir,2018,1,8072,256997
jammu & kashmir,2018,2,8073,380192
jammu & kashmir,2018,3,8074,476825
jammu & kashmir,2018,4,8075,601895
jammu & kashmir,2019,1,8076,740329
jammu & kashmir,2019,2,8077,864680
jammu & kashmir,2019,3,8078,911309
jammu & kashmir,2019,4,8079,934260
jammu & kashmir,2020,1,8080,1010260
jammu & kashmir,2020,2,8081,1132400
jammu & kashmir,2020,3,8082,1249897
jammu & kashmir,2020,4,8083,1396218
jammu & kashmir,2021,1,8084,1549842
jammu & kashmir,2021,2,8085,1701193
jammu & kashmir,2021,3,8086,1855715
jammu & kashmir,2021,4,8087,2040417
jammu & kashmir,2022,1,8088,2232542
jammu & kashmir,2022,2,8089,2422700
jammu & kashmir,2022,3,8090,2603073
jammu & kashmir,2022,4,8091,2801460
jammu & kashmir,2023,1,8092,2995581
jammu & kashmir,2023,2,8093,3178196
jammu & kashmir,2023,3,8094,3356452
jammu & kashmir,2023,4,8095,3588585
jammu & kashmir,2024,1,8096,3840608
jammu & kashmir,2024,2,8097,4103216
jammu & kashmir,2024,3,8098,4334950
jammu & kashmir,2024,4,8099,4516651
jammu & kashmir,2025,1,8100,4699442
jammu & kashmir,2025,2,8101,4865971
jammu & kashmir,2025,3,8102,5026228
jammu & kashmir,2025,4,8103,5205677
jammu & kashmir,2026,1,8104,5380456
jammu & kashmir,2026,2,8105,5645686
jharkhand,2018,1,8072,880343
jharkhand,2018,2,8073,1238359
jharkhand,2018,3,8074,1545612
jharkhand,2018,4,8075,1954512
jharkhand,2019,1,8076,2344245
jharkhand,2019,2,8077,2680159
jharkhand,2019,3,8078,3022018
jharkhand,2019,4,8079,3396614
jharkhand,2020,1,8080,3782690
jharkhand,2020,2,8081,4198053
jharkhand,2020,3,8082,4625467
jharkhand,2020,4,8083,5079848
jharkhand,2021,1,8084,5505298
jharkhand,2021,2,8085,5909431
jharkhand,2021,3,8086,6377290
jharkhand,2021,4,8087,6872363
jharkhand,2022,1,8088,7352042
jharkhand,2022,2,8089,7783514
jharkhand,2022,3,8090,8271861
jharkhand,2022,4,8091,8761666
jharkhand,2023,1,8092,9222109
jharkhand,2023,2,8093,9650559
jharkhand,2023,3,8094,10115548
jharkhand,2023,4,8095,10617881
jharkhand,2024,1,8096,11202660
jharkhand,2024,2,8097,11765547
jharkhand,2024,3,8098,12330147
jharkhand,2024,4,8099,12847879
jharkhand,2025,1,8100,13390825
jharkhand,2025,2,8101,13882870
jharkhand,2025,3,8102,14421897
jharkhand,2025,4,8103,14935840
jharkhand,2026,1,8104,15393721
jharkhand,2026,2,8105,15790280
karnataka,2018,1,8072,3901200
karnataka,2018,2,8073,5226252
karnataka,2018,3,8074,6536115
karnataka,2018,4,8075,8476930
karnataka,2019,1,8076,10393952
karnataka,2019,2,8077,12052561
karnataka,2019,3,8078,13733198
karnataka,2019,4,8079,15440057
karnataka,2020,1,8080,17044952
karnataka,2020,2,8081,18659833
karnataka,2020,3,8082,20469767
karnataka,2020,4,8083,22376108
karnataka,2021,1,8084,24058436
karnataka,2021,2,8085,25647896
karnataka,2021,3,8086,27447523
karnataka,2021,4,8087,29180661
karnataka,2022,1,8088,30809500
karnataka,2022,2,8089,32374488
karnataka,2022,3,8090,33953647
karnataka,2022,4,8091,35452134
karnataka,2023,1,8092,36773789
karnataka,2023,2,8093,38043386
karnataka,2023,3,8094,39411658
karnataka,2023,4,8095,40600790
karnataka,2024,1,8096,41888288
karnataka,2024,2,8097,43157465
karnataka,2024,3,8098,44350489
karnataka,2024,4,8099,45668243
karnataka,2025,1,8100,46870457
karnataka,2025,2,8101,48100388
karnataka,2025,3,8102,49293465
karnataka,2025,4,8103,50339561
karnataka,2026,1,8104,51308731
karnataka,2026,2,8105,52534800
kerala,2018,1,8072,776998
kerala,2018,2,8073,1053063
kerala,2018,3,8074,1311720
kerala,2018,4,8075,1712592
kerala,2019,1,8076,2073323
kerala,2019,2,8077,2457611
kerala,2019,3,8078,2881087
kerala,2019,4,8079,3357041
kerala,2020,1,8080,3898086
kerala,2020,2,8081,4520490
kerala,2020,3,8082,5337146
kerala,2020,4,8083,6108425
kerala,2021,1,8084,6650208
kerala,2021,2,8085,7167573
kerala,2021,3,8086,7726125
kerala,2021,4,8087,8323308
kerala,2022,1,8088,8855141
kerala,2022,2,8089,9344928
kerala,2022,3,8090,9864268
kerala,2022,4,8091,10342101
kerala,2023,1,8092,10759741
kerala,2023,2,8093,11135396
kerala,2023,3,8094,11534779
kerala,2023,4,8095,11984795
kerala,2024,1,8096,12400955
kerala,2024,2,8097,12860951
kerala,2024,3,8098,13360448
kerala,2024,4,8099,13798127
kerala,2025,1,8100,14209056
kerala,2025,2,8101,14603026
kerala,2025,3,8102,15022652
kerala,2025,4,8103,15459282
kerala,2026,1,8104,15839220
kerala,2026,2,8105,16304760
ladakh,2018,1,8072,14795
ladakh,2018,2,8073,21011
ladakh,2018,3,8074,27274
ladakh,2018,4,8075,35989
ladakh,2019,1,8076,44058
ladakh,2019,2,8077,51485
ladakh,2019,3,8078,56993
ladakh,2019,4,8079,62146
ladakh,2020,1,8080,68423
ladakh,2020,2,8081,74807
ladakh,2020,3,8082,81517
ladakh,2020,4,8083,89518
ladakh,2021,1,8084,96146
ladakh,2021,2,8085,102914
ladakh,2021,3,8086,109859
ladakh,2021,4,8087,117697
ladakh,2022,1,8088,125119
ladakh,2022,2,8089,131845
ladakh,2022,3,8090,138524
ladakh,2022,4,8091,146028
ladakh,2023,1,8092,152636
ladakh,2023,2,8093,158956
ladakh,2023,3,8094,164962
ladakh,2023,4,8095,173131
ladakh,2024,1,8096,180765
ladakh,2024,2,8097,190668
ladakh,2024,3,8098,199266
ladakh,2024,4,8099,206450
ladakh,2025,1,8100,213189
ladakh,2025,2,8101,219995
ladakh,2025,3,8102,225152
ladakh,2025,4,8103,231656
ladakh,2026,1,8104,237706
ladakh,2026,2,8105,250921
lakshadweep,2018,1,8072,862
lakshadweep,2018,2,8073,1172
lakshadweep,2018,3,8074,1491
lakshadweep,2018,4,8075,1903
lakshadweep,2019,1,8076,2320
lakshadweep,2019,2,8077,2763
lakshadweep,2019,3,8078,3275
lakshadweep,2019,4,8079,3708
lakshadweep,2020,1,8080,4140
lakshadweep,2020,2,8081,4578
lakshadweep,2020,3,8082,5137
lakshadweep,2020,4,8083,5775
lakshadweep,2021,1,8084,6336
lakshadweep,2021,2,8085,6816
lakshadweep,2021,3,8086,7374
lakshadweep,2021,4,8087,7965
lakshadweep,2022,1,8088,8435
lakshadweep,2022,2,8089,8885
lakshadweep,2022,3,8090,9374
lakshadweep,2022,4,8091,9808
lakshadweep,2023,1,8092,10183
lakshadweep,2023,2,8093,10584
lakshadweep,2023,3,8094,11059
lakshadweep,2023,4,8095,11676
lakshadweep,2024,1,8096,12330
lakshadweep,2024,2,8097,13251
lakshadweep,2024,3,8098,14065
lakshadweep,2024,4,8099,14725
lakshadweep,2025,1,8100,15368
lakshadweep,2025,2,8101,15987
lakshadweep,2025,3,8102,16553
lakshadweep,2025,4,8103,17251
lakshadweep,2026,1,8104,17882
lakshadweep,2026,2,8105,18419
madhya pradesh,2018,1,8072,2501837
madhya pradesh,2018,2,8073,3390239
madhya pradesh,2018,3,8074,4233736
madhya pradesh,2018,4,8075,5311159
madhya pradesh,2019,1,8076,6383958
madhya pradesh,2019,2,8077,7278165
madhya pradesh,2019,3,8078,8231531
madhya pradesh,2019,4,8079,9219787
madhya pradesh,2020,1,8080,10260896
madhya pradesh,2020,2,8081,11514232
madhya pradesh,2020,3,8082,12744642
madhya pradesh,2020,4,8083,13925932
madhya pradesh,2021,1,8084,15131202
madhya pradesh,2021,2,8085,16251687
madhya pradesh,2021,3,8086,17570524
madhya pradesh,2021,4,8087,18846562
madhya pradesh,2022,1,8088,20115633
madhya pradesh,2022,2,8089,21283425
madhya pradesh,2022,3,8090,22575200
madhya pradesh,2022,4,8091,23793582
madhya pradesh,2023,1,8092,24981019
madhya pradesh,2023,2,8093,26193021
madhya pradesh,2023,3,8094,27512164
madhya pradesh,2023,4,8095,28703519
madhya pradesh,2024,1,8096,30087710
madhya pradesh,2024,2,8097,31399806
madhya pradesh,2024,3,8098,32634553
madhya pradesh,2024,4,8099,33718050
madhya pradesh,2025,1,8100,34868747
madhya pradesh,2025,2,8101,35961457
madhya pradesh,2025,3,8102,37166358
madhya pradesh,2025,4,8103,38249438
madhya pradesh,2026,1,8104,39250624
madhya pradesh,2026,2,8105,40093377
maharashtra,2018,1,8072,6133954
maharashtra,2018,2,8073,8236836
maharashtra,2018,3,8074,10390459
maharashtra,2018,4,8075,13355155
maharashtra,2019,1,8076,16274312
maharashtra,2019,2,8077,18737804
maharashtra,2019,3,8078,21322044
maharashtra,2019,4,8079,23734339
maharashtra,2020,1,8080,26163809
maharashtra,2020,2,8081,28790127
maharashtra,2020,3,8082,31432433
maharashtra,2020,4,8083,34404572
maharashtra,2021,1,8084,36994904
maharashtra,2021,2,8085,39429859
maharashtra,2021,3,8086,42170156
maharashtra,2021,4,8087,44928344
maharashtra,2022,1,8088,47511322
maharashtra,2022,2,8089,49858004
maharashtra,2022,3,8090,52289467
maharashtra,2022,4,8091,54629272
maharashtra,2023,1,8092,56723036
maharashtra,2023,2,8093,58661548
maharashtra,2023,3,8094,60617867
maharashtra,2023,4,8095,62581750
maharashtra,2024,1,8096,64700862
maharashtra,2024,2,8097,66770730
maharashtra,2024,3,8098,69582864
maharashtra,2024,4,8099,72020866
maharashtra,2025,1,8100,74177131
maharashtra,2025,2,8101,76247239
maharashtra,2025,3,8102,78365134
maharashtra,2025,4,8103,80321622
maharashtra,2026,1,8104,82017557
maharashtra,2026,2,8105,84075442
manipur,2018,1,8072,35579
manipur,2018,2,8073,54326
manipur,2018,3,8074,71019
manipur,2018,4,8075,93713
manipur,2019,1,8076,112463
manipur,2019,2,8077,130880
manipur,2019,3,8078,150811
manipur,2019,4,8079,170399
manipur,2020,1,8080,193166
manipur,2020,2,8081,232085
manipur,2020,3,8082,275979
manipur,2020,4,8083,306249
manipur,2021,1,8084,326912
manipur,2021,2,8085,346378
manipur,2021,3,8086,367233
manipur,2021,4,8087,388184
manipur,2022,1,8088,406492
manipur,2022,2,8089,426522
manipur,2022,3,8090,448114
manipur,2022,4,8091,467306
manipur,2023,1,8092,486209
manipur,2023,2,8093,496881
manipur,2023,3,8094,506910
manipur,2023,4,8095,528770
manipur,2024,1,8096,564185
manipur,2024,2,8097,603425
manipur,2024,3,8098,644220
manipur,2024,4,8099,668293
manipur,2025,1,8100,694042
manipur,2025,2,8101,719620
manipur,2025,3,8102,749966
manipur,2025,4,8103,783532
manipur,2026,1,8104,814173
manipur,2026,2,8105,854036
meghalaya,2018,1,8072,22306
meghalaya,2018,2,8073,31651
meghalaya,2018,3,8074,42882
meghalaya,2018,4,8075,56903
meghalaya,2019,1,8076,69850
meghalaya,2019,2,8077,83645
meghalaya,2019,3,8078,98774
meghalaya,2019,4,8079,112925
meghalaya,2020,1,8080,129019
meghalaya,2020,2,8081,152632
meghalaya,2020,3,8082,176427
meghalaya,2020,4,8083,197575
meghalaya,2021,1,8084,213559
meghalaya,2021,2,8085,230094
meghalaya,2021,3,8086,247942
meghalaya,2021,4,8087,267949
meghalaya,2022,1,8088,287587
meghalaya,2022,2,8089,307758
meghalaya,2022,3,8090,330639
meghalaya,2022,4,8091,352648
meghalaya,2023,1,8092,373661
meghalaya,2023,2,8093,394558
meghalaya,2023,3,8094,419409
meghalaya,2023,4,8095,450369
meghalaya,2024,1,8096,488538
meghalaya,2024,2,8097,536952
meghalaya,2024,3,8098,582628
meghalaya,2024,4,8099,611334
meghalaya,2025,1,8100,640474
meghalaya,2025,2,8101,670920
meghalaya,2025,3,8102,704327
meghalaya,2025,4,8103,742750
meghalaya,2026,1,8104,778471
meghalaya,2026,2,8105,821275
mizoram,2018,1,8072,9312
mizoram,2018,2,8073,12467
mizoram,2018,3,8074,16728
mizoram,2018,4,8075,22190
mizoram,2019,1,8076,27134
mizoram,2019,2,8077,32162
mizoram,2019,3,8078,38565
mizoram,2019,4,8079,44755
mizoram,2020,1,8080,52556
mizoram,2020,2,8081,62148
mizoram,2020,3,8082,75962
mizoram,2020,4,8083,87194
mizoram,2021,1,8084,94488
mizoram,2021,2,8085,101851
mizoram,2021,3,8086,109595
mizoram,2021,4,8087,116803
mizoram,2022,1,8088,123574
mizoram,2022,2,8089,130454
mizoram,2022,3,8090,138370
mizoram,2022,4,8091,146161
mizoram,2023,1,8092,153259
mizoram,2023,2,8093,160684
mizoram,2023,3,8094,169046
mizoram,2023,4,8095,179480
mizoram,2024,1,8096,194379
mizoram,2024,2,8097,213479
mizoram,2024,3,8098,246580
mizoram,2024,4,8099,258269
mizoram,2025,1,8100,270295
mizoram,2025,2,8101,282032
mizoram,2025,3,8102,295734
mizoram,2025,4,8103,312483
mizoram,2026,1,8104,327659
mizoram,2026,2,8105,349070
nagaland,2018,1,8072,16047
nagaland,2018,2,8073,23866
nagaland,2018,3,8074,33223
nagaland,2018,4,8075,44601
nagaland,2019,1,8076,55915
nagaland,2019,2,8077,68483
nagaland,2019,3,8078,82418
nagaland,2019,4,8079,95667
nagaland,2020,1,8080,110228
nagaland,2020,2,8081,132841
nagaland,2020,3,8082,175583
nagaland,2020,4,8083,194444
nagaland,2021,1,8084,208308
nagaland,2021,2,8085,222211
nagaland,2021,3,8086,236840
nagaland,2021,4,8087,251384
nagaland,2022,1,8088,266042
nagaland,2022,2,8089,281398
nagaland,2022,3,8090,297083
nagaland,2022,4,8091,311555
nagaland,2023,1,8092,325241
nagaland,2023,2,8093,339039
nagaland,2023,3,8094,353878
nagaland,2023,4,8095,370492
nagaland,2024,1,8096,391270
nagaland,2024,2,8097,423165
nagaland,2024,3,8098,456203
nagaland,2024,4,8099,475258
nagaland,2025,1,8100,493342
nagaland,2025,2,8101,512198
nagaland,2025,3,8102,533473
nagaland,2025,4,8103,555336
nagaland,2026,1,8104,575983
nagaland,2026,2,8105,602471
odisha,2018,1,8072,1573698
odisha,2018,2,8073,2160851
odisha,2018,3,8074,2740899
odisha,2018,4,8075,3565892
odisha,2019,1,8076,4265066
odisha,2019,2,8077,4786497
odisha,2019,3,8078,5361369
odisha,2019,4,8079,6075390
odisha,2020,1,8080,6631513
odisha,2020,2,8081,7239140
odisha,2020,3,8082,7888711
odisha,2020,4,8083,8592754
odisha,2021,1,8084,9201367
odisha,2021,2,8085,9843480
odisha,2021,3,8086,10591026
odisha,2021,4,8087,11358268
odisha,2022,1,8088,12011836
odisha,2022,2,8089,12652044
odisha,2022,3,8090,13324247
odisha,2022,4,8091,13990026
odisha,2023,1,8092,14605734
odisha,2023,2,8093,15180768
odisha,2023,3,8094,15773057
odisha,2023,4,8095,16349232
odisha,2024,1,8096,17002272
odisha,2024,2,8097,17662149
odisha,2024,3,8098,18360257
odisha,2024,4,8099,19085969
odisha,2025,1,8100,19731478
odisha,2025,2,8101,20349791
odisha,2025,3,8102,20979927
odisha,2025,4,8103,21533027
odisha,2026,1,8104,22049893
odisha,2026,2,8105,22586814
puducherry,2018,1,8072,47701
puducherry,2018,2,8073,63878
puducherry,2018,3,8074,79099
puducherry,2018,4,8075,106491
puducherry,2019,1,8076,129946
puducherry,2019,2,8077,152917
puducherry,2019,3,8078,173965
puducherry,2019,4,8079,199364
puducherry,2020,1,8080,225275
puducherry,2020,2,8081,249567
puducherry,2020,3,8082,278348
puducherry,2020,4,8083,312159
puducherry,2021,1,8084,338921
puducherry,2021,2,8085,362487
puducherry,2021,3,8086,386770
puducherry,2021,4,8087,411329
puducherry,2022,1,8088,433835
puducherry,2022,2,8089,453527
puducherry,2022,3,8090,473286
puducherry,2022,4,8091,493378
puducherry,2023,1,8092,511080
puducherry,2023,2,8093,527197
puducherry,2023,3,8094,544090
puducherry,2023,4,8095,561059
puducherry,2024,1,8096,578039
puducherry,2024,2,8097,594818
puducherry,2024,3,8098,612094
puducherry,2024,4,8099,629389
puducherry,2025,1,8100,645855
puducherry,2025,2,8101,661400
puducherry,2025,3,8102,677573
puducherry,2025,4,8103,693418
puducherry,2026,1,8104,707787
puducherry,2026,2,8105,723563
punjab,2018,1,8072,902434
punjab,2018,2,8073,1225027
punjab,2018,3,8074,1542608
punjab,2018,4,8075,1950642
punjab,2019,1,8076,2322582
punjab,2019,2,8077,2699641
punjab,2019,3,8078,3084133
punjab,2019,4,8079,3442072
punjab,2020,1,8080,3875890
punjab,2020,2,8081,4373346
punjab,2020,3,8082,4858229
punjab,2020,4,8083,5310103
punjab,2021,1,8084,5679863
punjab,2021,2,8085,6043827
punjab,2021,3,8086,6430939
punjab,2021,4,8087,6814717
punjab,2022,1,8088,7199914
punjab,2022,2,8089,7570961
punjab,2022,3,8090,7964871
punjab,2022,4,8091,8329482
punjab,2023,1,8092,8680448
punjab,2023,2,8093,9022142
punjab,2023,3,8094,9396198
punjab,2023,4,8095,9790268
punjab,2024,1,8096,10263130
punjab,2024,2,8097,10766796
punjab,2024,3,8098,11264065
punjab,2024,4,8099,11622811
punjab,2025,1,8100,11997032
punjab,2025,2,8101,12360971
punjab,2025,3,8102,12758339
punjab,2025,4,8103,13172691
punjab,2026,1,8104,13581016
punjab,2026,2,8105,14095349
rajasthan,2018,1,8072,3184469
rajasthan,2018,2,8073,4262966
rajasthan,2018,3,8074,5199376
rajasthan,2018,4,8075,6407477
rajasthan,2019,1,8076,7779148
rajasthan,2019,2,8077,8846756
rajasthan,2019,3,8078,9930100
rajasthan,2019,4,8079,11033683
rajasthan,2020,1,8080,12268753
rajasthan,2020,2,8081,13697342
rajasthan,2020,3,8082,15099115
rajasthan,2020,4,8083,16423105
rajasthan,2021,1,8084,17806048
rajasthan,2021,2,8085,19130821
rajasthan,2021,3,8086,20647987
rajasthan,2021,4,8087,22032956
rajasthan,2022,1,8088,23412998
rajasthan,2022,2,8089,24647652
rajasthan,2022,3,8090,25962683
rajasthan,2022,4,8091,27182742
rajasthan,2023,1,8092,28357153
rajasthan,2023,2,8093,29493668
rajasthan,2023,3,8094,30792255
rajasthan,2023,4,8095,32021284
rajasthan,2024,1,8096,33414280
rajasthan,2024,2,8097,34754315
rajasthan,2024,3,8098,35974844
rajasthan,2024,4,8099,37075516
rajasthan,2025,1,8100,38208545
rajasthan,2025,2,8101,39315591
rajasthan,2025,3,8102,40494453
rajasthan,2025,4,8103,41560104
rajasthan,2026,1,8104,42603158
rajasthan,2026,2,8105,43692290
sikkim,2018,1,8072,23332
sikkim,2018,2,8073,32306
sikkim,2018,3,8074,41742
sikkim,2018,4,8075,53799
sikkim,2019,1,8076,64728
sikkim,2019,2,8077,76521
sikkim,2019,3,8078,88720
sikkim,2019,4,8079,100028
sikkim,2020,1,8080,112394
sikkim,2020,2,8081,127647
sikkim,2020,3,8082,143462
sikkim,2020,4,8083,157981
sikkim,2021,1,8084,169708
sikkim,2021,2,8085,181725
sikkim,2021,3,8086,193942
sikkim,2021,4,8087,206238
sikkim,2022,1,8088,217994
sikkim,2022,2,8089,229640
sikkim,2022,3,8090,241620
sikkim,2022,4,8091,252358
sikkim,2023,1,8092,262655
sikkim,2023,2,8093,272768
sikkim,2023,3,8094,282679
sikkim,2023,4,8095,292795
sikkim,2024,1,8096,304915
sikkim,2024,2,8097,319071
sikkim,2024,3,8098,333732
sikkim,2024,4,8099,345323
sikkim,2025,1,8100,357215
sikkim,2025,2,8101,368764
sikkim,2025,3,8102,379914
sikkim,2025,4,8103,391051
sikkim,2026,1,8104,402651
sikkim,2026,2,8105,407103
tamil nadu,2018,1,8072,2155558
tamil nadu,2018,2,8073,3061794
tamil nadu,2018,3,8074,3937412
tamil nadu,2018,4,8075,5262463
tamil nadu,2019,1,8076,6377974
tamil nadu,2019,2,8077,7498284
tamil nadu,2019,3,8078,8534286
tamil nadu,2019,4,8079,9717126
tamil nadu,2020,1,8080,10970688
tamil nadu,2020,2,8081,12255108
tamil nadu,2020,3,8082,13765652
tamil nadu,2020,4,8083,15495864
tamil nadu,2021,1,8084,16872782
tamil nadu,2021,2,8085,18151670
tamil nadu,2021,3,8086,19501393
tamil nadu,2021,4,8087,20870525
tamil nadu,2022,1,8088,22131653
tamil nadu,2022,2,8089,23307037
tamil nadu,2022,3,8090,24513100
tamil nadu,2022,4,8091,25708338
tamil nadu,2023,1,8092,26767037
tamil nadu,2023,2,8093,27769575
tamil nadu,2023,3,8094,28891897
tamil nadu,2023,4,8095,30002865
tamil nadu,2024,1,8096,31080814
tamil nadu,2024,2,8097,32173286
tamil nadu,2024,3,8098,33289377
tamil nadu,2024,4,8099,34331442
tamil nadu,2025,1,8100,35340007
tamil nadu,2025,2,8101,36318119
tamil nadu,2025,3,8102,37334630
tamil nadu,2025,4,8103,38313127
tamil nadu,2026,1,8104,39201469
tamil nadu,2026,2,8105,40264046
telangana,2018,1,8072,3449556
telangana,2018,2,8073,4414688
telangana,2018,3,8074,5290796
telangana,2018,4,8075,6687832
telangana,2019,1,8076,8100506
telangana,2019,2,8077,9164840
telangana,2019,3,8078,10225604
telangana,2019,4,8079,11330987
telangana,2020,1,8080,12385312
telangana,2020,2,8081,13431777
telangana,2020,3,8082,14605692
telangana,2020,4,8083,15891633
telangana,2021,1,8084,17082180
telangana,2021,2,8085,18184140
telangana,2021,3,8086,19355996
telangana,2021,4,8087,20513162
telangana,2022,1,8088,21608530
telangana,2022,2,8089,22613597
telangana,2022,3,8090,23635593
telangana,2022,4,8091,24652313
telangana,2023,1,8092,25533334
telangana,2023,2,8093,26347321
telangana,2023,3,8094,27152426
telangana,2023,4,8095,27926155
telangana,2024,1,8096,28813177
telangana,2024,2,8097,29668981
telangana,2024,3,8098,30496407
telangana,2024,4,8099,31420121
telangana,2025,1,8100,32290034
telangana,2025,2,8101,33161493
telangana,2025,3,8102,34013239
telangana,2025,4,8103,34807525
telangana,2026,1,8104,35513627
telangana,2026,2,8105,36479877
tripura,2018,1,8072,55908
tripura,2018,2,8073,84393
tripura,2018,3,8074,116340
tripura,2018,4,8075,155407
tripura,2019,1,8076,187484
tripura,2019,2,8077,222378
tripura,2019,3,8078,254600
tripura,2019,4,8079,283407
tripura,2020,1,8080,314602
tripura,2020,2,8081,351939
tripura,2020,3,8082,395067
tripura,2020,4,8083,431153
tripura,2021,1,8084,458876
tripura,2021,2,8085,485926
tripura,2021,3,8086,514890
tripura,2021,4,8087,544397
tripura,2022,1,8088,573074
tripura,2022,2,8089,603260
tripura,2022,3,8090,636726
tripura,2022,4,8091,668667
tripura,2023,1,8092,699295
tripura,2023,2,8093,731619
tripura,2023,3,8094,768145
tripura,2023,4,8095,809084
tripura,2024,1,8096,858086
tripura,2024,2,8097,910150
tripura,2024,3,8098,958718
tripura,2024,4,8099,995320
tripura,2025,1,8100,1032353
tripura,2025,2,8101,1069043
tripura,2025,3,8102,1109299
tripura,2025,4,8103,1151875
tripura,2026,1,8104,1191907
tripura,2026,2,8105,1242083
uttar pradesh,2018,1,8072,4921602
uttar pradesh,2018,2,8073,6777728
uttar pradesh,2018,3,8074,8443146
uttar pradesh,2018,4,8075,10830097
uttar pradesh,2019,1,8076,13103108
uttar pradesh,2019,2,8077,15042257
uttar pradesh,2019,3,8078,16953678
uttar pradesh,2019,4,8079,18919521
uttar pradesh,2020,1,8080,21194763
uttar pradesh,2020,2,8081,23606047
uttar pradesh,2020,3,8082,26045233
uttar pradesh,2020,4,8083,28545839
uttar pradesh,2021,1,8084,30976739
uttar pradesh,2021,2,8085,33211904
uttar pradesh,2021,3,8086,35903262
uttar pradesh,2021,4,8087,38739893
uttar pradesh,2022,1,8088,41701425
uttar pradesh,2022,2,8089,44364283
uttar pradesh,2022,3,8090,47337748
uttar pradesh,2022,4,8091,50213564
uttar pradesh,2023,1,8092,53046420
uttar pradesh,2023,2,8093,55590099
uttar pradesh,2023,3,8094,58422771
uttar pradesh,2023,4,8095,61516010
uttar pradesh,2024,1,8096,64960422
uttar pradesh,2024,2,8097,68189228
uttar pradesh,2024,3,8098,71327157
uttar pradesh,2024,4,8099,74136023
uttar pradesh,2025,1,8100,77043398
uttar pradesh,2025,2,8101,79721010
uttar pradesh,2025,3,8102,82795120
uttar pradesh,2025,4,8103,85800260
uttar pradesh,2026,1,8104,88629936
uttar pradesh,2026,2,8105,90563992
uttarakhand,2018,1,8072,499946
uttarakhand,2018,2,8073,673206
uttarakhand,2018,3,8074,835826
uttarakhand,2018,4,8075,1050477
uttarakhand,2019,1,8076,1272751
uttarakhand,2019,2,8077,1468181
uttarakhand,2019,3,8078,1653220
uttarakhand,2019,4,8079,1825409
uttarakhand,2020,1,8080,2023901
uttarakhand,2020,2,8081,2234769
uttarakhand,2020,3,8082,2456247
uttarakhand,2020,4,8083,2685323
uttarakhand,2021,1,8084,2888932
uttarakhand,2021,2,8085,3083983
uttarakhand,2021,3,8086,3295762
uttarakhand,2021,4,8087,3503291
uttarakhand,2022,1,8088,3709608
uttarakhand,2022,2,8089,3904801
uttarakhand,2022,3,8090,4107474
uttarakhand,2022,4,8091,4296902
uttarakhand,2023,1,8092,4480029
uttarakhand,2023,2,8093,4650851
uttarakhand,2023,3,8094,4823928
uttarakhand,2023,4,8095,4999454
uttarakhand,2024,1,8096,5206546
uttarakhand,2024,2,8097,5419938
uttarakhand,2024,3,8098,5624430
uttarakhand,2024,4,8099,5801849
uttarakhand,2025,1,8100,5979871
uttarakhand,2025,2,8101,6152816
uttarakhand,2025,3,8102,6335256
uttarakhand,2025,4,8103,6515385
uttarakhand,2026,1,8104,6690656
uttarakhand,2026,2,8105,6755122
west bengal,2018,1,8072,2576622
west bengal,2018,2,8073,3795442
west bengal,2018,3,8074,4790914
west bengal,2018,4,8075,6251947
west bengal,2019,1,8076,7438601
west bengal,2019,2,8077,8602074
west bengal,2019,3,8078,9692554
west bengal,2019,4,8079,10931174
west bengal,2020,1,8080,12052575
west bengal,2020,2,8081,13339774
west bengal,2020,3,8082,14612656
west bengal,2020,4,8083,15870777
west bengal,2021,1,8084,16981214
west bengal,2021,2,8085,18090085
west bengal,2021,3,8086,19374188
west bengal,2021,4,8087,20723757
west bengal,2022,1,8088,21954680
west bengal,2022,2,8089,23181627
west bengal,2022,3,8090,24486749
west bengal,2022,4,8091,25739668
west bengal,2023,1,8092,26980199
west bengal,2023,2,8093,28151830
west bengal,2023,3,8094,29423200
west bengal,2023,4,8095,30766242
west bengal,2024,1,8096,32233492
west bengal,2024,2,8097,33696097
west bengal,2024,3,8098,35120561
west bengal,2024,4,8099,36468735
west bengal,2025,1,8100,37781664
west bengal,2025,2,8101,39021346
west bengal,2025,3,8102,40328474
west bengal,2025,4,8103,41514118
west bengal,2026,1,8104,42771072
west bengal,2026,2,8105,43272502
