state,year,quarter,period_id,registered_merchants
andaman & nicobar islands,2019,1,8076,5
andaman & nicobar islands,2019,2,8077,9
andaman & nicobar islands,2019,3,8078,22
andaman & nicobar islands,2019,4,8079,34
andaman & nicobar islands,2020,1,8080,55
andaman & nicobar islands,2020,2,8081,67
andaman & nicobar islands,2020,3,8082,76
andaman & nicobar islands,2020,4,8083,187
andaman & nicobar islands,2021,1,8084,329
andaman & nicobar islands,2021,2,8085,406
andaman & nicobar islands,2021,3,8086,589
andaman & nicobar islands,2021,4,8087,1110
andaman & nicobar islands,2022,1,8088,1618
andaman & nicobar islands,2022,2,8089,2036
andaman & nicobar islands,2022,3,8090,2469
andaman & nicobar islands,2022,4,8091,2740
andaman & nicobar islands,2023,1,8092,2880
andaman & nicobar islands,2023,2,8093,3030
andaman & nicobar islands,2023,3,8094,3143
andaman & nicobar islands,2023,4,8095,3205
andaman & nicobar islands,2024,1,8096,3255
andaman & nicobar islands,2024,2,8097,3440
andaman & nicobar islands,2024,3,8098,3739
andaman & nicobar islands,2024,4,8099,4041
andaman & nicobar islands,2025,1,8100,4344
andaman & nicobar islands,2025,2,8101,4589
andaman & nicobar islands,2025,3,8102,4894
andaman & nicobar islands,2025,4,8103,5260
andaman & nicobar islands,2026,1,8104,5541
andaman & nicobar islands,2026,2,8105,5789
andhra pradesh,2018,1,8072,30
andhra pradesh,2018,2,8073,140
andhra pradesh,2018,3,8074,9605
andhra pradesh,2018,4,8075,28877
andhra pradesh,2019,1,8076,117391
andhra pradesh,2019,2,8077,202343
andhra pradesh,2019,3,8078,282013
andhra pradesh,2019,4,8079,355373
andhra pradesh,2020,1,8080,413286
andhra pradesh,2020,2,8081,443589
andhra pradesh,2020,3,8082,523633
andhra pradesh,2020,4,8083,669451
andhra pradesh,2021,1,8084,778520
andhra pradesh,2021,2,8085,835962
andhra pradesh,2021,3,8086,913133
andhra pradesh,2021,4,8087,1003391
andhra pradesh,2022,1,8088,1087914
andhra pradesh,2022,2,8089,1160039
andhra pradesh,2022,3,8090,1223491
andhra pradesh,2022,4,8091,1272711
andhra pradesh,2023,1,8092,1291077
andhra pradesh,2023,2,8093,1318135
andhra pradesh,2023,3,8094,1365791
andhra pradesh,2023,4,8095,1424574
andhra pradesh,2024,1,8096,1500986
andhra pradesh,2024,2,8097,1563902
andhra pradesh,2024,3,8098,1619870
andhra pradesh,2024,4,8099,1683203
andhra pradesh,2025,1,8100,1740695
andhra pradesh,2025,2,8101,1794867
andhra pradesh,2025,3,8102,1846994
andhra pradesh,2025,4,8103,1916104
andhra pradesh,2026,1,8104,1971965
andhra pradesh,2026,2,8105,2031948
arunachal pradesh,2018,4,8075,2
arunachal pradesh,2019,1,8076,27
arunachal pradesh,2019,2,8077,81
arunachal pradesh,2019,3,8078,153
arunachal pradesh,2019,4,8079,195
arunachal pradesh,2020,1,8080,245
arunachal pradesh,2020,2,8081,290
arunachal pradesh,2020,3,8082,315
arunachal pradesh,2020,4,8083,364
arunachal pradesh,2021,1,8084,432
arunachal pradesh,2021,2,8085,565
arunachal pradesh,2021,3,8086,863
arunachal pradesh,2021,4,8087,1555
arunachal pradesh,2022,1,8088,2475
arunachal pradesh,2022,2,8089,3763
arunachal pradesh,2022,3,8090,7280
arunachal pradesh,2022,4,8091,9833
arunachal pradesh,2023,1,8092,10591
arunachal pradesh,2023,2,8093,11544
arunachal pradesh,2023,3,8094,13508
arunachal pradesh,2023,4,8095,15170
arunachal pradesh,2024,1,8096,16887
arunachal pradesh,2024,2,8097,18807
arunachal pradesh,2024,3,8098,20805
arunachal pradesh,2024,4,8099,22873
arunachal pradesh,2025,1,8100,24793
arunachal pradesh,2025,2,8101,26579
arunachal pradesh,2025,3,8102,28636
arunachal pradesh,2025,4,8103,30529
arunachal pradesh,2026,1,8104,32620
arunachal pradesh,2026,2,8105,35125
assam,2018,3,8074,12
assam,2018,4,8075,58
assam,2019,1,8076,2157
assam,2019,2,8077,6178
assam,2019,3,8078,8036
assam,2019,4,8079,9805
assam,2020,1,8080,11386
assam,2020,2,8081,12767
assam,2020,3,8082,14007
assam,2020,4,8083,18200
assam,2021,1,8084,41335
assam,2021,2,8085,70790
assam,2021,3,8086,115235
assam,2021,4,8087,178337
assam,2022,1,8088,254792
assam,2022,2,8089,312828
assam,2022,3,8090,375732
assam,2022,4,8091,428380
assam,2023,1,8092,468585
assam,2023,2,8093,498188
assam,2023,3,8094,538577
assam,2023,4,8095,574112
assam,2024,1,8096,611691
assam,2024,2,8097,645880
assam,2024,3,8098,683854
assam,2024,4,8099,725330
assam,2025,1,8100,761966
assam,2025,2,8101,794454
assam,2025,3,8102,832239
assam,2025,4,8103,886076
assam,2026,1,8104,925132
assam,2026,2,8105,984328
bihar,2018,1,8072,2
bihar,2018,2,8073,4
bihar,2018,3,8074,79
bihar,2018,4,8075,780
bihar,2019,1,8076,47091
bihar,2019,2,8077,136642
bihar,2019,3,8078,192625
bihar,2019,4,8079,237558
bihar,2020,1,8080,287792
bihar,2020,2,8081,310562
bihar,2020,3,8082,376344
bihar,2020,4,8083,527212
bihar,2021,1,8084,734157
bihar,2021,2,8085,873547
bihar,2021,3,8086,1100249
bihar,2021,4,8087,1305682
bihar,2022,1,8088,1548974
bihar,2022,2,8089,1703453
bihar,2022,3,8090,1848624
bihar,2022,4,8091,1983316
bihar,2023,1,8092,1998018
bihar,2023,2,8093,2036559
bihar,2023,3,8094,2114351
bihar,2023,4,8095,2194129
bihar,2024,1,8096,2272717
bihar,2024,2,8097,2362109
bihar,2024,3,8098,2458579
bihar,2024,4,8099,2553973
bihar,2025,1,8100,2640021
bihar,2025,2,8101,2722198
bihar,2025,3,8102,2811281
bihar,2025,4,8103,2921494
bihar,2026,1,8104,2994241
bihar,2026,2,8105,3076811
chandigarh,2018,2,8073,2
chandigarh,2018,3,8074,6
chandigarh,2018,4,8075,17
chandigarh,2019,1,8076,6750
chandigarh,2019,2,8077,15994
chandigarh,2019,3,8078,18880
chandigarh,2019,4,8079,21146
chandigarh,2020,1,8080,24121
chandigarh,2020,2,8081,25176
chandigarh,2020,3,8082,28162
chandigarh,2020,4,8083,31497
chandigarh,2021,1,8084,34879
chandigarh,2021,2,8085,37747
chandigarh,2021,3,8086,39808
chandigarh,2021,4,8087,41069
chandigarh,2022,1,8088,42930
chandigarh,2022,2,8089,44644
chandigarh,2022,3,8090,46291
chandigarh,2022,4,8091,47980
chandigarh,2023,1,8092,47270
chandigarh,2023,2,8093,48825
chandigarh,2023,3,8094,49865
chandigarh,2023,4,8095,50833
chandigarh,2024,1,8096,52271
chandigarh,2024,2,8097,53545
chandigarh,2024,3,8098,54821
chandigarh,2024,4,8099,56177
chandigarh,2025,1,8100,57875
chandigarh,2025,2,8101,59143
chandigarh,2025,3,8102,60176
chandigarh,2025,4,8103,61497
chandigarh,2026,1,8104,62840
chandigarh,2026,2,8105,64346
chhattisgarh,2018,1,8072,10
chhattisgarh,2018,2,8073,17
chhattisgarh,2018,3,8074,27
chhattisgarh,2018,4,8075,828
chhattisgarh,2019,1,8076,23858
chhattisgarh,2019,2,8077,48515
chhattisgarh,2019,3,8078,65116
chhattisgarh,2019,4,8079,82700
chhattisgarh,2020,1,8080,99397
chhattisgarh,2020,2,8081,105658
chhattisgarh,2020,3,8082,120657
chhattisgarh,2020,4,8083,153533
chhattisgarh,2021,1,8084,185878
chhattisgarh,2021,2,8085,198995
chhattisgarh,2021,3,8086,234841
chhattisgarh,2021,4,8087,278371
chhattisgarh,2022,1,8088,321437
chhattisgarh,2022,2,8089,353970
chhattisgarh,2022,3,8090,390945
chhattisgarh,2022,4,8091,425290
chhattisgarh,2023,1,8092,443733
chhattisgarh,2023,2,8093,457643
chhattisgarh,2023,3,8094,476302
chhattisgarh,2023,4,8095,494172
chhattisgarh,2024,1,8096,518348
chhattisgarh,2024,2,8097,542535
chhattisgarh,2024,3,8098,566499
chhattisgarh,2024,4,8099,593346
chhattisgarh,2025,1,8100,617762
chhattisgarh,2025,2,8101,639801
chhattisgarh,2025,3,8102,662495
chhattisgarh,2025,4,8103,687021
chhattisgarh,2026,1,8104,701882
chhattisgarh,2026,2,8105,715816
dadra & nagar haveli & daman & diu,2018,2,8073,1
dadra & nagar haveli & daman & diu,2018,3,8074,5
dadra & nagar haveli & daman & diu,2018,4,8075,9
dadra & nagar haveli & daman & diu,2019,1,8076,139
dadra & nagar haveli & daman & diu,2019,2,8077,1779
dadra & nagar haveli & daman & diu,2019,3,8078,3393
dadra & nagar haveli & daman & diu,2019,4,8079,4426
dadra & nagar haveli & daman & diu,2020,1,8080,5118
dadra & nagar haveli & daman & diu,2020,2,8081,5435
dadra & nagar haveli & daman & diu,2020,3,8082,7224
dadra & nagar haveli & daman & diu,2020,4,8083,9628
dadra & nagar haveli & daman & diu,2021,1,8084,11346
dadra & nagar haveli & daman & diu,2021,2,8085,11960
dadra & nagar haveli & daman & diu,2021,3,8086,13043
dadra & nagar haveli & daman & diu,2021,4,8087,14300
dadra & nagar haveli & daman & diu,2022,1,8088,15792
dadra & nagar haveli & daman & diu,2022,2,8089,16607
dadra & nagar haveli & daman & diu,2022,3,8090,17115
dadra & nagar haveli & daman & diu,2022,4,8091,17526
dadra & nagar haveli & daman & diu,2023,1,8092,17162
dadra & nagar haveli & daman & diu,2023,2,8093,17453
dadra & nagar haveli & daman & diu,2023,3,8094,18026
dadra & nagar haveli & daman & diu,2023,4,8095,18911
dadra & nagar haveli & daman & diu,2024,1,8096,20267
dadra & nagar haveli & daman & diu,2024,2,8097,21337
dadra & nagar haveli & daman & diu,2024,3,8098,22497
dadra & nagar haveli & daman & diu,2024,4,8099,23494
dadra & nagar haveli & daman & diu,2025,1,8100,24269
dadra & nagar haveli & daman & diu,2025,2,8101,24909
dadra & nagar haveli & daman & diu,2025,3,8102,25741
dadra & nagar haveli & daman & diu,2025,4,8103,26635
dadra & nagar haveli & daman & diu,2026,1,8104,27377
dadra & nagar haveli & daman & diu,2026,2,8105,27992
delhi,2018,1,8072,35
delhi,2018,2,8073,1582
delhi,2018,3,8074,20830
delhi,2018,4,8075,122312
delhi,2019,1,8076,291072
delhi,2019,2,8077,377636
delhi,2019,3,8078,457771
delhi,2019,4,8079,535746
delhi,2020,1,8080,620971
delhi,2020,2,8081,662128
delhi,2020,3,8082,806650
delhi,2020,4,8083,956264
delhi,2021,1,8084,1076714
delhi,2021,2,8085,1126168
delhi,2021,3,8086,1228686
delhi,2021,4,8087,1313333
delhi,2022,1,8088,1422784
delhi,2022,2,8089,1511233
delhi,2022,3,8090,1557751
delhi,2022,4,8091,1593056
delhi,2023,1,8092,1500599
delhi,2023,2,8093,1518643
delhi,2023,3,8094,1545075
delhi,2023,4,8095,1569273
delhi,2024,1,8096,1610556
delhi,2024,2,8097,1648369
delhi,2024,3,8098,1677600
delhi,2024,4,8099,1707724
delhi,2025,1,8100,1736526
delhi,2025,2,8101,1766050
delhi,2025,3,8102,1796474
delhi,2025,4,8103,1835425
delhi,2026,1,8104,1864615
delhi,2026,2,8105,1893905
goa,2018,2,8073,1
goa,2018,3,8074,4
goa,2018,4,8075,231
goa,2019,1,8076,766
goa,2019,2,8077,1863
goa,2019,3,8078,3458
goa,2019,4,8079,4792
goa,2020,1,8080,5584
goa,2020,2,8081,6457
goa,2020,3,8082,7492
goa,2020,4,8083,9461
goa,2021,1,8084,11748
goa,2021,2,8085,12752
goa,2021,3,8086,14847
goa,2021,4,8087,17696
goa,2022,1,8088,20221
goa,2022,2,8089,21786
goa,2022,3,8090,23829
goa,2022,4,8091,25200
goa,2023,1,8092,25609
goa,2023,2,8093,26285
goa,2023,3,8094,27362
goa,2023,4,8095,28389
goa,2024,1,8096,29320
goa,2024,2,8097,30281
goa,2024,3,8098,31250
goa,2024,4,8099,32281
goa,2025,1,8100,33494
goa,2025,2,8101,34446
goa,2025,3,8102,35183
goa,2025,4,8103,35734
goa,2026,1,8104,36079
goa,2026,2,8105,36404
gujarat,2018,1,8072,23
gujarat,2018,2,8073,112
gujarat,2018,3,8074,274
gujarat,2018,4,8075,1087
gujarat,2019,1,8076,50733
gujarat,2019,2,8077,218360
gujarat,2019,3,8078,379073
gujarat,2019,4,8079,479820
gujarat,2020,1,8080,575783
gujarat,2020,2,8081,623195
gujarat,2020,3,8082,757523
gujarat,2020,4,8083,915535
gujarat,2021,1,8084,1057340
gujarat,2021,2,8085,1139225
gujarat,2021,3,8086,1237105
gujarat,2021,4,8087,1293971
gujarat,2022,1,8088,1418981
gujarat,2022,2,8089,1508860
gujarat,2022,3,8090,1575338
gujarat,2022,4,8091,1624532
gujarat,2023,1,8092,1582606
gujarat,2023,2,8093,1606526
gujarat,2023,3,8094,1639176
gujarat,2023,4,8095,1672361
gujarat,2024,1,8096,1734621
gujarat,2024,2,8097,1790863
gujarat,2024,3,8098,1845568
gujarat,2024,4,8099,1897442
gujarat,2025,1,8100,1942361
gujarat,2025,2,8101,1982430
gujarat,2025,3,8102,2020150
gujarat,2025,4,8103,2064443
gujarat,2026,1,8104,2100808
gujarat,2026,2,8105,2136458
haryana,2018,1,8072,4
haryana,2018,2,8073,168
haryana,2018,3,8074,3949
haryana,2018,4,8075,29642
haryana,2019,1,8076,120132
haryana,2019,2,8077,192408
haryana,2019,3,8078,260991
haryana,2019,4,8079,318003
haryana,2020,1,8080,376341
haryana,2020,2,8081,404251
haryana,2020,3,8082,495270
haryana,2020,4,8083,596567
haryana,2021,1,8084,689584
haryana,2021,2,8085,752220
haryana,2021,3,8086,835658
haryana,2021,4,8087,918155
haryana,2022,1,8088,1026068
haryana,2022,2,8089,1106393
haryana,2022,3,8090,1171324
haryana,2022,4,8091,1231301
haryana,2023,1,8092,1205359
haryana,2023,2,8093,1231314
haryana,2023,3,8094,1272783
haryana,2023,4,8095,1309518
haryana,2024,1,8096,1349876
haryana,2024,2,8097,1395864
haryana,2024,3,8098,1436920
haryana,2024,4,8099,1480933
haryana,2025,1,8100,1522080
haryana,2025,2,8101,1559622
haryana,2025,3,8102,1596852
haryana,2025,4,8103,1643434
haryana,2026,1,8104,1672054
haryana,2026,2,8105,1706826
himachal pradesh,2018,2,8073,2
himachal pradesh,2018,3,8074,1
himachal pradesh,2018,4,8075,17
himachal pradesh,2019,1,8076,358
himachal pradesh,2019,2,8077,3990
himachal pradesh,2019,3,8078,7828
himachal pradesh,2019,4,8079,11892
himachal pradesh,2020,1,8080,14466
himachal pradesh,2020,2,8081,15575
himachal pradesh,2020,3,8082,18895
himachal pradesh,2020,4,8083,24496
himachal pradesh,2021,1,8084,31399
himachal pradesh,2021,2,8085,38403
himachal pradesh,2021,3,8086,50357
himachal pradesh,2021,4,8087,63178
himachal pradesh,2022,1,8088,75280
himachal pradesh,2022,2,8089,86078
himachal pradesh,2022,3,8090,94578
himachal pradesh,2022,4,8091,103146
himachal pradesh,2023,1,8092,105878
himachal pradesh,2023,2,8093,109661
himachal pradesh,2023,3,8094,113340
himachal pradesh,2023,4,8095,116857
himachal pradesh,2024,1,8096,120041
himachal pradesh,2024,2,8097,126235
himachal pradesh,2024,3,8098,130210
himachal pradesh,2024,4,8099,133259
himachal pradesh,2025,1,8100,136228
himachal pradesh,2025,2,8101,139315
himachal pradesh,2025,3,8102,142979
himachal pradesh,2025,4,8103,147497
himachal pradesh,2026,1,8104,150358
himachal pradesh,2026,2,8105,154191
jammu & kashmir,2018,1,8072,2
jammu & kashmir,2018,2,8073,2
jammu & kashmir,2018,3,8074,8
jammu & kashmir,2018,4,8075,21
jammu & kashmir,2019,1,8076,1545
jammu & kashmir,2019,2,8077,5604
jammu & kashmir,2019,3,8078,6323
jammu & kashmir,2019,4,8079,6435
jammu & kashmir,2020,1,8080,6711
jammu & kashmir,2020,2,8081,7274
jammu & kashmir,2020,3,8082,13647
jammu & kashmir,2020,4,8083,21742
jammu & kashmir,2021,1,8084,37358
jammu & kashmir,2021,2,8085,45615
jammu & kashmir,2021,3,8086,60539
jammu & kashmir,2021,4,8087,89313
jammu & kashmir,2022,1,8088,122511
jammu & kashmir,2022,2,8089,147683
jammu & kashmir,2022,3,8090,167970
jammu & kashmir,2022,4,8091,191336
jammu & kashmir,2023,1,8092,211380
jammu & kashmir,2023,2,8093,227949
jammu & kashmir,2023,3,8094,242043
jammu & kashmir,2023,4,8095,250758
jammu & kashmir,2024,1,8096,264241
jammu & kashmir,2024,2,8097,276715
jammu & kashmir,2024,3,8098,287841
jammu & kashmir,2024,4,8099,298282
jammu & kashmir,2025,1,8100,309405
jammu & kashmir,2025,2,8101,321443
jammu & kashmir,2025,3,8102,333554
jammu & kashmir,2025,4,8103,348390
jammu & kashmir,2026,1,8104,355982
jammu & kashmir,2026,2,8105,365134
jharkhand,2018,3,8074,16
jharkhand,2018,4,8075,227
jharkhand,2019,1,8076,39115
jharkhand,2019,2,8077,103275
jharkhand,2019,3,8078,147954
jharkhand,2019,4,8079,175728
jharkhand,2020,1,8080,208858
jharkhand,2020,2,8081,223796
jharkhand,2020,3,8082,268769
jharkhand,2020,4,8083,344805
jharkhand,2021,1,8084,414090
jharkhand,2021,2,8085,450674
jharkhand,2021,3,8086,512007
jharkhand,2021,4,8087,571098
jharkhand,2022,1,8088,638840
jharkhand,2022,2,8089,682752
jharkhand,2022,3,8090,717981
jharkhand,2022,4,8091,747878
jharkhand,2023,1,8092,732754
jharkhand,2023,2,8093,745398
jharkhand,2023,3,8094,766786
jharkhand,2023,4,8095,786962
jharkhand,2024,1,8096,810224
jharkhand,2024,2,8097,838391
jharkhand,2024,3,8098,866641
jharkhand,2024,4,8099,894994
jharkhand,2025,1,8100,920006
jharkhand,2025,2,8101,945687
jharkhand,2025,3,8102,973596
jharkhand,2025,4,8103,1007283
jharkhand,2026,1,8104,1030825
jharkhand,2026,2,8105,1055747
karnataka,2018,1,8072,11162
karnataka,2018,2,8073,18604
karnataka,2018,3,8074,65096
karnataka,2018,4,8075,230749
karnataka,2019,1,8076,386773
karnataka,2019,2,8077,596683
karnataka,2019,3,8078,786775
karnataka,2019,4,8079,938176
karnataka,2020,1,8080,1076061
karnataka,2020,2,8081,1155989
karnataka,2020,3,8082,1360600
karnataka,2020,4,8083,1559103
karnataka,2021,1,8084,1724839
karnataka,2021,2,8085,1777995
karnataka,2021,3,8086,1911755
karnataka,2021,4,8087,2036736
karnataka,2022,1,8088,2174104
karnataka,2022,2,8089,2291533
karnataka,2022,3,8090,2383894
karnataka,2022,4,8091,2456318
karnataka,2023,1,8092,2448968
karnataka,2023,2,8093,2486882
karnataka,2023,3,8094,2549956
karnataka,2023,4,8095,2616609
karnataka,2024,1,8096,2702444
karnataka,2024,2,8097,2776153
karnataka,2024,3,8098,2853759
karnataka,2024,4,8099,2925825
karnataka,2025,1,8100,2990287
karnataka,2025,2,8101,3049279
karnataka,2025,3,8102,3108462
karnataka,2025,4,8103,3182349
karnataka,2026,1,8104,3241683
karnataka,2026,2,8105,3305459
kerala,2018,1,8072,3
kerala,2018,2,8073,8
kerala,2018,3,8074,97
kerala,2018,4,8075,172
kerala,2019,1,8076,6922
kerala,2019,2,8077,36394
kerala,2019,3,8078,55423
kerala,2019,4,8079,69452
kerala,2020,1,8080,83256
kerala,2020,2,8081,91350
kerala,2020,3,8082,113135
kerala,2020,4,8083,168782
kerala,2021,1,8084,233096
kerala,2021,2,8085,257555
kerala,2021,3,8086,341400
kerala,2021,4,8087,474428
kerala,2022,1,8088,572466
kerala,2022,2,8089,632138
kerala,2022,3,8090,684116
kerala,2022,4,8091,727331
kerala,2023,1,8092,749862
kerala,2023,2,8093,763613
kerala,2023,3,8094,788966
kerala,2023,4,8095,817185
kerala,2024,1,8096,847785
kerala,2024,2,8097,876516
kerala,2024,3,8098,908337
kerala,2024,4,8099,940307
kerala,2025,1,8100,969176
kerala,2025,2,8101,995224
kerala,2025,3,8102,1020975
kerala,2025,4,8103,1050542
kerala,2026,1,8104,1070637
kerala,2026,2,8105,1091604
ladakh,2018,4,8075,3
ladakh,2019,1,8076,12
ladakh,2019,2,8077,30
ladakh,2019,3,8078,47
ladakh,2019,4,8079,64
ladakh,2020,1,8080,71
ladakh,2020,2,8081,79
ladakh,2020,3,8082,89
ladakh,2020,4,8083,109
ladakh,2021,1,8084,257
ladakh,2021,2,8085,504
ladakh,2021,3,8086,561
ladakh,2021,4,8087,612
ladakh,2022,1,8088,683
ladakh,2022,2,8089,785
ladakh,2022,3,8090,856
ladakh,2022,4,8091,891
ladakh,2023,1,8092,899
ladakh,2023,2,8093,922
ladakh,2023,3,8094,972
ladakh,2023,4,8095,1038
ladakh,2024,1,8096,1091
ladakh,2024,2,8097,1640
ladakh,2024,3,8098,2060
ladakh,2024,4,8099,2363
ladakh,2025,1,8100,2454
ladakh,2025,2,8101,2479
ladakh,2025,3,8102,2530
ladakh,2025,4,8103,2624
ladakh,2026,1,8104,2639
ladakh,2026,2,8105,2676
lakshadweep,2019,3,8078,1
lakshadweep,2019,4,8079,1
lakshadweep,2020,1,8080,2
lakshadweep,2020,2,8081,3
lakshadweep,2020,3,8082,4
lakshadweep,2020,4,8083,7
lakshadweep,2021,1,8084,10
lakshadweep,2021,2,8085,12
lakshadweep,2021,3,8086,16
lakshadweep,2021,4,8087,19
lakshadweep,2022,1,8088,23
lakshadweep,2022,2,8089,27
lakshadweep,2022,3,8090,31
lakshadweep,2022,4,8091,34
lakshadweep,2023,1,8092,34
lakshadweep,2023,2,8093,34
lakshadweep,2023,3,8094,34
lakshadweep,2023,4,8095,36
lakshadweep,2024,1,8096,56
lakshadweep,2024,2,8097,121
lakshadweep,2024,3,8098,183
lakshadweep,2024,4,8099,226
lakshadweep,2025,1,8100,271
lakshadweep,2025,2,8101,305
lakshadweep,2025,3,8102,330
lakshadweep,2025,4,8103,369
lakshadweep,2026,1,8104,369
lakshadweep,2026,2,8105,374
madhya pradesh,2018,1,8072,8
madhya pradesh,2018,2,8073,23
madhya pradesh,2018,3,8074,76
madhya pradesh,2018,4,8075,498
madhya pradesh,2019,1,8076,66408
madhya pradesh,2019,2,8077,225653
madhya pradesh,2019,3,8078,358087
madhya pradesh,2019,4,8079,440884
madhya pradesh,2020,1,8080,513846
madhya pradesh,2020,2,8081,550154
madhya pradesh,2020,3,8082,654441
madhya pradesh,2020,4,8083,839834
madhya pradesh,2021,1,8084,1038097
madhya pradesh,2021,2,8085,1117867
madhya pradesh,2021,3,8086,1314899
madhya pradesh,2021,4,8087,1523277
madhya pradesh,2022,1,8088,1697225
madhya pradesh,2022,2,8089,1812068
madhya pradesh,2022,3,8090,1923099
madhya pradesh,2022,4,8091,2040575
madhya pradesh,2023,1,8092,2083024
madhya pradesh,2023,2,8093,2142311
madhya pradesh,2023,3,8094,2210798
madhya pradesh,2023,4,8095,2279592
madhya pradesh,2024,1,8096,2371698
madhya pradesh,2024,2,8097,2466722
madhya pradesh,2024,3,8098,2568230
madhya pradesh,2024,4,8099,2674535
madhya pradesh,2025,1,8100,2763468
madhya pradesh,2025,2,8101,2838187
madhya pradesh,2025,3,8102,2916083
madhya pradesh,2025,4,8103,3018653
madhya pradesh,2026,1,8104,3081980
madhya pradesh,2026,2,8105,3144386
maharashtra,2018,1,8072,1643
maharashtra,2018,2,8073,6629
maharashtra,2018,3,8074,38653
maharashtra,2018,4,8075,229210
maharashtra,2019,1,8076,698175
maharashtra,2019,2,8077,1019256
maharashtra,2019,3,8078,1309633
maharashtra,2019,4,8079,1597195
maharashtra,2020,1,8080,1861784
maharashtra,2020,2,8081,1925780
maharashtra,2020,3,8082,2160587
maharashtra,2020,4,8083,2544284
maharashtra,2021,1,8084,2884303
maharashtra,2021,2,8085,3023504
maharashtra,2021,3,8086,3290552
maharashtra,2021,4,8087,3607998
maharashtra,2022,1,8088,3932588
maharashtra,2022,2,8089,4180983
maharashtra,2022,3,8090,4352350
maharashtra,2022,4,8091,4508736
maharashtra,2023,1,8092,4522908
maharashtra,2023,2,8093,4608963
maharashtra,2023,3,8094,4734743
maharashtra,2023,4,8095,4866495
maharashtra,2024,1,8096,5039829
maharashtra,2024,2,8097,5168187
maharashtra,2024,3,8098,5298716
maharashtra,2024,4,8099,5428259
maharashtra,2025,1,8100,5550838
maharashtra,2025,2,8101,5653784
maharashtra,2025,3,8102,5758748
maharashtra,2025,4,8103,5890201
maharashtra,2026,1,8104,6005973
maharashtra,2026,2,8105,6113793
manipur,2018,4,8075,3
manipur,2019,1,8076,59
manipur,2019,2,8077,165
manipur,2019,3,8078,269
manipur,2019,4,8079,358
manipur,2020,1,8080,441
manipur,2020,2,8081,523
manipur,2020,3,8082,557
manipur,2020,4,8083,638
manipur,2021,1,8084,714
manipur,2021,2,8085,988
manipur,2021,3,8086,1154
manipur,2021,4,8087,1356
manipur,2022,1,8088,1592
manipur,2022,2,8089,1799
manipur,2022,3,8090,1996
manipur,2022,4,8091,2742
manipur,2023,1,8092,5900
manipur,2023,2,8093,6848
manipur,2023,3,8094,6862
manipur,2023,4,8095,7555
manipur,2024,1,8096,10474
manipur,2024,2,8097,12042
manipur,2024,3,8098,14222
manipur,2024,4,8099,16334
manipur,2025,1,8100,18944
manipur,2025,2,8101,21382
manipur,2025,3,8102,25620
manipur,2025,4,8103,29734
manipur,2026,1,8104,32712
manipur,2026,2,8105,34456
meghalaya,2018,4,8075,3
meghalaya,2019,1,8076,28
meghalaya,2019,2,8077,90
meghalaya,2019,3,8078,145
meghalaya,2019,4,8079,199
meghalaya,2020,1,8080,251
meghalaya,2020,2,8081,295
meghalaya,2020,3,8082,308
meghalaya,2020,4,8083,383
meghalaya,2021,1,8084,720
meghalaya,2021,2,8085,1115
meghalaya,2021,3,8086,1444
meghalaya,2021,4,8087,2117
meghalaya,2022,1,8088,3093
meghalaya,2022,2,8089,3790
meghalaya,2022,3,8090,4307
meghalaya,2022,4,8091,5034
meghalaya,2023,1,8092,6230
meghalaya,2023,2,8093,6637
meghalaya,2023,3,8094,7310
meghalaya,2023,4,8095,7883
meghalaya,2024,1,8096,8557
meghalaya,2024,2,8097,9226
meghalaya,2024,3,8098,10529
meghalaya,2024,4,8099,11765
meghalaya,2025,1,8100,12654
meghalaya,2025,2,8101,13470
meghalaya,2025,3,8102,14795
meghalaya,2025,4,8103,16581
meghalaya,2026,1,8104,17977
meghalaya,2026,2,8105,21772
mizoram,2019,1,8076,8
mizoram,2019,2,8077,21
mizoram,2019,3,8078,48
mizoram,2019,4,8079,63
mizoram,2020,1,8080,82
mizoram,2020,2,8081,98
mizoram,2020,3,8082,101
mizoram,2020,4,8083,116
mizoram,2021,1,8084,126
mizoram,2021,2,8085,142
mizoram,2021,3,8086,176
mizoram,2021,4,8087,211
mizoram,2022,1,8088,253
mizoram,2022,2,8089,289
mizoram,2022,3,8090,349
mizoram,2022,4,8091,988
mizoram,2023,1,8092,1784
mizoram,2023,2,8093,2544
mizoram,2023,3,8094,3510
mizoram,2023,4,8095,4699
mizoram,2024,1,8096,6017
mizoram,2024,2,8097,7999
mizoram,2024,3,8098,11489
mizoram,2024,4,8099,13962
mizoram,2025,1,8100,16138
mizoram,2025,2,8101,17514
mizoram,2025,3,8102,19563
mizoram,2025,4,8103,21331
mizoram,2026,1,8104,22918
mizoram,2026,2,8105,24387
nagaland,2018,3,8074,1
nagaland,2018,4,8075,15
nagaland,2019,1,8076,32
nagaland,2019,2,8077,75
nagaland,2019,3,8078,151
nagaland,2019,4,8079,201
nagaland,2020,1,8080,237
nagaland,2020,2,8081,283
nagaland,2020,3,8082,304
nagaland,2020,4,8083,348
nagaland,2021,1,8084,390
nagaland,2021,2,8085,434
nagaland,2021,3,8086,553
nagaland,2021,4,8087,924
nagaland,2022,1,8088,1826
nagaland,2022,2,8089,3123
nagaland,2022,3,8090,3410
nagaland,2022,4,8091,4561
nagaland,2023,1,8092,4886
nagaland,2023,2,8093,4988
nagaland,2023,3,8094,5053
nagaland,2023,4,8095,5764
nagaland,2024,1,8096,7149
nagaland,2024,2,8097,8484
nagaland,2024,3,8098,9915
nagaland,2024,4,8099,11424
nagaland,2025,1,8100,12681
nagaland,2025,2,8101,13867
nagaland,2025,3,8102,15356
nagaland,2025,4,8103,16637
nagaland,2026,1,8104,17757
nagaland,2026,2,8105,19236
odisha,2018,1,8072,12
odisha,2018,2,8073,7
odisha,2018,3,8074,41
odisha,2018,4,8075,448
odisha,2019,1,8076,56750
odisha,2019,2,8077,149542
odisha,2019,3,8078,205674
odisha,2019,4,8079,251989
odisha,2020,1,8080,289381
odisha,2020,2,8081,304562
odisha,2020,3,8082,355640
odisha,2020,4,8083,464756
odisha,2021,1,8084,548595
odisha,2021,2,8085,597443
odisha,2021,3,8086,672683
odisha,2021,4,8087,756259
odisha,2022,1,8088,839004
odisha,2022,2,8089,897828
odisha,2022,3,8090,959371
odisha,2022,4,8091,1013277
odisha,2023,1,8092,1002402
odisha,2023,2,8093,1021368
odisha,2023,3,8094,1051651
odisha,2023,4,8095,1079039
odisha,2024,1,8096,1106573
odisha,2024,2,8097,1142368
odisha,2024,3,8098,1175562
odisha,2024,4,8099,1212893
odisha,2025,1,8100,1247790
odisha,2025,2,8101,1280523
odisha,2025,3,8102,1316523
odisha,2025,4,8103,1362649
odisha,2026,1,8104,1397254
odisha,2026,2,8105,1434708
puducherry,2018,3,8074,2
puducherry,2018,4,8075,193
puducherry,2019,1,8076,4824
puducherry,2019,2,8077,9678
puducherry,2019,3,8078,11936
puducherry,2019,4,8079,13809
puducherry,2020,1,8080,15161
puducherry,2020,2,8081,15759
puducherry,2020,3,8082,17736
puducherry,2020,4,8083,21019
puducherry,2021,1,8084,24614
puducherry,2021,2,8085,25656
puducherry,2021,3,8086,28079
puducherry,2021,4,8087,30615
puducherry,2022,1,8088,33226
puducherry,2022,2,8089,35254
puducherry,2022,3,8090,36822
puducherry,2022,4,8091,38131
puducherry,2023,1,8092,38372
puducherry,2023,2,8093,38895
puducherry,2023,3,8094,39645
puducherry,2023,4,8095,40430
puducherry,2024,1,8096,41484
puducherry,2024,2,8097,42724
puducherry,2024,3,8098,44051
puducherry,2024,4,8099,45073
puducherry,2025,1,8100,46196
puducherry,2025,2,8101,47524
puducherry,2025,3,8102,48779
puducherry,2025,4,8103,49890
puducherry,2026,1,8104,50591
puducherry,2026,2,8105,51299
punjab,2018,1,8072,12
punjab,2018,2,8073,12
punjab,2018,3,8074,17
punjab,2018,4,8075,113
punjab,2019,1,8076,19290
punjab,2019,2,8077,62954
punjab,2019,3,8078,91197
punjab,2019,4,8079,116388
punjab,2020,1,8080,140707
punjab,2020,2,8081,149795
punjab,2020,3,8082,181331
punjab,2020,4,8083,228303
punjab,2021,1,8084,284376
punjab,2021,2,8085,338480
punjab,2021,3,8086,402314
punjab,2021,4,8087,466703
punjab,2022,1,8088,542139
punjab,2022,2,8089,604578
punjab,2022,3,8090,654993
punjab,2022,4,8091,703167
punjab,2023,1,8092,681611
punjab,2023,2,8093,700473
punjab,2023,3,8094,723574
punjab,2023,4,8095,746968
punjab,2024,1,8096,770732
punjab,2024,2,8097,798969
punjab,2024,3,8098,827225
punjab,2024,4,8099,854323
punjab,2025,1,8100,877203
punjab,2025,2,8101,895586
punjab,2025,3,8102,912817
punjab,2025,4,8103,931000
punjab,2026,1,8104,943590
punjab,2026,2,8105,958812
rajasthan,2018,1,8072,33
rajasthan,2018,2,8073,139
rajasthan,2018,3,8074,8587
rajasthan,2018,4,8075,45801
rajasthan,2019,1,8076,198786
rajasthan,2019,2,8077,329767
rajasthan,2019,3,8078,452793
rajasthan,2019,4,8079,542233
rajasthan,2020,1,8080,628462
rajasthan,2020,2,8081,671680
rajasthan,2020,3,8082,808116
rajasthan,2020,4,8083,981664
rajasthan,2021,1,8084,1160473
rajasthan,2021,2,8085,1273446
rajasthan,2021,3,8086,1461773
rajasthan,2021,4,8087,1643349
rajasthan,2022,1,8088,1863349
rajasthan,2022,2,8089,2003276
rajasthan,2022,3,8090,2112900
rajasthan,2022,4,8091,2221707
rajasthan,2023,1,8092,2212283
rajasthan,2023,2,8093,2257614
rajasthan,2023,3,8094,2324919
rajasthan,2023,4,8095,2406772
rajasthan,2024,1,8096,2513905
rajasthan,2024,2,8097,2630384
rajasthan,2024,3,8098,2738128
rajasthan,2024,4,8099,2840940
rajasthan,2025,1,8100,2927213
rajasthan,2025,2,8101,3005610
rajasthan,2025,3,8102,3082538
rajasthan,2025,4,8103,3178588
rajasthan,2026,1,8104,3240632
rajasthan,2026,2,8105,3314270
sikkim,2018,4,8075,1
sikkim,2019,1,8076,15
sikkim,2019,2,8077,57
sikkim,2019,3,8078,111
sikkim,2019,4,8079,153
sikkim,2020,1,8080,197
sikkim,2020,2,8081,221
sikkim,2020,3,8082,242
sikkim,2020,4,8083,291
sikkim,2021,1,8084,399
sikkim,2021,2,8085,455
sikkim,2021,3,8086,792
sikkim,2021,4,8087,952
sikkim,2022,1,8088,1219
sikkim,2022,2,8089,1350
sikkim,2022,3,8090,1493
sikkim,2022,4,8091,1585
sikkim,2023,1,8092,1831
sikkim,2023,2,8093,2524
sikkim,2023,3,8094,3235
sikkim,2023,4,8095,3496
sikkim,2024,1,8096,4068
sikkim,2024,2,8097,4805
sikkim,2024,3,8098,6355
sikkim,2024,4,8099,7123
sikkim,2025,1,8100,7607
sikkim,2025,2,8101,8059
sikkim,2025,3,8102,8403
sikkim,2025,4,8103,8877
sikkim,2026,1,8104,9257
sikkim,2026,2,8105,9576
tamil nadu,2018,1,8072,48
tamil nadu,2018,2,8073,58
tamil nadu,2018,3,8074,211
tamil nadu,2018,4,8075,12417
tamil nadu,2019,1,8076,89054
tamil nadu,2019,2,8077,230529
tamil nadu,2019,3,8078,318903
tamil nadu,2019,4,8079,406910
tamil nadu,2020,1,8080,484793
tamil nadu,2020,2,8081,516057
tamil nadu,2020,3,8082,620844
tamil nadu,2020,4,8083,769374
tamil nadu,2021,1,8084,912668
tamil nadu,2021,2,8085,975536
tamil nadu,2021,3,8086,1089153
tamil nadu,2021,4,8087,1209788
tamil nadu,2022,1,8088,1356884
tamil nadu,2022,2,8089,1467182
tamil nadu,2022,3,8090,1553055
tamil nadu,2022,4,8091,1632127
tamil nadu,2023,1,8092,1653481
tamil nadu,2023,2,8093,1683247
tamil nadu,2023,3,8094,1731234
tamil nadu,2023,4,8095,1783632
tamil nadu,2024,1,8096,1856637
tamil nadu,2024,2,8097,1925501
tamil nadu,2024,3,8098,1991578
tamil nadu,2024,4,8099,2054574
tamil nadu,2025,1,8100,2114180
tamil nadu,2025,2,8101,2173347
tamil nadu,2025,3,8102,2227787
tamil nadu,2025,4,8103,2282219
tamil nadu,2026,1,8104,2318838
tamil nadu,2026,2,8105,2358819
telangana,2018,1,8072,36
telangana,2018,2,8073,395
telangana,2018,3,8074,31579
telangana,2018,4,8075,116006
telangana,2019,1,8076,280921
telangana,2019,2,8077,388096
telangana,2019,3,8078,490375
telangana,2019,4,8079,571643
telangana,2020,1,8080,640815
telangana,2020,2,8081,673726
telangana,2020,3,8082,802189
telangana,2020,4,8083,986977
telangana,2021,1,8084,1156920
telangana,2021,2,8085,1230127
telangana,2021,3,8086,1326576
telangana,2021,4,8087,1434453
telangana,2022,1,8088,1545651
telangana,2022,2,8089,1632694
telangana,2022,3,8090,1698591
telangana,2022,4,8091,1755424
telangana,2023,1,8092,1767962
telangana,2023,2,8093,1798270
telangana,2023,3,8094,1844528
telangana,2023,4,8095,1893687
telangana,2024,1,8096,1974451
telangana,2024,2,8097,2034941
telangana,2024,3,8098,2090746
telangana,2024,4,8099,2147214
telangana,2025,1,8100,2196581
telangana,2025,2,8101,2246001
telangana,2025,3,8102,2298730
telangana,2025,4,8103,2374216
telangana,2026,1,8104,2425675
telangana,2026,2,8105,2481953
tripura,2018,4,8075,6
tripura,2019,1,8076,389
tripura,2019,2,8077,882
tripura,2019,3,8078,1187
tripura,2019,4,8079,1413
tripura,2020,1,8080,1614
tripura,2020,2,8081,1741
tripura,2020,3,8082,1801
tripura,2020,4,8083,1980
tripura,2021,1,8084,2294
tripura,2021,2,8085,4022
tripura,2021,3,8086,6525
tripura,2021,4,8087,9671
tripura,2022,1,8088,12351
tripura,2022,2,8089,15494
tripura,2022,3,8090,20339
tripura,2022,4,8091,23805
tripura,2023,1,8092,26411
tripura,2023,2,8093,28521
tripura,2023,3,8094,32375
tripura,2023,4,8095,35430
tripura,2024,1,8096,37140
tripura,2024,2,8097,38797
tripura,2024,3,8098,40877
tripura,2024,4,8099,43371
tripura,2025,1,8100,45840
tripura,2025,2,8101,47515
tripura,2025,3,8102,49397
tripura,2025,4,8103,51531
tripura,2026,1,8104,52868
tripura,2026,2,8105,55157
uttar pradesh,2018,1,8072,24
uttar pradesh,2018,2,8073,342
uttar pradesh,2018,3,8074,5805
uttar pradesh,2018,4,8075,44207
uttar pradesh,2019,1,8076,234825
uttar pradesh,2019,2,8077,480618
uttar pradesh,2019,3,8078,671645
uttar pradesh,2019,4,8079,828695
uttar pradesh,2020,1,8080,979673
uttar pradesh,2020,2,8081,1043964
uttar pradesh,2020,3,8082,1242714
uttar pradesh,2020,4,8083,1586664
uttar pradesh,2021,1,8084,2059413
uttar pradesh,2021,2,8085,2328409
uttar pradesh,2021,3,8086,2857565
uttar pradesh,2021,4,8087,3413744
uttar pradesh,2022,1,8088,4069314
uttar pradesh,2022,2,8089,4486248
uttar pradesh,2022,3,8090,4865043
uttar pradesh,2022,4,8091,5262234
uttar pradesh,2023,1,8092,5259389
uttar pradesh,2023,2,8093,5399393
uttar pradesh,2023,3,8094,5617414
uttar pradesh,2023,4,8095,5820508
uttar pradesh,2024,1,8096,6019346
uttar pradesh,2024,2,8097,6248571
uttar pradesh,2024,3,8098,6485244
uttar pradesh,2024,4,8099,6724830
uttar pradesh,2025,1,8100,6931337
uttar pradesh,2025,2,8101,7118781
uttar pradesh,2025,3,8102,7328300
uttar pradesh,2025,4,8103,7586405
uttar pradesh,2026,1,8104,7724417
uttar pradesh,2026,2,8105,7866204
uttarakhand,2018,3,8074,10
uttarakhand,2018,4,8075,102
uttarakhand,2019,1,8076,7020
uttarakhand,2019,2,8077,19747
uttarakhand,2019,3,8078,28981
uttarakhand,2019,4,8079,39058
uttarakhand,2020,1,8080,48320
uttarakhand,2020,2,8081,52918
uttarakhand,2020,3,8082,65658
uttarakhand,2020,4,8083,85892
uttarakhand,2021,1,8084,124324
uttarakhand,2021,2,8085,148562
uttarakhand,2021,3,8086,185660
uttarakhand,2021,4,8087,226561
uttarakhand,2022,1,8088,269957
uttarakhand,2022,2,8089,302643
uttarakhand,2022,3,8090,329037
uttarakhand,2022,4,8091,351700
uttarakhand,2023,1,8092,354593
uttarakhand,2023,2,8093,367202
uttarakhand,2023,3,8094,379354
uttarakhand,2023,4,8095,391364
uttarakhand,2024,1,8096,403865
uttarakhand,2024,2,8097,417986
uttarakhand,2024,3,8098,430448
uttarakhand,2024,4,8099,441710
uttarakhand,2025,1,8100,450722
uttarakhand,2025,2,8101,459615
uttarakhand,2025,3,8102,468380
uttarakhand,2025,4,8103,477700
uttarakhand,2026,1,8104,484584
uttarakhand,2026,2,8105,493992
west bengal,2018,1,8072,29
west bengal,2018,2,8073,153
west bengal,2018,3,8074,387
west bengal,2018,4,8075,2273
west bengal,2019,1,8076,160231
west bengal,2019,2,8077,408272
west bengal,2019,3,8078,557605
west bengal,2019,4,8079,667857
west bengal,2020,1,8080,775932
west bengal,2020,2,8081,813620
west bengal,2020,3,8082,922488
west bengal,2020,4,8083,1136123
west bengal,2021,1,8084,1344929
west bengal,2021,2,8085,1467960
west bengal,2021,3,8086,1640034
west bengal,2021,4,8087,1841977
west bengal,2022,1,8088,2052296
west bengal,2022,2,8089,2198980
west bengal,2022,3,8090,2336122
west bengal,2022,4,8091,2460123
west bengal,2023,1,8092,2476853
west bengal,2023,2,8093,2540990
west bengal,2023,3,8094,2645684
west bengal,2023,4,8095,2741155
west bengal,2024,1,8096,2845547
west bengal,2024,2,8097,2941809
west bengal,2024,3,8098,3036684
west bengal,2024,4,8099,3131480
west bengal,2025,1,8100,3221457
west bengal,2025,2,8101,3307755
west bengal,2025,3,8102,3397402
west bengal,2025,4,8103,3501166
west bengal,2026,1,8104,3567960
west bengal,2026,2,8105,3631496
