state,district,period_id,year,quarter,transactions,value_inr,registered_users,registered_merchants
andaman & nicobar islands,,8072,2018,1,9089,18569126.204451818,9292,
andaman & nicobar islands,,8073,2018,2,15062,35517275.86434877,12739,
andaman & nicobar islands,,8074,2018,3,21154,67343424.71247172,15949,
andaman & nicobar islands,,8075,2018,4,31139,107983057.52065912,20050,
andaman & nicobar islands,,8076,2019,1,40726,126352730.02408026,24369,5
andaman & nicobar islands,,8077,2019,2,46764,163354796.04235423,28099,9
andaman & nicobar islands,,8078,2019,3,40623,151428296.95221972,31181,22
andaman & nicobar islands,,8079,2019,4,41665,170840663.89588845,33871,34
andaman & nicobar islands,,8080,2020,1,49104,181027348.6617951,36875,55
andaman & nicobar islands,,8081,2020,2,78685,197252557.32084328,41393,67
andaman & nicobar islands,,8082,2020,3,143989,392083841.7156626,50005,76
andaman & nicobar islands,,8083,2020,4,272005,732159322.5032427,61520,187
andaman & nicobar islands,,8084,2021,1,316270,962447873.368161,69111,329
andaman & nicobar islands,,8085,2021,2,457972,1105731027.1761088,77369,406
andaman & nicobar islands,,8086,2021,3,587428,1530805193.8545938,85547,589
andaman & nicobar islands,,8087,2021,4,722741,2012194678.690066,94375,1110
andaman & nicobar islands,,8088,2022,1,998495,2453419279.5854826,102605,1618
andaman & nicobar islands,,8089,2022,2,1419556,3229468164.9089017,111074,2036
andaman & nicobar islands,,8090,2022,3,1876971,3727232315.104086,119671,2469
andaman & nicobar islands,,8091,2022,4,2263155,4313612056.401077,127606,2740
andaman & nicobar islands,,8092,2023,1,2449897,4656305779.671389,134328,2880
andaman & nicobar islands,,8093,2023,2,2939168,5236683780.982016,141172,3030
andaman & nicobar islands,,8094,2023,3,3294013,5429583227.211581,148091,3143
andaman & nicobar islands,,8095,2023,4,3921213,6538722461.517704,155470,3205
andaman & nicobar islands,,8096,2024,1,4328346,7073085032.739111,162750,3255
andaman & nicobar islands,,8097,2024,2,4795590,7495263210.120073,170651,3440
andaman & nicobar islands,,8098,2024,3,5294506,7666206641.658037,178309,3739
andaman & nicobar islands,,8099,2024,4,6079801,8934732725.344223,184669,4041
andaman & nicobar islands,,8100,2025,1,6332082,9162142602.949232,190713,4344
andaman & nicobar islands,,8101,2025,2,6375269,8893455438.409813,196844,4589
andaman & nicobar islands,,8102,2025,3,6731822,8790337988.9711,203056,4894
andaman & nicobar islands,,8103,2025,4,7609535,10377697808.657213,209295,5260
andaman & nicobar islands,,8104,2026,1,7964501,10927506389.645979,214818,5541
andaman & nicobar islands,,8105,2026,2,7753095,10442295042.827309,220759,5789
andhra pradesh,,8072,2018,1,10862829,14001071206.72507,2979027,30
andhra pradesh,,8073,2018,2,14697368,26355488600.117676,3941740,140
andhra pradesh,,8074,2018,3,29262730,40288693498.011696,4841052,9605
andhra pradesh,,8075,2018,4,35722329,57943164106.786865,6134766,28877
andhra pradesh,,8076,2019,1,67981444,98042197867.21909,7399826,117391
andhra pradesh,,8077,2019,2,73241659,144859083315.21857,8379878,202343
andhra pradesh,,8078,2019,3,93033155,177040315932.09756,9369779,282013
andhra pradesh,,8079,2019,4,130762980,254283893858.3307,10528985,355373
andhra pradesh,,8080,2020,1,159186574,328528062231.59393,11664133,413286
andhra pradesh,,8081,2020,2,176284886,380612306331.30676,12828761,443589
andhra pradesh,,8082,2020,3,251377109,585395478652.1339,14049378,523633
andhra pradesh,,8083,2020,4,326093276,760638671029.0725,15263807,669451
andhra pradesh,,8084,2021,1,360571899,827396576580.57,16309736,778520
andhra pradesh,,8085,2021,2,450715706,1067722803488.4009,17327874,835962
andhra pradesh,,8086,2021,3,552469257,1229581784431.981,18380260,913133
andhra pradesh,,8087,2021,4,576560191,1241105876775.0784,19405303,1003391
andhra pradesh,,8088,2022,1,725554627,1565634867542.4126,20341205,1087914
andhra pradesh,,8089,2022,2,840332341,1793485874297.8623,21272937,1160039
andhra pradesh,,8090,2022,3,956418056,1959402519798.4548,22199210,1223491
andhra pradesh,,8091,2022,4,1030438279,2028666459424.0625,23102641,1272711
andhra pradesh,,8092,2023,1,1138724913,2251807395014.746,23903359,1291077
andhra pradesh,,8093,2023,2,1295037315,2509703988271.9307,24687258,1318135
andhra pradesh,,8094,2023,3,1467644978,2654560419251.27,25473637,1365791
andhra pradesh,,8095,2023,4,1588297806,2811855025318.7295,26160960,1424574
andhra pradesh,,8096,2024,1,1749727590,3018505887112.872,26931791,1500986
andhra pradesh,,8097,2024,2,1920885662,3185673985146.1885,27773775,1563902
andhra pradesh,,8098,2024,3,2086058265,3227507134129.8457,28578957,1619870
andhra pradesh,,8099,2024,4,2292770050,3454536571052.4014,29497544,1683203
andhra pradesh,,8100,2025,1,2422886250,3666795723272.4346,30313656,1740695
andhra pradesh,,8101,2025,2,2530918973,3781520939571.639,31181805,1794867
andhra pradesh,,8102,2025,3,2700328888,3814695548343.5576,32097241,1846994
andhra pradesh,,8103,2025,4,2862709581,4000106326747.966,32906085,1916104
andhra pradesh,,8104,2026,1,3047429835,4349723573013.5205,33598777,1971965
andhra pradesh,,8105,2026,2,3245956863,4623697374921.988,34327612,2031948
arunachal pradesh,,8072,2018,1,56572,112009706.82247925,26660,
arunachal pradesh,,8073,2018,2,100858,239594007.44920862,39517,
arunachal pradesh,,8074,2018,3,160327,390349037.86985934,53503,
arunachal pradesh,,8075,2018,4,222216,597276469.6237385,71555,2
arunachal pradesh,,8076,2019,1,293223,762934389.2826967,88991,27
arunachal pradesh,,8077,2019,2,387295,1070406251.3836615,108855,81
arunachal pradesh,,8078,2019,3,456122,1290611112.9316866,128047,153
arunachal pradesh,,8079,2019,4,570808,1664821348.2619624,146946,195
arunachal pradesh,,8080,2020,1,696142,1928569155.032096,169049,245
arunachal pradesh,,8081,2020,2,972129,2479742352.6607533,198449,290
arunachal pradesh,,8082,2020,3,1160082,3346055621.9050674,228945,315
arunachal pradesh,,8083,2020,4,1393785,4195981781.202884,257285,364
arunachal pradesh,,8084,2021,1,1511740,4824985661.331147,279538,432
arunachal pradesh,,8085,2021,2,2126788,5874285594.840509,303657,565
arunachal pradesh,,8086,2021,3,2552879,7358989851.156297,327708,863
arunachal pradesh,,8087,2021,4,2781103,7765536383.489752,353110,1555
arunachal pradesh,,8088,2022,1,3643158,9915850686.493687,378277,2475
arunachal pradesh,,8089,2022,2,4904907,12095132402.063713,406742,3763
arunachal pradesh,,8090,2022,3,6325455,13636396793.285019,436558,7280
arunachal pradesh,,8091,2022,4,7474281,14697638125.945652,465208,9833
arunachal pradesh,,8092,2023,1,8416665,16792360774.756207,493307,10591
arunachal pradesh,,8093,2023,2,10917104,20359353648.82662,521967,11544
arunachal pradesh,,8094,2023,3,13227332,21637138207.620934,552339,13508
arunachal pradesh,,8095,2023,4,15084363,24771952971.461708,584620,15170
arunachal pradesh,,8096,2024,1,16868525,26693314814.200375,623413,16887
arunachal pradesh,,8097,2024,2,20110193,30367049709.014652,670071,18807
arunachal pradesh,,8098,2024,3,24519045,31440191935.077065,712965,20805
arunachal pradesh,,8099,2024,4,26790106,34929686801.95984,743265,22873
arunachal pradesh,,8100,2025,1,28407442,36223848602.66401,772957,24793
arunachal pradesh,,8101,2025,2,31151454,38572901830.24858,803428,26579
arunachal pradesh,,8102,2025,3,36334234,42295740825.88502,834455,28636
arunachal pradesh,,8103,2025,4,36103054,43631000044.51788,865553,30529
arunachal pradesh,,8104,2026,1,36174886,43929133553.19525,894421,32620
arunachal pradesh,,8105,2026,2,40632514,47494947481.35698,951240,35125
assam,,8072,2018,1,1295882,1391575090.9188318,449118,
assam,,8073,2018,2,1996901,2752709124.016653,669433,
assam,,8074,2018,3,2726534,4337172377.059211,900297,12
assam,,8075,2018,4,4296227,6693717176.148428,1200972,58
assam,,8076,2019,1,4947555,8430938338.259106,1461630,2157
assam,,8077,2019,2,5585407,10669441203.404137,1719942,6178
assam,,8078,2019,3,6054473,12546298666.063118,1997575,8036
assam,,8079,2019,4,6891858,14599084294.48947,2240183,9805
assam,,8080,2020,1,8674891,18864649389.34545,2534072,11386
assam,,8081,2020,2,11026960,19908371407.600346,2938372,12767
assam,,8082,2020,3,11961802,26368491655.51855,3266212,14007
assam,,8083,2020,4,14784484,36013810212.345345,3615153,18200
assam,,8084,2021,1,17317732,44333318961.29296,3929145,41335
assam,,8085,2021,2,22621193,51853860554.972015,4267940,70790
assam,,8086,2021,3,28693230,64005741457.90784,4661558,115235
assam,,8087,2021,4,35028733,77820924721.56917,5099567,178337
assam,,8088,2022,1,50025695,110373718442.02957,5551092,254792
assam,,8089,2022,2,64800277,127094723035.47563,6021618,312828
assam,,8090,2022,3,84341513,150673177993.96173,6517957,375732
assam,,8091,2022,4,97084626,172386294490.2151,6999042,428380
assam,,8092,2023,1,115216347,212425494987.1329,7478158,468585
assam,,8093,2023,2,139599202,235261543203.49353,7935267,498188
assam,,8094,2023,3,168278113,243468041626.96988,8451423,538577
assam,,8095,2023,4,194352109,285818446041.6975,9011333,574112
assam,,8096,2024,1,222628994,321206875230.3624,9619049,611691
assam,,8097,2024,2,274589008,345236981886.75684,10259479,645880
assam,,8098,2024,3,297749691,333320132729.0125,10865707,683854
assam,,8099,2024,4,333086043,382282177286.4366,11341543,725330
assam,,8100,2025,1,381449165,449262511160.80133,11808496,761966
assam,,8101,2025,2,412522853,444019860093.2911,12266826,794454
assam,,8102,2025,3,454562374,444477731627.2193,12771675,832239
assam,,8103,2025,4,468795161,468243373408.78876,13282617,886076
assam,,8104,2026,1,503481347,522964731937.307,13764766,925132
assam,,8105,2026,2,549125066,519696079352.86957,14095525,984328
bihar,,8072,2018,1,7267806,7318769108.557262,2173873,2
bihar,,8073,2018,2,10434579,15988264138.119148,3075993,4
bihar,,8074,2018,3,16507213,23175783209.3531,3846555,79
bihar,,8075,2018,4,18324599,32563096733.8254,4894391,780
bihar,,8076,2019,1,28578223,44383537984.84218,5903371,47091
bihar,,8077,2019,2,29212818,61070184415.5835,6750778,136642
bihar,,8078,2019,3,29692696,64038814257.19348,7595450,192625
bihar,,8079,2019,4,40967886,89108176121.19955,8557982,237558
bihar,,8080,2020,1,44056833,106616037981.9359,9579162,287792
bihar,,8081,2020,2,53954783,130329505836.33133,10810307,310562
bihar,,8082,2020,3,72779613,175427345182.79007,11972054,376344
bihar,,8083,2020,4,97696608,239429081339.50946,13128377,527212
bihar,,8084,2021,1,111690707,277382314169.3477,14274751,734157
bihar,,8085,2021,2,152928387,374306226227.0451,15401467,873547
bihar,,8086,2021,3,184812122,398169200251.47766,16692841,1100249
bihar,,8087,2021,4,211595139,455873110665.51166,17989043,1305682
bihar,,8088,2022,1,279365074,607780285452.8403,19351497,1548974
bihar,,8089,2022,2,350987405,741819444963.2347,20671708,1703453
bihar,,8090,2022,3,398081452,747732795859.8962,22066926,1848624
bihar,,8091,2022,4,478561642,881147256455.3129,23466284,1983316
bihar,,8092,2023,1,557298485,1037888852800.0654,24855994,1998018
bihar,,8093,2023,2,698546493,1224912261750.1792,26174400,2036559
bihar,,8094,2023,3,743992914,1148004167584.6228,27578408,2114351
bihar,,8095,2023,4,939309620,1436863360578.1116,29113524,2194129
bihar,,8096,2024,1,1086107837,1633842288997.5242,30849769,2272717
bihar,,8097,2024,2,1321734729,1878213500138.2026,32631512,2362109
bihar,,8098,2024,3,1354611186,1774925561306.6208,34194093,2458579
bihar,,8099,2024,4,1559808519,2092918508999.367,35663071,2553973
bihar,,8100,2025,1,1530666231,2084046921423.7925,37257833,2640021
bihar,,8101,2025,2,1793785807,2356277702190.085,38792069,2722198
bihar,,8102,2025,3,1804002017,2130102112192.274,40492727,2811281
bihar,,8103,2025,4,2022586363,2442715459709.96,42344157,2921494
bihar,,8104,2026,1,2098602814,2537338892793.637,43855409,2994241
bihar,,8105,2026,2,2289051873,2678141315406.1562,44813491,3076811
chandigarh,,8072,2018,1,223975,393507115.84811443,84504,
chandigarh,,8073,2018,2,319560,664062457.5527933,113150,2
chandigarh,,8074,2018,3,417919,971597704.0881219,141119,6
chandigarh,,8075,2018,4,603259,1354040230.1718202,175644,17
chandigarh,,8076,2019,1,876820,1678862941.0300002,207673,6750
chandigarh,,8077,2019,2,1081281,2214484682.804943,240155,15994
chandigarh,,8078,2019,3,1428205,2696336857.265588,268117,18880
chandigarh,,8079,2019,4,1663318,3246646185.7316084,292017,21146
chandigarh,,8080,2020,1,1776530,3334833902.532528,316683,24121
chandigarh,,8081,2020,2,1098495,2233114743.327046,341687,25176
chandigarh,,8082,2020,3,1787111,3631987949.8054485,368783,28162
chandigarh,,8083,2020,4,2610842,4860838678.860598,396747,31497
chandigarh,,8084,2021,1,3291014,5639239470.444478,420246,34879
chandigarh,,8085,2021,2,3336924,5688419002.539844,442163,37747
chandigarh,,8086,2021,3,4795459,7498822383.4005165,465065,39808
chandigarh,,8087,2021,4,5012587,7760737879.59054,487572,41069
chandigarh,,8088,2022,1,6026078,9061038154.153315,509170,42930
chandigarh,,8089,2022,2,7761882,10624481178.149662,529517,44644
chandigarh,,8090,2022,3,9175146,12189515329.976696,550651,46291
chandigarh,,8091,2022,4,9744704,12720512772.5428,569949,47980
chandigarh,,8092,2023,1,10182795,13320740709.154438,587987,47270
chandigarh,,8093,2023,2,12002645,15001734621.098116,605280,48825
chandigarh,,8094,2023,3,13514642,15978579212.550114,622265,49865
chandigarh,,8095,2023,4,13784981,16915170140.23735,639168,50833
chandigarh,,8096,2024,1,13667061,16541090390.048546,660057,52271
chandigarh,,8097,2024,2,16570280,18298504093.428207,682073,53545
chandigarh,,8098,2024,3,17830482,19398464952.299725,703169,54821
chandigarh,,8099,2024,4,18645893,20631840726.069115,721374,56177
chandigarh,,8100,2025,1,19931215,21239542165.21637,739749,57875
chandigarh,,8101,2025,2,20255468,21185658828.05371,757963,59143
chandigarh,,8102,2025,3,22149566,22397711070.192337,776162,60176
chandigarh,,8103,2025,4,22627910,23861736668.233253,794106,61497
chandigarh,,8104,2026,1,22820289,23784456763.001396,811491,62840
chandigarh,,8105,2026,2,25137055,25233291728.69225,829123,64346
chhattisgarh,,8072,2018,1,2308574,2600414470.835706,686395,10
chhattisgarh,,8073,2018,2,3380470,5020388075.196792,967619,17
chhattisgarh,,8074,2018,3,4512546,7219788715.082321,1229445,27
chhattisgarh,,8075,2018,4,6353226,10755271064.359688,1584333,828
chhattisgarh,,8076,2019,1,8806110,13924157587.499626,1925189,23858
chhattisgarh,,8077,2019,2,10141906,18246258174.340855,2212185,48515
chhattisgarh,,8078,2019,3,12460140,21416627955.839325,2488075,65116
chhattisgarh,,8079,2019,4,16357293,28463127103.098198,2780915,82700
chhattisgarh,,8080,2020,1,19093394,32590895619.612717,3094859,99397
chhattisgarh,,8081,2020,2,21009112,37624391296.12829,3484888,105658
chhattisgarh,,8082,2020,3,28282693,50717527358.68874,3897665,120657
chhattisgarh,,8083,2020,4,39804658,71088111288.6268,4302482,153533
chhattisgarh,,8084,2021,1,48630460,85037921799.0683,4682835,185878
chhattisgarh,,8085,2021,2,57474912,98787017765.85956,5078626,198995
chhattisgarh,,8086,2021,3,80717872,128856725337.29623,5517110,234841
chhattisgarh,,8087,2021,4,90986070,142897547581.29657,5951381,278371
chhattisgarh,,8088,2022,1,118651612,188186021689.86618,6380734,321437
chhattisgarh,,8089,2022,2,143649650,217141086234.92676,6782654,353970
chhattisgarh,,8090,2022,3,168777635,232335130975.735,7211969,390945
chhattisgarh,,8091,2022,4,192641774,267162792319.1936,7618238,425290
chhattisgarh,,8092,2023,1,214685457,299544060546.12585,8004123,443733
chhattisgarh,,8093,2023,2,250168113,331458751118.9755,8375641,457643
chhattisgarh,,8094,2023,3,283570782,349234131102.0796,8766380,476302
chhattisgarh,,8095,2023,4,322561838,404263598492.0149,9160798,494172
chhattisgarh,,8096,2024,1,366651062,463030150974.65735,9676480,518348
chhattisgarh,,8097,2024,2,412497773,495339525982.10114,10160209,542535
chhattisgarh,,8098,2024,3,443141845,495927695118.55237,10587536,566499
chhattisgarh,,8099,2024,4,500033921,575372077008.4672,10962228,593346
chhattisgarh,,8100,2025,1,498714795,585636844581.983,11341270,617762
chhattisgarh,,8101,2025,2,530238048,584957150370.3911,11716582,639801
chhattisgarh,,8102,2025,3,567750078,579430366109.4929,12105416,662495
chhattisgarh,,8103,2025,4,605701118,639303988608.5961,12478219,687021
chhattisgarh,,8104,2026,1,625441700,681983078745.7452,12825130,701882
chhattisgarh,,8105,2026,2,646201571,678401352461.2666,13192734,715816
dadra & nagar haveli & daman & diu,,8072,2018,1,175749,203738508.32623297,46505,
dadra & nagar haveli & daman & diu,,8073,2018,2,233330,339720413.4266238,62632,1
dadra & nagar haveli & daman & diu,,8074,2018,3,327117,494728286.08063436,79851,5
dadra & nagar haveli & daman & diu,,8075,2018,4,460719,718948346.7433174,101702,9
dadra & nagar haveli & daman & diu,,8076,2019,1,765460,972578611.6164718,122413,139
dadra & nagar haveli & daman & diu,,8077,2019,2,660479,1087297036.7210982,139004,1779
dadra & nagar haveli & daman & diu,,8078,2019,3,754087,1278812027.1439939,155873,3393
dadra & nagar haveli & daman & diu,,8079,2019,4,916877,1615369595.516838,174634,4426
dadra & nagar haveli & daman & diu,,8080,2020,1,1059367,1783068099.6136131,193453,5118
dadra & nagar haveli & daman & diu,,8081,2020,2,1128692,1665874471.905149,217392,5435
dadra & nagar haveli & daman & diu,,8082,2020,3,1381590,2246553945.8118267,239161,7224
dadra & nagar haveli & daman & diu,,8083,2020,4,2074476,3117756826.203451,264058,9628
dadra & nagar haveli & daman & diu,,8084,2021,1,2468208,3719731952.6275053,284780,11346
dadra & nagar haveli & daman & diu,,8085,2021,2,2814882,4058213192.3616095,304287,11960
dadra & nagar haveli & daman & diu,,8086,2021,3,4130800,5487801996.985148,326668,13043
dadra & nagar haveli & daman & diu,,8087,2021,4,4718714,6073199177.991066,349265,14300
dadra & nagar haveli & daman & diu,,8088,2022,1,6099780,7630083652.340666,369790,15792
dadra & nagar haveli & daman & diu,,8089,2022,2,7431344,8548899697.35703,390083,16607
dadra & nagar haveli & daman & diu,,8090,2022,3,9167713,10016928620.567108,410533,17115
dadra & nagar haveli & daman & diu,,8091,2022,4,10667542,11210383267.660694,431261,17526
dadra & nagar haveli & daman & diu,,8092,2023,1,11627938,12184562485.612377,449889,17162
dadra & nagar haveli & daman & diu,,8093,2023,2,13139339,13293978308.32088,467310,17453
dadra & nagar haveli & daman & diu,,8094,2023,3,14946369,14582297017.60117,484521,18026
dadra & nagar haveli & daman & diu,,8095,2023,4,17850712,16983535180.430668,502992,18911
dadra & nagar haveli & daman & diu,,8096,2024,1,20353556,18765466590.83841,522738,20267
dadra & nagar haveli & daman & diu,,8097,2024,2,22527545,19470526075.93761,542235,21337
dadra & nagar haveli & daman & diu,,8098,2024,3,24452181,20598707213.18743,560853,22497
dadra & nagar haveli & daman & diu,,8099,2024,4,27354023,22905248328.83792,579259,23494
dadra & nagar haveli & daman & diu,,8100,2025,1,27107809,22346971352.215958,597015,24269
dadra & nagar haveli & daman & diu,,8101,2025,2,28225351,23146137014.55257,613335,24909
dadra & nagar haveli & daman & diu,,8102,2025,3,31444001,24673354040.591118,630853,25741
dadra & nagar haveli & daman & diu,,8103,2025,4,32546677,26195111187.06368,647249,26635
dadra & nagar haveli & daman & diu,,8104,2026,1,33719156,26943767275.15291,661947,27377
dadra & nagar haveli & daman & diu,,8105,2026,2,33036223,26552512651.741745,685445,27992
delhi,,8072,2018,1,4861388,8271371793.392628,1954765,35
delhi,,8073,2018,2,6889986,13364589444.285055,2581867,1582
delhi,,8074,2018,3,12574966,19957898704.19008,3271387,20830
delhi,,8075,2018,4,24850974,31024643827.81318,4336314,122312
delhi,,8076,2019,1,36894345,44300658315.162735,5182927,291072
delhi,,8077,2019,2,43013774,58968863487.081665,5845734,377636
delhi,,8078,2019,3,55742193,76468995159.52313,6463153,457771
delhi,,8079,2019,4,62548835,93652030961.80515,6975942,535746
delhi,,8080,2020,1,64918068,101297919304.47128,7506500,620971
delhi,,8081,2020,2,52441310,81000333616.01228,8071753,662128
delhi,,8082,2020,3,73862510,129779470523.62761,8702719,806650
delhi,,8083,2020,4,101260942,177739597368.565,9361847,956264
delhi,,8084,2021,1,120153276,205668430518.44977,9968730,1076714
delhi,,8085,2021,2,121471283,202501475643.4478,10538375,1126168
delhi,,8086,2021,3,172751582,288115773262.44116,11160288,1228686
delhi,,8087,2021,4,180172118,312145482478.9022,11796958,1313333
delhi,,8088,2022,1,223152158,376375724015.03375,12414526,1422784
delhi,,8089,2022,2,280662698,443015534922.1724,12974749,1511233
delhi,,8090,2022,3,336144494,507114703182.28174,13539000,1557751
delhi,,8091,2022,4,365023307,556037697335.6055,14081903,1593056
delhi,,8092,2023,1,408284405,611515329918.7366,14595060,1500599
delhi,,8093,2023,2,479877785,661524275756.0029,15072030,1518643
delhi,,8094,2023,3,544463265,707384902988.8572,15541397,1545075
delhi,,8095,2023,4,595978737,800033234390.3937,16011335,1569273
delhi,,8096,2024,1,648689028,833026878275.8525,16600851,1610556
delhi,,8097,2024,2,774314356,895745968493.4221,17177363,1648369
delhi,,8098,2024,3,844711512,960894810351.4745,17734636,1677600
delhi,,8099,2024,4,910091437,1058824541586.6793,18256126,1707724
delhi,,8100,2025,1,946994561,1075695710049.5652,18767127,1736526
delhi,,8101,2025,2,988353361,1059397596251.9786,19263783,1766050
delhi,,8102,2025,3,1069317276,1110313539978.9946,19764135,1796474
delhi,,8103,2025,4,1087983371,1170618652301.9897,20229290,1835425
delhi,,8104,2026,1,1087780733,1157725625834.733,20688029,1864615
delhi,,8105,2026,2,1171904826,1176560966476.9006,21250201,1893905
goa,,8072,2018,1,183383,349066357.90028584,97236,
goa,,8073,2018,2,257510,535602446.42051774,128359,1
goa,,8074,2018,3,376513,784750606.0741248,160129,4
goa,,8075,2018,4,579647,1267443769.8483543,204229,231
goa,,8076,2019,1,869079,1729283766.1123345,248825,766
goa,,8077,2019,2,1066466,2165028896.673666,290801,1863
goa,,8078,2019,3,1351959,2683370624.34643,331094,3458
goa,,8079,2019,4,1901461,3915138021.176736,370015,4792
goa,,8080,2020,1,2308644,4491991521.593598,410941,5584
goa,,8081,2020,2,1740286,2715145069.5507383,451839,6457
goa,,8082,2020,3,2133105,3765761100.712038,499358,7492
goa,,8083,2020,4,4146283,7565195670.719751,553679,9461
goa,,8084,2021,1,6169621,11178477599.490131,596406,11748
goa,,8085,2021,2,5343431,8784725625.06963,634949,12752
goa,,8086,2021,3,7417529,11618809271.817026,677726,14847
goa,,8087,2021,4,11465988,18743523947.17128,720435,17696
goa,,8088,2022,1,13928876,21935946828.799046,759279,20221
goa,,8089,2022,2,16022094,24878187518.779408,796871,21786
goa,,8090,2022,3,17781281,25811794705.68304,835257,23829
goa,,8091,2022,4,23220664,33502458362.18222,871837,25200
goa,,8092,2023,1,24526280,35270734819.251785,904953,25609
goa,,8093,2023,2,26864800,38615163972.77406,935702,26285
goa,,8094,2023,3,27248674,37450380521.6337,967033,27362
goa,,8095,2023,4,33643920,44395207299.52843,1001527,28389
goa,,8096,2024,1,35146111,45445685425.66287,1039130,29320
goa,,8097,2024,2,37182439,47519409391.04823,1078255,30281
goa,,8098,2024,3,36966358,45991002795.0858,1117049,31250
goa,,8099,2024,4,46318894,56637741193.07748,1151724,32281
goa,,8100,2025,1,49193973,58807211950.65007,1185550,33494
goa,,8101,2025,2,45771675,55369449580.35414,1218114,34446
goa,,8102,2025,3,46150727,54338864093.71546,1252705,35183
goa,,8103,2025,4,52951592,63813316867.88237,1289056,35734
goa,,8104,2026,1,55169116,67324007480.50716,1325289,36079
goa,,8105,2026,2,55208797,69089808304.2454,1347940,36404
gujarat,,8072,2018,1,6635512,8197590210.3636875,2813458,23
gujarat,,8073,2018,2,8576111,13039616415.945614,3729318,112
gujarat,,8074,2018,3,12242103,18865469253.16249,4601012,274
gujarat,,8075,2018,4,16308079,26472137603.705414,5796205,1087
gujarat,,8076,2019,1,26455226,36847763352.85492,6920980,50733
gujarat,,8077,2019,2,27791578,46130544795.746445,7878532,218360
gujarat,,8078,2019,3,36868399,55866174464.90448,8815169,379073
gujarat,,8079,2019,4,41410517,73077071811.67056,9739656,479820
gujarat,,8080,2020,1,47012185,84177281289.14142,10722212,575783
gujarat,,8081,2020,2,44779825,70966369720.57262,11915415,623195
gujarat,,8082,2020,3,58773255,107948689525.47961,13038677,757523
gujarat,,8083,2020,4,77350802,145043226247.8315,14183614,915535
gujarat,,8084,2021,1,92994867,178693454967.36502,15212633,1057340
gujarat,,8085,2021,2,108741359,203060508004.0047,16194721,1139225
gujarat,,8086,2021,3,146565806,266874951666.12268,17323185,1237105
gujarat,,8087,2021,4,155616570,290763968555.83673,18430583,1293971
gujarat,,8088,2022,1,202167410,375175981366.9569,19483483,1418981
gujarat,,8089,2022,2,242865983,425192027731.0801,20492610,1508860
gujarat,,8090,2022,3,298170347,492460968385.96,21579615,1575338
gujarat,,8091,2022,4,329074518,548039488289.37463,22608675,1624532
gujarat,,8092,2023,1,369002002,602862655965.1804,23551635,1582606
gujarat,,8093,2023,2,425451706,650588973801.5613,24442139,1606526
gujarat,,8094,2023,3,485612014,713336692583.1819,25381367,1639176
gujarat,,8095,2023,4,542379120,803395243183.7517,26346004,1672361
gujarat,,8096,2024,1,614098314,881020106441.8213,27405423,1734621
gujarat,,8097,2024,2,701921455,919028632147.8857,28470147,1790863
gujarat,,8098,2024,3,763687586,970256325961.4185,29515495,1845568
gujarat,,8099,2024,4,831355510,1082230469473.0231,30455926,1897442
gujarat,,8100,2025,1,902261206,1110857728436.5906,31378561,1942361
gujarat,,8101,2025,2,919508876,1074252324352.9222,32256294,1982430
gujarat,,8102,2025,3,1045353791,1155632518250.8823,33195778,2020150
gujarat,,8103,2025,4,1048194862,1234864382391.2158,34132806,2064443
gujarat,,8104,2026,1,1127537297,1294388577019.7559,34953549,2100808
gujarat,,8105,2026,2,1157902686,1297688887688.3652,36083882,2136458
haryana,,8072,2018,1,5044397,7580699902.527901,1988481,4
haryana,,8073,2018,2,6867153,12521529537.944519,2621706,168
haryana,,8074,2018,3,9035319,17864845143.183334,3194626,3949
haryana,,8075,2018,4,14526062,27650255494.451317,3994128,29642
haryana,,8076,2019,1,25636840,38591994904.580345,4759566,120132
haryana,,8077,2019,2,28298601,51094727148.558624,5414773,192408
haryana,,8078,2019,3,36134187,62880149756.33475,6054463,260991
haryana,,8079,2019,4,44740993,82429204420.11588,6642686,318003
haryana,,8080,2020,1,51339201,94252119542.41226,7305629,376341
haryana,,8081,2020,2,46499694,89232924843.01035,7982067,404251
haryana,,8082,2020,3,67366856,128348575809.31851,8695590,495270
haryana,,8083,2020,4,91338622,176138927815.97955,9406195,596567
haryana,,8084,2021,1,105784676,194682830151.4549,10053988,689584
haryana,,8085,2021,2,124382433,232312577411.7166,10686682,752220
haryana,,8086,2021,3,165765789,279337569622.5245,11374312,835658
haryana,,8087,2021,4,172725358,309594718962.4182,12047369,918155
haryana,,8088,2022,1,220541832,382682595071.275,12718254,1026068
haryana,,8089,2022,2,271267385,444207427107.7095,13329477,1106393
haryana,,8090,2022,3,325918974,499123302373.1108,13974131,1171324
haryana,,8091,2022,4,346421564,550189071738.4247,14567786,1231301
haryana,,8092,2023,1,382428292,593038018688.3391,15150515,1205359
haryana,,8093,2023,2,458437725,663139120171.8699,15685619,1231314
haryana,,8094,2023,3,502016327,679488272348.9021,16228788,1272783
haryana,,8095,2023,4,555795275,786452421039.6418,16779114,1309518
haryana,,8096,2024,1,606097991,811854562422.356,17427671,1349876
haryana,,8097,2024,2,740372930,909199344753.5066,18087186,1395864
haryana,,8098,2024,3,797331124,927213659244.7268,18729218,1436920
haryana,,8099,2024,4,844101306,1035939449839.3926,19313789,1480933
haryana,,8100,2025,1,857633744,1042384562755.8115,19907909,1522080
haryana,,8101,2025,2,941499109,1093601683082.2201,20473762,1559622
haryana,,8102,2025,3,1011816347,1098443930838.6355,21056009,1596852
haryana,,8103,2025,4,1025189236,1197344182785.4304,21615414,1643434
haryana,,8104,2026,1,1030869286,1183521834050.4062,22159437,1672054
haryana,,8105,2026,2,1130714938,1263508678455.987,22839223,1706826
himachal pradesh,,8072,2018,1,532148,653574896.6591835,232961,
himachal pradesh,,8073,2018,2,752625,1221455463.8391795,321663,2
himachal pradesh,,8074,2018,3,983069,1754538049.2417238,411528,1
himachal pradesh,,8075,2018,4,1486465,2782592809.741012,536663,17
himachal pradesh,,8076,2019,1,2315161,3423445243.3702383,664582,358
himachal pradesh,,8077,2019,2,2594858,4771816578.540387,782863,3990
himachal pradesh,,8078,2019,3,2800215,5428453807.341392,895546,7828
himachal pradesh,,8079,2019,4,3593015,6985396691.332533,1005852,11892
himachal pradesh,,8080,2020,1,4235511,7195985019.600036,1132310,14466
himachal pradesh,,8081,2020,2,4848448,7841832501.0697975,1275538,15575
himachal pradesh,,8082,2020,3,5877958,10905705832.23328,1408247,18895
himachal pradesh,,8083,2020,4,7648490,14312857828.542429,1534598,24496
himachal pradesh,,8084,2021,1,8416756,15284058641.692795,1638990,31399
himachal pradesh,,8085,2021,2,10673405,18003833831.481735,1741024,38403
himachal pradesh,,8086,2021,3,12997641,22459107257.73033,1846491,50357
himachal pradesh,,8087,2021,4,13750261,23742042055.622837,1950122,63178
himachal pradesh,,8088,2022,1,16563694,26739954514.571903,2050007,75280
himachal pradesh,,8089,2022,2,22234130,33881003865.982437,2145736,86078
himachal pradesh,,8090,2022,3,24383236,35641730907.87379,2243636,94578
himachal pradesh,,8091,2022,4,27607097,38681552816.71495,2334678,103146
himachal pradesh,,8092,2023,1,28591197,38288728154.99783,2420834,105878
himachal pradesh,,8093,2023,2,36965811,47592612549.69776,2502650,109661
himachal pradesh,,8094,2023,3,34725152,42559427469.09868,2584543,113340
himachal pradesh,,8095,2023,4,40615274,49155662459.05554,2677484,116857
himachal pradesh,,8096,2024,1,40811785,48667221254.53458,2783894,120041
himachal pradesh,,8097,2024,2,54506909,60644407062.34276,2904980,126235
himachal pradesh,,8098,2024,3,50250250,56752036636.12981,3013084,130210
himachal pradesh,,8099,2024,4,54095801,63783710820.24858,3099424,133259
himachal pradesh,,8100,2025,1,57676428,63527597457.03926,3187150,136228
himachal pradesh,,8101,2025,2,63902910,68743474561.78065,3270465,139315
himachal pradesh,,8102,2025,3,60321591,63475574844.56685,3355425,142979
himachal pradesh,,8103,2025,4,62902497,71816498201.72183,3444065,147497
himachal pradesh,,8104,2026,1,62733321,69091806359.40977,3529338,150358
himachal pradesh,,8105,2026,2,74853009,82068147069.82556,3592809,154191
jammu & kashmir,,8072,2018,1,656163,592623090.2033798,256997,2
jammu & kashmir,,8073,2018,2,1086777,1213266618.9379668,380192,2
jammu & kashmir,,8074,2018,3,1277209,2141341083.7828207,476825,8
jammu & kashmir,,8075,2018,4,1268516,3101815416.7378845,601895,21
jammu & kashmir,,8076,2019,1,1828165,3498272585.7855463,740329,1545
jammu & kashmir,,8077,2019,2,2119162,5403213176.7618475,864680,5604
jammu & kashmir,,8078,2019,3,947784,3026506976.758377,911309,6323
jammu & kashmir,,8079,2019,4,272081,1153430776.5641694,934260,6435
jammu & kashmir,,8080,2020,1,852425,2717731573.0984516,1010260,6711
jammu & kashmir,,8081,2020,2,2478234,7385817104.091432,1132400,7274
jammu & kashmir,,8082,2020,3,3263787,10448451928.001057,1249897,13647
jammu & kashmir,,8083,2020,4,5697218,13861828201.924194,1396218,21742
jammu & kashmir,,8084,2021,1,6819001,14689457308.71754,1549842,37358
jammu & kashmir,,8085,2021,2,9759120,19030309332.015205,1701193,45615
jammu & kashmir,,8086,2021,3,12146768,25141751151.745125,1855715,60539
jammu & kashmir,,8087,2021,4,13451800,27038608302.84806,2040417,89313
jammu & kashmir,,8088,2022,1,16932419,31916535500.418865,2232542,122511
jammu & kashmir,,8089,2022,2,24566238,43852978538.412926,2422700,147683
jammu & kashmir,,8090,2022,3,30956037,52238599727.460464,2603073,167970
jammu & kashmir,,8091,2022,4,37429141,54950573837.60637,2801460,191336
jammu & kashmir,,8092,2023,1,42238384,56989379844.37264,2995581,211380
jammu & kashmir,,8093,2023,2,59065448,77930824657.73734,3178196,227949
jammu & kashmir,,8094,2023,3,67501820,87600579308.04288,3356452,242043
jammu & kashmir,,8095,2023,4,73674593,94888368455.39261,3588585,250758
jammu & kashmir,,8096,2024,1,77789259,94972171992.32114,3840608,264241
jammu & kashmir,,8097,2024,2,112089466,130230163165.34396,4103216,276715
jammu & kashmir,,8098,2024,3,121217339,144846888446.57068,4334950,287841
jammu & kashmir,,8099,2024,4,127341972,160964790491.79785,4516651,298282
jammu & kashmir,,8100,2025,1,132457102,150194823534.5383,4699442,309405
jammu & kashmir,,8101,2025,2,155749073,166352644525.11493,4865971,321443
jammu & kashmir,,8102,2025,3,163198940,177365135331.55194,5026228,333554
jammu & kashmir,,8103,2025,4,161467965,188185882406.2973,5205677,348390
jammu & kashmir,,8104,2026,1,154466958,172634617938.55566,5380456,355982
jammu & kashmir,,8105,2026,2,187742125,203028380125.5166,5645686,365134
jharkhand,,8072,2018,1,2678000,2859566816.5828524,880343,
jharkhand,,8073,2018,2,3756004,5562125948.332726,1238359,
jharkhand,,8074,2018,3,9200318,9973432389.379925,1545612,16
jharkhand,,8075,2018,4,7195365,11735730521.996979,1954512,227
jharkhand,,8076,2019,1,10723720,15422660565.0615,2344245,39115
jharkhand,,8077,2019,2,11813006,21079454312.56851,2680159,103275
jharkhand,,8078,2019,3,15944483,23997376549.448486,3022018,147954
jharkhand,,8079,2019,4,20545968,31768782167.634148,3396614,175728
jharkhand,,8080,2020,1,20690673,38005984652.31631,3782690,208858
jharkhand,,8081,2020,2,22126359,41175811278.05409,4198053,223796
jharkhand,,8082,2020,3,31367125,59164756770.200226,4625467,268769
jharkhand,,8083,2020,4,43790272,80715425964.23326,5079848,344805
jharkhand,,8084,2021,1,52349920,96054296641.15721,5505298,414090
jharkhand,,8085,2021,2,65088355,122250011704.13626,5909431,450674
jharkhand,,8086,2021,3,85440030,143139149140.78366,6377290,512007
jharkhand,,8087,2021,4,100429690,168572076881.3144,6872363,571098
jharkhand,,8088,2022,1,130487443,222356236530.36456,7352042,638840
jharkhand,,8089,2022,2,158327616,259653640097.40186,7783514,682752
jharkhand,,8090,2022,3,184873084,273793546041.3701,8271861,717981
jharkhand,,8091,2022,4,213455622,317476716109.8493,8761666,747878
jharkhand,,8092,2023,1,242977596,367883618513.0067,9222109,732754
jharkhand,,8093,2023,2,292499192,422886248541.147,9650559,745398
jharkhand,,8094,2023,3,321102668,419546015678.4694,10115548,766786
jharkhand,,8095,2023,4,379383888,501952800000.8065,10617881,786962
jharkhand,,8096,2024,1,429954770,561811929005.2913,11202660,810224
jharkhand,,8097,2024,2,502445409,621011595298.2496,11765547,838391
jharkhand,,8098,2024,3,522434285,608392838021.0088,12330147,866641
jharkhand,,8099,2024,4,586522767,702617568253.4089,12847879,894994
jharkhand,,8100,2025,1,599394968,738251651951.271,13390825,920006
jharkhand,,8101,2025,2,665832499,788657303063.193,13882870,945687
jharkhand,,8102,2025,3,695043900,751683222013.4165,14421897,973596
jharkhand,,8103,2025,4,739371210,826388939131.4963,14935840,1007283
jharkhand,,8104,2026,1,764591317,875924845949.5278,15393721,1030825
jharkhand,,8105,2026,2,815309961,908972692433.1243,15790280,1055747
karnataka,,8072,2018,1,11259403,17637623160.251854,3901200,11162
karnataka,,8073,2018,2,16008698,30747418632.821686,5226252,18604
karnataka,,8074,2018,3,23401492,43888971406.79382,6536115,65096
karnataka,,8075,2018,4,42808188,67783584568.181816,8476930,230749
karnataka,,8076,2019,1,84657050,114709621136.2433,10393952,386773
karnataka,,8077,2019,2,119618345,168764960519.15936,12052561,596683
karnataka,,8078,2019,3,179767497,222928023150.4122,13733198,786775
karnataka,,8079,2019,4,246189422,306446917780.66754,15440057,938176
karnataka,,8080,2020,1,278198437,365544124508.5454,17044952,1076061
karnataka,,8081,2020,2,212551929,323323995220.1348,18659833,1155989
karnataka,,8082,2020,3,300996207,475946166041.82654,20469767,1360600
karnataka,,8083,2020,4,428937584,656829679389.3723,22376108,1559103
karnataka,,8084,2021,1,521967299,752831794629.573,24058436,1724839
karnataka,,8085,2021,2,527810680,831158630288.7233,25647896,1777995
karnataka,,8086,2021,3,746649773,1121937537110.1548,27447523,1911755
karnataka,,8087,2021,4,801331486,1182460315270.1006,29180661,2036736
karnataka,,8088,2022,1,1035726006,1526632375838.833,30809500,2174104
karnataka,,8089,2022,2,1261631220,1828098602933.223,32374488,2291533
karnataka,,8090,2022,3,1499846853,2033196715924.187,33953647,2383894
karnataka,,8091,2022,4,1636914664,2207804195613.2246,35452134,2456318
karnataka,,8092,2023,1,1832273719,2470385672596.304,36773789,2448968
karnataka,,8093,2023,2,2052780671,2779793686048.242,38043386,2486882
karnataka,,8094,2023,3,2357608666,2985013622701.8813,39411658,2549956
karnataka,,8095,2023,4,2550471370,3249475283077.739,40600790,2616609
karnataka,,8096,2024,1,2786714019,3491284543661.434,41888288,2702444
karnataka,,8097,2024,2,3029221824,3786672027453.246,43157465,2776153
karnataka,,8098,2024,3,3259303462,3911831838299.791,44350489,2853759
karnataka,,8099,2024,4,3457573836,4158667439552.8296,45668243,2925825
karnataka,,8100,2025,1,3729923285,4428287746523.693,46870457,2990287
karnataka,,8101,2025,2,3730080830,4479122979444.309,48100388,3049279
karnataka,,8102,2025,3,3852915704,4385483377903.0444,49293465,3108462
karnataka,,8103,2025,4,4064289183,4658806848239.615,50339561,3182349
karnataka,,8104,2026,1,4228148988,4953796605453.972,51308731,3241683
karnataka,,8105,2026,2,4491711923,5292341222754.296,52534800,3305459
kerala,,8072,2018,1,1825372,2419982815.1613374,776998,3
kerala,,8073,2018,2,2318135,3784132744.6722517,1053063,8
kerala,,8074,2018,3,3089723,5223931290.203843,1311720,97
kerala,,8075,2018,4,4444604,7775997131.858362,1712592,172
kerala,,8076,2019,1,6612793,10360769392.460655,2073323,6922
kerala,,8077,2019,2,7662538,13417623455.490543,2457611,36394
kerala,,8078,2019,3,9633567,17115421520.797838,2881087,55423
kerala,,8079,2019,4,12974136,22014232923.56272,3357041,69452
kerala,,8080,2020,1,15435048,25568200637.84075,3898086,83256
kerala,,8081,2020,2,15681152,22928754785.609818,4520490,91350
kerala,,8082,2020,3,22302087,39547903350.2505,5337146,113135
kerala,,8083,2020,4,34407413,57569923779.03198,6108425,168782
kerala,,8084,2021,1,43831729,71423214754.64795,6650208,233096
kerala,,8085,2021,2,49530478,76654377740.94525,7167573,257555
kerala,,8086,2021,3,66171196,105680340079.37677,7726125,341400
kerala,,8087,2021,4,74793487,111505022241.01321,8323308,474428
kerala,,8088,2022,1,96434007,139999474580.00208,8855141,572466
kerala,,8089,2022,2,109257505,155452076681.6139,9344928,632138
kerala,,8090,2022,3,133133217,179785817262.17734,9864268,684116
kerala,,8091,2022,4,145153196,188993126385.9121,10342101,727331
kerala,,8092,2023,1,148764769,194875581991.6593,10759741,749862
kerala,,8093,2023,2,157861037,209357724479.30676,11135396,763613
kerala,,8094,2023,3,171587063,220873954649.31503,11534779,788966
kerala,,8095,2023,4,181170722,226951463919.4792,11984795,817185
kerala,,8096,2024,1,182097703,228424493895.03046,12400955,847785
kerala,,8097,2024,2,195529557,242690651335.99054,12860951,876516
kerala,,8098,2024,3,215505960,258924474745.4031,13360448,908337
kerala,,8099,2024,4,233271669,274488300829.11725,13798127,940307
kerala,,8100,2025,1,247777357,291529845374.05835,14209056,969176
kerala,,8101,2025,2,237505468,282921500230.21344,14603026,995224
kerala,,8102,2025,3,260965876,301251443344.1678,15022652,1020975
kerala,,8103,2025,4,281159658,316856950664.97546,15459282,1050542
kerala,,8104,2026,1,284616383,327358436194.98,15839220,1070637
kerala,,8105,2026,2,294649816,335501492227.256,16304760,1091604
ladakh,,8072,2018,1,7733,15241000.350078736,14795,
ladakh,,8073,2018,2,18412,56386931.460005626,21011,
ladakh,,8074,2018,3,30349,97489777.85152242,27274,
ladakh,,8075,2018,4,44498,157126695.5508374,35989,3
ladakh,,8076,2019,1,60270,187343278.23590055,44058,12
ladakh,,8077,2019,2,103394,370592586.9056551,51485,30
ladakh,,8078,2019,3,121018,472038870.3422937,56993,47
ladakh,,8079,2019,4,113210,464502753.7020103,62146,64
ladakh,,8080,2020,1,149508,528768954.05518544,68423,71
ladakh,,8081,2020,2,196402,704881827.1637564,74807,79
ladakh,,8082,2020,3,291625,1137269183.6259084,81517,89
ladakh,,8083,2020,4,400254,1364250617.5120263,89518,109
ladakh,,8084,2021,1,400146,1350829015.2245107,96146,257
ladakh,,8085,2021,2,650578,2108362311.0630236,102914,504
ladakh,,8086,2021,3,929963,3194633089.416123,109859,561
ladakh,,8087,2021,4,857639,2662955792.650712,117697,612
ladakh,,8088,2022,1,991962,2920273909.8131056,125119,683
ladakh,,8089,2022,2,1690971,4971962008.286831,131845,785
ladakh,,8090,2022,3,2078286,5792916606.523451,138524,856
ladakh,,8091,2022,4,1936688,4657431512.900627,146028,891
ladakh,,8092,2023,1,1882925,4287184387.0438447,152636,899
ladakh,,8093,2023,2,3396028,7790389777.205618,158956,922
ladakh,,8094,2023,3,4065626,8966210701.853298,164962,972
ladakh,,8095,2023,4,3523487,7515335519.66155,173131,1038
ladakh,,8096,2024,1,3253441,6588273640.862362,180765,1091
ladakh,,8097,2024,2,5691939,10732962147.415825,190668,1640
ladakh,,8098,2024,3,6963228,12732979334.10912,199266,2060
ladakh,,8099,2024,4,5732422,10928747032.72503,206450,2363
ladakh,,8100,2025,1,4829929,8573236123.000704,213189,2454
ladakh,,8101,2025,2,7653712,12456512178.718197,219995,2479
ladakh,,8102,2025,3,8782266,14123088628.170713,225152,2530
ladakh,,8103,2025,4,6343728,11502761378.19001,231656,2624
ladakh,,8104,2026,1,5780356,9734397006.12715,237706,2639
ladakh,,8105,2026,2,9257425,15460287202.182652,250921,2676
lakshadweep,,8072,2018,1,1124,3053772.2105995324,862,
lakshadweep,,8073,2018,2,2875,8629831.452342758,1172,
lakshadweep,,8074,2018,3,2676,7647500.449565986,1491,
lakshadweep,,8075,2018,4,3019,9506907.55399945,1903,
lakshadweep,,8076,2019,1,4622,15684901.402080331,2320,
lakshadweep,,8077,2019,2,5608,16590874.568089645,2763,
lakshadweep,,8078,2019,3,5310,16856067.000797197,3275,1
lakshadweep,,8079,2019,4,6097,19723480.776782963,3708,1
lakshadweep,,8080,2020,1,8729,26322589.50098286,4140,2
lakshadweep,,8081,2020,2,11502,30917214.412092242,4578,3
lakshadweep,,8082,2020,3,13906,37809773.97093214,5137,4
lakshadweep,,8083,2020,4,17672,47628614.570741504,5775,7
lakshadweep,,8084,2021,1,16065,49159946.33657811,6336,10
lakshadweep,,8085,2021,2,20788,49741657.90632099,6816,12
lakshadweep,,8086,2021,3,24627,71786359.45006213,7374,16
lakshadweep,,8087,2021,4,25317,80761077.71397853,7965,19
lakshadweep,,8088,2022,1,30348,100573065.28366517,8435,23
lakshadweep,,8089,2022,2,33079,98136938.13431954,8885,27
lakshadweep,,8090,2022,3,34974,100075631.86162713,9374,31
lakshadweep,,8091,2022,4,37014,107487767.57716052,9808,34
lakshadweep,,8092,2023,1,43520,120064282.06789017,10183,34
lakshadweep,,8093,2023,2,50557,135198933.54788214,10584,34
lakshadweep,,8094,2023,3,61690,127653819.3961912,11059,34
lakshadweep,,8095,2023,4,96514,176451021.5524603,11676,36
lakshadweep,,8096,2024,1,120325,194003286.42437226,12330,56
lakshadweep,,8097,2024,2,161844,213925009.20390275,13251,121
lakshadweep,,8098,2024,3,183660,214944305.44486734,14065,183
lakshadweep,,8099,2024,4,228820,279685503.6960153,14725,226
lakshadweep,,8100,2025,1,286444,330371406.7975748,15368,271
lakshadweep,,8101,2025,2,282186,285436602.3281379,15987,305
lakshadweep,,8102,2025,3,295580,269362417.0022364,16553,330
lakshadweep,,8103,2025,4,326937,328386753.1594286,17251,369
lakshadweep,,8104,2026,1,351993,352164967.7721263,17882,369
lakshadweep,,8105,2026,2,371196,370577513.7308949,18419,374
madhya pradesh,,8072,2018,1,8614129,9240858109.528643,2501837,8
madhya pradesh,,8073,2018,2,11249274,16791412396.439934,3390239,23
madhya pradesh,,8074,2018,3,18062698,25331787718.834587,4233736,76
madhya pradesh,,8075,2018,4,22807607,35619617648.65941,5311159,498
madhya pradesh,,8076,2019,1,38928866,49298676966.62583,6383958,66408
madhya pradesh,,8077,2019,2,41244464,67755802214.78655,7278165,225653
madhya pradesh,,8078,2019,3,54896351,79071968085.57455,8231531,358087
madhya pradesh,,8079,2019,4,71003068,108819575634.9737,9219787,440884
madhya pradesh,,8080,2020,1,80393376,128103419316.96422,10260896,513846
madhya pradesh,,8081,2020,2,75708003,145115611014.9742,11514232,550154
madhya pradesh,,8082,2020,3,105895534,198051918982.3343,12744642,654441
madhya pradesh,,8083,2020,4,147699496,269845055092.3077,13925932,839834
madhya pradesh,,8084,2021,1,187447068,319696045419.14996,15131202,1038097
madhya pradesh,,8085,2021,2,203308974,393063852579.44696,16251687,1117867
madhya pradesh,,8086,2021,3,286544938,471043596822.1968,17570524,1314899
madhya pradesh,,8087,2021,4,321167679,527428491137.57495,18846562,1523277
madhya pradesh,,8088,2022,1,418657344,670680907516.0426,20115633,1697225
madhya pradesh,,8089,2022,2,490063972,789356451377.2751,21283425,1812068
madhya pradesh,,8090,2022,3,564992533,805308274469.1998,22575200,1923099
madhya pradesh,,8091,2022,4,640668697,939572408725.7617,23793582,2040575
madhya pradesh,,8092,2023,1,730638617,1058319171944.054,24981019,2083024
madhya pradesh,,8093,2023,2,843782510,1197411249860.0825,26193021,2142311
madhya pradesh,,8094,2023,3,974634662,1234399612492.1458,27512164,2210798
madhya pradesh,,8095,2023,4,1098779303,1426823070181.1738,28703519,2279592
madhya pradesh,,8096,2024,1,1283443129,1626171196855.5493,30087710,2371698
madhya pradesh,,8097,2024,2,1432136665,1777347668076.4536,31399806,2466722
madhya pradesh,,8098,2024,3,1534489500,1759428066717.689,32634553,2568230
madhya pradesh,,8099,2024,4,1681877662,2001212724870.6377,33718050,2674535
madhya pradesh,,8100,2025,1,1723435663,2033055917651.601,34868747,2763468
madhya pradesh,,8101,2025,2,1837319230,2168370196643.178,35961457,2838187
madhya pradesh,,8102,2025,3,1980337761,2098642107160.6836,37166358,2916083
madhya pradesh,,8103,2025,4,2101082439,2331864870681.1763,38249438,3018653
madhya pradesh,,8104,2026,1,2186611174,2424177486736.081,39250624,3081980
madhya pradesh,,8105,2026,2,2283838085,2568376073176.965,40093377,3144386
maharashtra,,8072,2018,1,15771297,20616284599.60267,6133954,1643
maharashtra,,8073,2018,2,21707384,34569981679.03545,8236836,6629
maharashtra,,8074,2018,3,30786153,50334957437.10378,10390459,38653
maharashtra,,8075,2018,4,45715147,76570396171.72795,13355155,229210
maharashtra,,8076,2019,1,73874732,107583453017.91046,16274312,698175
maharashtra,,8077,2019,2,99331337,147421594256.61255,18737804,1019256
maharashtra,,8078,2019,3,148759948,194352348539.17316,21322044,1309633
maharashtra,,8079,2019,4,196478271,260156648249.87997,23734339,1597195
maharashtra,,8080,2020,1,233758463,308295755638.30304,26163809,1861784
maharashtra,,8081,2020,2,180429884,281354616792.98035,28790127,1925780
maharashtra,,8082,2020,3,259184002,417445438172.2079,31432433,2160587
maharashtra,,8083,2020,4,397059155,598117839589.4216,34404572,2544284
maharashtra,,8084,2021,1,488141386,712800108227.8447,36994904,2884303
maharashtra,,8085,2021,2,533231187,829232878614.5254,39429859,3023504
maharashtra,,8086,2021,3,734586580,1040338295534.0461,42170156,3290552
maharashtra,,8087,2021,4,821255563,1161752565942.6445,44928344,3607998
maharashtra,,8088,2022,1,1069812670,1484934108466.9033,47511322,3932588
maharashtra,,8089,2022,2,1272760072,1740994209212.3047,49858004,4180983
maharashtra,,8090,2022,3,1481906141,1915987311841.3394,52289467,4352350
maharashtra,,8091,2022,4,1659335577,2150909817409.1558,54629272,4508736
maharashtra,,8092,2023,1,1843209645,2363317566724.5234,56723036,4522908
maharashtra,,8093,2023,2,2058432368,2604704587837.528,58661548,4608963
maharashtra,,8094,2023,3,2288748568,2753519460899.4004,60617867,4734743
maharashtra,,8095,2023,4,2568566942,3105786845149.348,62581750,4866495
maharashtra,,8096,2024,1,2831435504,3382002942775.5654,64700862,5039829
maharashtra,,8097,2024,2,3056537192,3575026518542.9116,66770730,5168187
maharashtra,,8098,2024,3,3286087251,3690379263272.1494,69582864,5298716
maharashtra,,8099,2024,4,3634900999,4152526918695.738,72020866,5428259
maharashtra,,8100,2025,1,3904534550,4335348832646.413,74177131,5550838
maharashtra,,8101,2025,2,4035923246,4459847561600.475,76247239,5653784
maharashtra,,8102,2025,3,4306180488,4500210515384.953,78365134,5758748
maharashtra,,8103,2025,4,4618105060,4956544899176.127,80321622,5890201
maharashtra,,8104,2026,1,4829477429,5179476090387.984,82017557,6005973
maharashtra,,8105,2026,2,5064451991,5465176553156.582,84075442,6113793
manipur,,8072,2018,1,104908,152517177.2974037,35579,
manipur,,8073,2018,2,184930,296675858.0878379,54326,
manipur,,8074,2018,3,219782,436231935.4022121,71019,
manipur,,8075,2018,4,285294,690125762.2015524,93713,3
manipur,,8076,2019,1,322920,790454446.3704455,112463,59
manipur,,8077,2019,2,367371,985994013.9163172,130880,165
manipur,,8078,2019,3,412093,1155501039.9430437,150811,269
manipur,,8079,2019,4,511743,1456426016.7193756,170399,358
manipur,,8080,2020,1,606999,1627281632.673866,193166,441
manipur,,8081,2020,2,879294,2154620599.909894,232085,523
manipur,,8082,2020,3,1043328,2794156258.2445955,275979,557
manipur,,8083,2020,4,1186202,3644196614.1382523,306249,638
manipur,,8084,2021,1,1151135,3880846919.5235186,326912,714
manipur,,8085,2021,2,1435977,4129039191.3406844,346378,988
manipur,,8086,2021,3,1772255,5444167085.189641,367233,1154
manipur,,8087,2021,4,1782570,5545169786.397645,388184,1356
manipur,,8088,2022,1,2257271,6964838004.509034,406492,1592
manipur,,8089,2022,2,2451327,7208227925.014736,426522,1799
manipur,,8090,2022,3,2976452,8100189981.03102,448114,1996
manipur,,8091,2022,4,3217150,8403643887.5143385,467306,2742
manipur,,8092,2023,1,3435277,8751539696.43811,486209,5900
manipur,,8093,2023,2,1700053,4552576250.751693,496881,6848
manipur,,8094,2023,3,904737,3670828688.5792255,506910,6862
manipur,,8095,2023,4,2203468,6907044662.760012,528770,7555
manipur,,8096,2024,1,3974022,9381643367.636852,564185,10474
manipur,,8097,2024,2,5268375,11040117731.12242,603425,12042
manipur,,8098,2024,3,5806055,11771760861.082079,644220,14222
manipur,,8099,2024,4,5798310,12139401338.364204,668293,16334
manipur,,8100,2025,1,7775142,14315138066.16877,694042,18944
manipur,,8101,2025,2,8600635,14869751104.220009,719620,21382
manipur,,8102,2025,3,9804471,16224673451.813852,749966,25620
manipur,,8103,2025,4,9815029,16462749477.20841,783532,29734
manipur,,8104,2026,1,10234367,17003536000.669716,814173,32712
manipur,,8105,2026,2,10459691,16979159239.826668,854036,34456
meghalaya,,8072,2018,1,57738,76092836.20456234,22306,
meghalaya,,8073,2018,2,79675,131316474.46133497,31651,
meghalaya,,8074,2018,3,123884,233167830.81494468,42882,
meghalaya,,8075,2018,4,182356,368078549.99460316,56903,3
meghalaya,,8076,2019,1,233798,446378841.01343787,69850,28
meghalaya,,8077,2019,2,280284,589604772.2250164,83645,90
meghalaya,,8078,2019,3,326183,724948653.2435663,98774,145
meghalaya,,8079,2019,4,373215,841717696.7390778,112925,199
meghalaya,,8080,2020,1,440231,985286898.5929303,129019,251
meghalaya,,8081,2020,2,628610,1103805615.6365817,152632,295
meghalaya,,8082,2020,3,692059,1513957555.3695621,176427,308
meghalaya,,8083,2020,4,836361,2026601308.7769709,197575,383
meghalaya,,8084,2021,1,895045,2367708528.6778736,213559,720
meghalaya,,8085,2021,2,1126432,2534515849.849267,230094,1115
meghalaya,,8086,2021,3,1354216,3204114778.4993167,247942,1444
meghalaya,,8087,2021,4,1558644,3952050835.0893,267949,2117
meghalaya,,8088,2022,1,2011337,5366114455.583481,287587,3093
meghalaya,,8089,2022,2,2495929,6101621809.718108,307758,3790
meghalaya,,8090,2022,3,3224648,7207201086.186328,330639,4307
meghalaya,,8091,2022,4,3625736,8280326984.293905,352648,5034
meghalaya,,8092,2023,1,4171750,9672439462.99083,373661,6230
meghalaya,,8093,2023,2,5103808,10680548971.431965,394558,6637
meghalaya,,8094,2023,3,5927576,11034725792.028677,419409,7310
meghalaya,,8095,2023,4,7120043,13509073095.121254,450369,7883
meghalaya,,8096,2024,1,8252199,14955862694.89056,488538,8557
meghalaya,,8097,2024,2,10990422,16079921304.581762,536952,9226
meghalaya,,8098,2024,3,12096435,16187154478.952517,582628,10529
meghalaya,,8099,2024,4,13993116,19537014744.836548,611334,11765
meghalaya,,8100,2025,1,15566407,21882492467.99372,640474,12654
meghalaya,,8101,2025,2,17304246,21913728757.238136,670920,13470
meghalaya,,8102,2025,3,19876141,25631760302.720753,704327,14795
meghalaya,,8103,2025,4,19837650,25907174026.51288,742750,16581
meghalaya,,8104,2026,1,19926435,23441855945.13065,778471,17977
meghalaya,,8105,2026,2,22400813,24333710508.62982,821275,21772
mizoram,,8072,2018,1,22181,53160735.45542757,9312,
mizoram,,8073,2018,2,31560,94300176.91130026,12467,
mizoram,,8074,2018,3,45614,129714622.12975365,16728,
mizoram,,8075,2018,4,66234,213839671.52367637,22190,
mizoram,,8076,2019,1,85219,256961523.2200399,27134,8
mizoram,,8077,2019,2,100958,321899390.5114357,32162,21
mizoram,,8078,2019,3,114147,356730288.3142443,38565,48
mizoram,,8079,2019,4,144316,463491574.6950983,44755,63
mizoram,,8080,2020,1,179537,512023794.8715464,52556,82
mizoram,,8081,2020,2,227158,577686076.9074495,62148,98
mizoram,,8082,2020,3,282613,817121389.324712,75962,101
mizoram,,8083,2020,4,352855,1096221440.2761316,87194,116
mizoram,,8084,2021,1,384386,1265644701.42484,94488,126
mizoram,,8085,2021,2,469489,1293398978.7225688,101851,142
mizoram,,8086,2021,3,555934,1666750165.8631315,109595,176
mizoram,,8087,2021,4,565002,1762778939.6199198,116803,211
mizoram,,8088,2022,1,676714,2163424217.0168552,123574,253
mizoram,,8089,2022,2,735958,2227243030.2535167,130454,289
mizoram,,8090,2022,3,872923,2421358158.8989,138370,349
mizoram,,8091,2022,4,1018730,2778304892.2491627,146161,988
mizoram,,8092,2023,1,1116672,3027223071.995682,153259,1784
mizoram,,8093,2023,2,1286147,3263852337.1969995,160684,2544
mizoram,,8094,2023,3,1371224,3167055400.83658,169046,3510
mizoram,,8095,2023,4,1576249,3621619372.125742,179480,4699
mizoram,,8096,2024,1,1688924,3701436431.5462136,194379,6017
mizoram,,8097,2024,2,2072275,3870351855.01451,213479,7999
mizoram,,8098,2024,3,2395117,3942297215.9296303,246580,11489
mizoram,,8099,2024,4,2686856,4470132241.848989,258269,13962
mizoram,,8100,2025,1,3214911,4988579857.496769,270295,16138
mizoram,,8101,2025,2,3398805,4779116210.284388,282032,17514
mizoram,,8102,2025,3,3951837,5101955955.165985,295734,19563
mizoram,,8103,2025,4,4103095,5608639114.970993,312483,21331
mizoram,,8104,2026,1,4151140,5847542175.098959,327659,22918
mizoram,,8105,2026,2,4630626,6078019513.264366,349070,24387
nagaland,,8072,2018,1,52459,93045812.18725257,16047,
nagaland,,8073,2018,2,82859,188284254.35889083,23866,
nagaland,,8074,2018,3,117956,289452939.43801266,33223,1
nagaland,,8075,2018,4,173326,459578755.86046314,44601,15
nagaland,,8076,2019,1,214053,552573719.187345,55915,32
nagaland,,8077,2019,2,269720,724857602.930112,68483,75
nagaland,,8078,2019,3,318274,885863908.279764,82418,151
nagaland,,8079,2019,4,387002,1129891007.1426184,95667,201
nagaland,,8080,2020,1,457785,1216640719.3733199,110228,237
nagaland,,8081,2020,2,613591,1494171970.2284145,132841,283
nagaland,,8082,2020,3,767214,2071980086.1068025,175583,304
nagaland,,8083,2020,4,851689,2766834171.7933636,194444,348
nagaland,,8084,2021,1,877753,2906783684.0056076,208308,390
nagaland,,8085,2021,2,1107351,3195473116.112031,222211,434
nagaland,,8086,2021,3,1316726,4091491954.330838,236840,553
nagaland,,8087,2021,4,1369793,4397011067.663409,251384,924
nagaland,,8088,2022,1,1709875,5276073879.483517,266042,1826
nagaland,,8089,2022,2,1974012,5909718802.434075,281398,3123
nagaland,,8090,2022,3,2397145,6778968160.648544,297083,3410
nagaland,,8091,2022,4,2580507,7441611698.7912445,311555,4561
nagaland,,8092,2023,1,2834148,8050868360.056755,325241,4886
nagaland,,8093,2023,2,3091461,8263465628.271147,339039,4988
nagaland,,8094,2023,3,3581630,8858677977.630177,353878,5053
nagaland,,8095,2023,4,3953388,9905355331.48168,370492,5764
nagaland,,8096,2024,1,4412466,10241734675.10108,391270,7149
nagaland,,8097,2024,2,5897170,11252050159.141838,423165,8484
nagaland,,8098,2024,3,7127882,12302746336.824575,456203,9915
nagaland,,8099,2024,4,7952281,13952768833.676888,475258,11424
nagaland,,8100,2025,1,8417655,13854930060.290958,493342,12681
nagaland,,8101,2025,2,9457413,14024796338.65173,512198,13867
nagaland,,8102,2025,3,11180872,15195878604.305132,533473,15356
nagaland,,8103,2025,4,11172635,16432361934.488552,555336,16637
nagaland,,8104,2026,1,11029965,16014395834.15149,575983,17757
nagaland,,8105,2026,2,12358326,16371304304.889984,602471,19236
odisha,,8072,2018,1,7048986,5532172856.319677,1573698,12
odisha,,8073,2018,2,9547287,9915788853.374897,2160851,7
odisha,,8074,2018,3,33773146,26439174825.05436,2740899,41
odisha,,8075,2018,4,23730246,26644806732.25345,3565892,448
odisha,,8076,2019,1,37193760,38343233060.509186,4265066,56750
odisha,,8077,2019,2,30088286,44732976144.56491,4786497,149542
odisha,,8078,2019,3,40800846,56988076003.73456,5361369,205674
odisha,,8079,2019,4,65679564,80400377264.45883,6075390,251989
odisha,,8080,2020,1,54421577,92843181623.98956,6631513,289381
odisha,,8081,2020,2,50392152,90886955389.31903,7239140,304562
odisha,,8082,2020,3,69038595,127503888471.30423,7888711,355640
odisha,,8083,2020,4,94873191,182755800341.008,8592754,464756
odisha,,8084,2021,1,115094652,220742131430.68103,9201367,548595
odisha,,8085,2021,2,138225698,259055016593.60217,9843480,597443
odisha,,8086,2021,3,183365656,315250260342.66077,10591026,672683
odisha,,8087,2021,4,212268637,349960811331.7029,11358268,756259
odisha,,8088,2022,1,268911728,461602495894.72363,12011836,839004
odisha,,8089,2022,2,322378227,525877207233.302,12652044,897828
odisha,,8090,2022,3,380594298,559830322281.8159,13324247,959371
odisha,,8091,2022,4,425780932,632323496876.2422,13990026,1013277
odisha,,8092,2023,1,480048713,753356890534.1677,14605734,1002402
odisha,,8093,2023,2,540567279,798613320310.5529,15180768,1021368
odisha,,8094,2023,3,620854881,840399944380.947,15773057,1051651
odisha,,8095,2023,4,730012056,981621827380.3324,16349232,1079039
odisha,,8096,2024,1,862406808,1157247753533.8687,17002272,1106573
odisha,,8097,2024,2,941735991,1163541947521.4395,17662149,1142368
odisha,,8098,2024,3,1022988856,1175753144610.859,18360257,1175562
odisha,,8099,2024,4,1141695660,1304112411134.0796,19085969,1212893
odisha,,8100,2025,1,1174428178,1414655279863.243,19731478,1247790
odisha,,8101,2025,2,1253470101,1383287521722.9543,20349791,1280523
odisha,,8102,2025,3,1314272318,1387578878544.61,20979927,1316523
odisha,,8103,2025,4,1405458809,1488758944141.9893,21533027,1362649
odisha,,8104,2026,1,1487851895,1697499511605.2278,22049893,1397254
odisha,,8105,2026,2,1523130010,1666312139398.4292,22586814,1434708
puducherry,,8072,2018,1,106212,167573456.07454073,47701,
puducherry,,8073,2018,2,128321,287317471.5783924,63878,
puducherry,,8074,2018,3,186869,415949662.45048106,79099,2
puducherry,,8075,2018,4,317336,629583184.6702774,106491,193
puducherry,,8076,2019,1,497729,890540067.5128368,129946,4824
puducherry,,8077,2019,2,579081,1156468427.4018884,152917,9678
puducherry,,8078,2019,3,765031,1462124362.8365593,173965,11936
puducherry,,8079,2019,4,1092326,1963177051.3888311,199364,13809
puducherry,,8080,2020,1,1319437,2300219163.043279,225275,15161
puducherry,,8081,2020,2,1040762,1827425177.4942698,249567,15759
puducherry,,8082,2020,3,1545591,2884349251.874382,278348,17736
puducherry,,8083,2020,4,2534435,4357050361.95191,312159,21019
puducherry,,8084,2021,1,3128221,5316493350.2404785,338921,24614
puducherry,,8085,2021,2,3236303,5392106422.861448,362487,25656
puducherry,,8086,2021,3,4590304,7468860247.675983,386770,28079
puducherry,,8087,2021,4,4932923,7719396424.895111,411329,30615
puducherry,,8088,2022,1,6354587,9877119182.394363,433835,33226
puducherry,,8089,2022,2,7489973,11295663383.730684,453527,35254
puducherry,,8090,2022,3,8848397,12834141844.970497,473286,36822
puducherry,,8091,2022,4,9748055,13613642032.366386,493378,38131
puducherry,,8092,2023,1,10217489,14216402974.75116,511080,38372
puducherry,,8093,2023,2,11193638,15361823627.269354,527197,38895
puducherry,,8094,2023,3,12464709,16421645570.85983,544090,39645
puducherry,,8095,2023,4,13074652,17039512522.583828,561059,40430
puducherry,,8096,2024,1,13519970,17400403122.85509,578039,41484
puducherry,,8097,2024,2,14610867,18221014500.6219,594818,42724
puducherry,,8098,2024,3,15821171,19306627903.40757,612094,44051
puducherry,,8099,2024,4,16376815,19752651111.941074,629389,45073
puducherry,,8100,2025,1,17612711,21168624734.74836,645855,46196
puducherry,,8101,2025,2,17496015,20741481980.74739,661400,47524
puducherry,,8102,2025,3,18401595,21280880580.336613,677573,48779
puducherry,,8103,2025,4,18857093,21817658916.471947,693418,49890
puducherry,,8104,2026,1,19790951,23200917884.88138,707787,50591
puducherry,,8105,2026,2,20671909,23907680131.681885,723563,51299
punjab,,8072,2018,1,2152570,3144283659.55326,902434,12
punjab,,8073,2018,2,2932771,5247370432.120748,1225027,12
punjab,,8074,2018,3,3874407,7787076149.215161,1542608,17
punjab,,8075,2018,4,5490558,11861935853.584469,1950642,113
punjab,,8076,2019,1,7829874,14541052478.294441,2322582,19290
punjab,,8077,2019,2,8907341,18919188553.255802,2699641,62954
punjab,,8078,2019,3,11034661,23019351919.045273,3084133,91197
punjab,,8079,2019,4,13980727,29882043953.982292,3442072,116388
punjab,,8080,2020,1,15697948,31954421122.46702,3875890,140707
punjab,,8081,2020,2,14203459,29836650185.539894,4373346,149795
punjab,,8082,2020,3,17887958,41042955723.14191,4858229,181331
punjab,,8083,2020,4,23593701,54527944550.72394,5310103,228303
punjab,,8084,2021,1,27470162,59753193346.677505,5679863,284376
punjab,,8085,2021,2,32681997,70282984186.27884,6043827,338480
punjab,,8086,2021,3,41656204,84329568328.41077,6430939,402314
punjab,,8087,2021,4,44390425,94107319933.46066,6814717,466703
punjab,,8088,2022,1,55588571,113838148481.78015,7199914,542139
punjab,,8089,2022,2,69470142,131238733411.7305,7570961,604578
punjab,,8090,2022,3,85348374,152008684618.77896,7964871,654993
punjab,,8091,2022,4,94706019,172026389446.46945,8329482,703167
punjab,,8092,2023,1,98153837,175864657816.9519,8680448,681611
punjab,,8093,2023,2,119012408,194504179995.89307,9022142,700473
punjab,,8094,2023,3,132850814,205330761365.49872,9396198,723574
punjab,,8095,2023,4,143440826,231847076209.30914,9790268,746968
punjab,,8096,2024,1,143173269,224139049661.6971,10263130,770732
punjab,,8097,2024,2,172858419,244763570598.0551,10766796,798969
punjab,,8098,2024,3,188314209,257089702260.87024,11264065,827225
punjab,,8099,2024,4,200012060,289869668332.55743,11622811,854323
punjab,,8100,2025,1,214700898,303581644145.82666,11997032,877203
punjab,,8101,2025,2,219581044,296629559177.728,12360971,895586
punjab,,8102,2025,3,238293965,304307748393.4016,12758339,912817
punjab,,8103,2025,4,250577223,346479689165.021,13172691,931000
punjab,,8104,2026,1,256961583,349778644051.6034,13581016,943590
punjab,,8105,2026,2,282364073,369629734686.83813,14095349,958812
rajasthan,,8072,2018,1,9272437,10593171156.518475,3184469,33
rajasthan,,8073,2018,2,11883013,18090200568.257637,4262966,139
rajasthan,,8074,2018,3,16464948,27314548840.20022,5199376,8587
rajasthan,,8075,2018,4,24362909,42987736624.69517,6407477,45801
rajasthan,,8076,2019,1,48143566,65499410518.32512,7779148,198786
rajasthan,,8077,2019,2,50086588,86638751323.82938,8846756,329767
rajasthan,,8078,2019,3,65929301,108541401685.51715,9930100,452793
rajasthan,,8079,2019,4,83291120,153381418752.1703,11033683,542233
rajasthan,,8080,2020,1,99812994,183459625889.9085,12268753,628462
rajasthan,,8081,2020,2,98305260,184398456319.7787,13697342,671680
rajasthan,,8082,2020,3,143008603,280234259657.3222,15099115,808116
rajasthan,,8083,2020,4,184672061,370817106324.81665,16423105,981664
rajasthan,,8084,2021,1,240954777,468471366342.2837,17806048,1160473
rajasthan,,8085,2021,2,274437184,536307861093.09106,19130821,1273446
rajasthan,,8086,2021,3,384071639,686772090114.5065,20647987,1461773
rajasthan,,8087,2021,4,410190115,765489774059.7771,22032956,1643349
rajasthan,,8088,2022,1,535528877,971889889959.4716,23412998,1863349
rajasthan,,8089,2022,2,620679225,1085864980526.7068,24647652,2003276
rajasthan,,8090,2022,3,737030782,1197697051891.4873,25962683,2112900
rajasthan,,8091,2022,4,820996227,1381577028127.7593,27182742,2221707
rajasthan,,8092,2023,1,919098766,1551787489613.533,28357153,2212283
rajasthan,,8093,2023,2,1073092744,1694556785190.1575,29493668,2257614
rajasthan,,8094,2023,3,1237044429,1798770149235.0293,30792255,2324919
rajasthan,,8095,2023,4,1350966019,2070058351728.4211,32021284,2406772
rajasthan,,8096,2024,1,1600558212,2352706512651.676,33414280,2513905
rajasthan,,8097,2024,2,1818703650,2493535347251.073,34754315,2630384
rajasthan,,8098,2024,3,1932844563,2470834793957.131,35974844,2738128
rajasthan,,8099,2024,4,2040641000,2791321648381.9277,37075516,2840940
rajasthan,,8100,2025,1,2035097242,2747039392692.4717,38208545,2927213
rajasthan,,8101,2025,2,2180404184,2831640614175.032,39315591,3005610
rajasthan,,8102,2025,3,2323608156,2778203819923.9854,40494453,3082538
rajasthan,,8103,2025,4,2359791146,3062398766099.9033,41560104,3178588
rajasthan,,8104,2026,1,2435127309,3091642766729.338,42603158,3240632
rajasthan,,8105,2026,2,2553428529,3189512812270.483,43692290,3314270
sikkim,,8072,2018,1,52422,76553394.47007194,23332,
sikkim,,8073,2018,2,87348,165371421.67374858,32306,
sikkim,,8074,2018,3,124034,264307338.56030768,41742,
sikkim,,8075,2018,4,181845,431701308.0315608,53799,1
sikkim,,8076,2019,1,233031,479741568.5013781,64728,15
sikkim,,8077,2019,2,298432,708397197.301439,76521,57
sikkim,,8078,2019,3,333701,791314969.2661016,88720,111
sikkim,,8079,2019,4,409087,1004355162.7638068,100028,153
sikkim,,8080,2020,1,459577,1060247749.2178302,112394,197
sikkim,,8081,2020,2,547369,1206404024.7125049,127647,221
sikkim,,8082,2020,3,639577,1543361489.5177724,143462,242
sikkim,,8083,2020,4,778335,2085958059.255025,157981,291
sikkim,,8084,2021,1,879693,2440814120.1876507,169708,399
sikkim,,8085,2021,2,1064819,2607900949.033514,181725,455
sikkim,,8086,2021,3,1295143,3285177951.9864945,193942,792
sikkim,,8087,2021,4,1498091,3929709746.243639,206238,952
sikkim,,8088,2022,1,1834534,4527630666.266523,217994,1219
sikkim,,8089,2022,2,2512240,5966964957.632882,229640,1350
sikkim,,8090,2022,3,2904465,6064289653.488258,241620,1493
sikkim,,8091,2022,4,3192928,6611574174.825417,252358,1585
sikkim,,8092,2023,1,3401499,6708361128.239864,262655,1831
sikkim,,8093,2023,2,4437602,8547336154.627519,272768,2524
sikkim,,8094,2023,3,4740161,8003122189.827261,282679,3235
sikkim,,8095,2023,4,4842501,8557427285.088291,292795,3496
sikkim,,8096,2024,1,5735877,9346992815.650896,304915,4068
sikkim,,8097,2024,2,7126004,11164052278.025002,319071,4805
sikkim,,8098,2024,3,7837835,10648114552.763342,333732,6355
sikkim,,8099,2024,4,9021976,12713819912.906326,345323,7123
sikkim,,8100,2025,1,9852470,12680467274.809103,357215,7607
sikkim,,8101,2025,2,11156835,14199545657.211315,368764,8059
sikkim,,8102,2025,3,11881826,13872661117.52092,379914,8403
sikkim,,8103,2025,4,12122190,14542438211.103767,391051,8877
sikkim,,8104,2026,1,13287804,15967341009.509085,402651,9257
sikkim,,8105,2026,2,14956244,18254633450.45656,407103,9576
tamil nadu,,8072,2018,1,4923891,8755842361.469446,2155558,48
tamil nadu,,8073,2018,2,7129251,15152943528.927313,3061794,58
tamil nadu,,8074,2018,3,10812101,22361948450.27646,3937412,211
tamil nadu,,8075,2018,4,17123273,33652624050.336956,5262463,12417
tamil nadu,,8076,2019,1,25178515,46065559235.41664,6377974,89054
tamil nadu,,8077,2019,2,30904172,60589725794.408585,7498284,230529
tamil nadu,,8078,2019,3,40615165,75113047933.86618,8534286,318903
tamil nadu,,8079,2019,4,54273375,95902389590.0488,9717126,406910
tamil nadu,,8080,2020,1,65118379,110698166875.72932,10970688,484793
tamil nadu,,8081,2020,2,50385378,87932439310.76688,12255108,516057
tamil nadu,,8082,2020,3,70529798,138538123385.73276,13765652,620844
tamil nadu,,8083,2020,4,112119794,204191947116.8283,15495864,769374
tamil nadu,,8084,2021,1,135702280,245293582891.245,16872782,912668
tamil nadu,,8085,2021,2,142941858,255693504471.958,18151670,975536
tamil nadu,,8086,2021,3,200552172,356208315248.4176,19501393,1089153
tamil nadu,,8087,2021,4,218792102,374419414326.7141,20870525,1209788
tamil nadu,,8088,2022,1,278047655,483121547982.56067,22131653,1356884
tamil nadu,,8089,2022,2,338126426,560768519721.7483,23307037,1467182
tamil nadu,,8090,2022,3,403676932,647127117674.8535,24513100,1553055
tamil nadu,,8091,2022,4,435288054,674950927795.2251,25708338,1632127
tamil nadu,,8092,2023,1,468044832,720402614621.3375,26767037,1653481
tamil nadu,,8093,2023,2,504160429,781360465422.6838,27769575,1683247
tamil nadu,,8094,2023,3,558715546,835710063991.9968,28891897,1731234
tamil nadu,,8095,2023,4,597821132,878172648141.2632,30002865,1783632
tamil nadu,,8096,2024,1,643084591,917459762316.2546,31080814,1856637
tamil nadu,,8097,2024,2,707377354,987216265047.3883,32173286,1925501
tamil nadu,,8098,2024,3,781508176,1053834607664.4268,33289377,1991578
tamil nadu,,8099,2024,4,822940769,1091410271995.0776,34331442,2054574
tamil nadu,,8100,2025,1,875704481,1133708906375.8745,35340007,2114180
tamil nadu,,8101,2025,2,880043623,1133253062425.902,36318119,2173347
tamil nadu,,8102,2025,3,954438805,1187233386639.0696,37334630,2227787
tamil nadu,,8103,2025,4,982036878,1229082839335.558,38313127,2282219
tamil nadu,,8104,2026,1,1015223360,1291277296711.4182,39201469,2318838
tamil nadu,,8105,2026,2,1049292967,1316704395266.6187,40264046,2358819
telangana,,8072,2018,1,9340974,14059023660.623735,3449556,36
telangana,,8073,2018,2,11544276,24401325668.781406,4414688,395
telangana,,8074,2018,3,19955785,33180363175.151356,5290796,31579
telangana,,8075,2018,4,30393583,51158381363.15648,6687832,116006
telangana,,8076,2019,1,64813405,93511348877.08844,8100506,280921
telangana,,8077,2019,2,81454985,137682802492.51328,9164840,388096
telangana,,8078,2019,3,114112049,178114733596.80167,10225604,490375
telangana,,8079,2019,4,152510054,249883165634.61353,11330987,571643
telangana,,8080,2020,1,177329550,318131593325.3983,12385312,640815
telangana,,8081,2020,2,138326729,285827211219.7179,13431777,673726
telangana,,8082,2020,3,207472326,428781682179.9675,14605692,802189
telangana,,8083,2020,4,321839483,640618169487.1467,15891633,986977
telangana,,8084,2021,1,392460349,745675476381.9314,17082180,1156920
telangana,,8085,2021,2,461066776,943090363047.5881,18184140,1230127
telangana,,8086,2021,3,592741458,1102647432922.4187,19355996,1326576
telangana,,8087,2021,4,642408303,1206831019294.7505,20513162,1434453
telangana,,8088,2022,1,820292794,1529608338617.9746,21608530,1545651
telangana,,8089,2022,2,993209224,1792476811489.9426,22613597,1632694
telangana,,8090,2022,3,1161232661,2003594734268.4893,23635593,1698591
telangana,,8091,2022,4,1298732509,2182810144779.9902,24652313,1755424
telangana,,8092,2023,1,1424621673,2371715741378.491,25533334,1767962
telangana,,8093,2023,2,1644044462,2696606763836.345,26347321,1798270
telangana,,8094,2023,3,1861859423,2865813600979.7666,27152426,1844528
telangana,,8095,2023,4,2006013823,3121625949371.093,27926155,1893687
telangana,,8096,2024,1,2170233621,3207009337042.48,28813177,1974451
telangana,,8097,2024,2,2403883290,3461907722592.297,29668981,2034941
telangana,,8098,2024,3,2607828990,3549548031458.4165,30496407,2090746
telangana,,8099,2024,4,2824258573,3859512144223.8027,31420121,2147214
telangana,,8100,2025,1,2957671238,4011827575951.1895,32290034,2196581
telangana,,8101,2025,2,3044459287,4177136892219.811,33161493,2246001
telangana,,8102,2025,3,3228865085,4188712492031.4736,34013239,2298730
telangana,,8103,2025,4,3485116309,4541925564459.137,34807525,2374216
telangana,,8104,2026,1,3571187698,4713863651916.881,35513627,2425675
telangana,,8105,2026,2,3878232440,5128045744092.112,36479877,2481953
tripura,,8072,2018,1,184069,166034070.60133272,55908,
tripura,,8073,2018,2,262983,281717097.5101464,84393,
tripura,,8074,2018,3,446745,527779192.51871157,116340,
tripura,,8075,2018,4,538364,726298399.8778081,155407,6
tripura,,8076,2019,1,722617,930951274.7847986,187484,389
tripura,,8077,2019,2,787181,1193045264.9864974,222378,882
tripura,,8078,2019,3,880275,1426665779.1088414,254600,1187
tripura,,8079,2019,4,1017662,1684739442.0514455,283407,1413
tripura,,8080,2020,1,1129990,2057977801.9370825,314602,1614
tripura,,8081,2020,2,1253367,2215013181.2374315,351939,1741
tripura,,8082,2020,3,1676998,3165287940.7535105,395067,1801
tripura,,8083,2020,4,1967767,3877627429.5468283,431153,1980
tripura,,8084,2021,1,2012544,4367162381.678455,458876,2294
tripura,,8085,2021,2,2428946,4660359423.354675,485926,4022
tripura,,8086,2021,3,2876416,5802800784.247176,514890,6525
tripura,,8087,2021,4,2997566,6336990350.00956,544397,9671
tripura,,8088,2022,1,3841505,8167021603.850515,573074,12351
tripura,,8089,2022,2,4598026,8963681349.511333,603260,15494
tripura,,8090,2022,3,5814252,11009012067.584843,636726,20339
tripura,,8091,2022,4,6360774,11623038234.726625,668667,23805
tripura,,8092,2023,1,7564973,13869349810.241547,699295,26411
tripura,,8093,2023,2,8518239,14533054884.912336,731619,28521
tripura,,8094,2023,3,9631541,15862091659.466682,768145,32375
tripura,,8095,2023,4,10707618,17538263497.053307,809084,35430
tripura,,8096,2024,1,11581499,18535441026.607567,858086,37140
tripura,,8097,2024,2,13492767,18847582110.315292,910150,38797
tripura,,8098,2024,3,14575406,20044092205.04162,958718,40877
tripura,,8099,2024,4,16034582,22499864071.518784,995320,43371
tripura,,8100,2025,1,18622077,25016887005.832375,1032353,45840
tripura,,8101,2025,2,18753226,23151519446.559258,1069043,47515
tripura,,8102,2025,3,20791893,25461605416.507072,1109299,49397
tripura,,8103,2025,4,20913736,25744145782.637417,1151875,51531
tripura,,8104,2026,1,22097250,27676418661.486366,1191907,52868
tripura,,8105,2026,2,22862994,26743110330.736546,1242083,55157
uttar pradesh,,8072,2018,1,14786466,15841767520.712673,4921602,24
uttar pradesh,,8073,2018,2,20337966,28765798204.423042,6777728,342
uttar pradesh,,8074,2018,3,29327534,40693763120.758385,8443146,5805
uttar pradesh,,8075,2018,4,40312896,60754036465.70648,10830097,44207
uttar pradesh,,8076,2019,1,64046373,84430169656.88228,13103108,234825
uttar pradesh,,8077,2019,2,67580108,110293020020.75023,15042257,480618
uttar pradesh,,8078,2019,3,76672707,123828842522.57431,16953678,671645
uttar pradesh,,8079,2019,4,97385189,162877433939.99805,18919521,828695
uttar pradesh,,8080,2020,1,108112889,190863464183.66577,21194763,979673
uttar pradesh,,8081,2020,2,110306561,195404454299.56982,23606047,1043964
uttar pradesh,,8082,2020,3,141565257,273741446015.2779,26045233,1242714
uttar pradesh,,8083,2020,4,191598396,380442192615.8421,28545839,1586664
uttar pradesh,,8084,2021,1,227417493,433880828404.01526,30976739,2059413
uttar pradesh,,8085,2021,2,273728175,536955159535.7084,33211904,2328409
uttar pradesh,,8086,2021,3,350675338,627645749576.7488,35903262,2857565
uttar pradesh,,8087,2021,4,400725104,752059552950.346,38739893,3413744
uttar pradesh,,8088,2022,1,521369445,955324276610.6467,41701425,4069314
uttar pradesh,,8089,2022,2,655438792,1150071386489.6924,44364283,4486248
uttar pradesh,,8090,2022,3,775761504,1224796014974.3357,47337748,4865043
uttar pradesh,,8091,2022,4,890097755,1446927383901.7651,50213564,5262234
uttar pradesh,,8092,2023,1,1011060339,1635880038405.158,53046420,5259389
uttar pradesh,,8093,2023,2,1220844008,1835097474392.2053,55590099,5399393
uttar pradesh,,8094,2023,3,1361433436,1863230615478.421,58422771,5617414
uttar pradesh,,8095,2023,4,1577265501,2264890592908.507,61516010,5820508
uttar pradesh,,8096,2024,1,1794266530,2483961606826.365,64960422,6019346
uttar pradesh,,8097,2024,2,2144136082,2705836943014.7227,68189228,6248571
uttar pradesh,,8098,2024,3,2285132385,2715325163720.8394,71327157,6485244
uttar pradesh,,8099,2024,4,2542936824,3210878904579.125,74136023,6724830
uttar pradesh,,8100,2025,1,2618333992,3288600991414.496,77043398,6931337
uttar pradesh,,8101,2025,2,2874104324,3364968247717.4697,79721010,7118781
uttar pradesh,,8102,2025,3,2995994617,3220415579009.7754,82795120,7328300
uttar pradesh,,8103,2025,4,3206270064,3696522346306.7783,85800260,7586405
uttar pradesh,,8104,2026,1,3294478040,3761378430097.705,88629936,7724417
uttar pradesh,,8105,2026,2,3665306240,3938705461574.024,90563992,7866204
uttarakhand,,8072,2018,1,1451113,1711189177.2167993,499946,
uttarakhand,,8073,2018,2,1963467,3023055876.683943,673206,
uttarakhand,,8074,2018,3,2523526,4119317467.9760265,835826,10
uttarakhand,,8075,2018,4,3625698,6268906600.516947,1050477,102
uttarakhand,,8076,2019,1,6519708,8342691139.590234,1272751,7020
uttarakhand,,8077,2019,2,6345096,10996460352.932467,1468181,19747
uttarakhand,,8078,2019,3,6691016,12093509975.50256,1653220,28981
uttarakhand,,8079,2019,4,8590151,15233913544.563915,1825409,39058
uttarakhand,,8080,2020,1,9726841,16698596159.683369,2023901,48320
uttarakhand,,8081,2020,2,9154035,15661272266.921104,2234769,52918
uttarakhand,,8082,2020,3,12900421,23631778724.122528,2456247,65658
uttarakhand,,8083,2020,4,18918942,33134968485.444317,2685323,85892
uttarakhand,,8084,2021,1,21980872,37055782980.02542,2888932,124324
uttarakhand,,8085,2021,2,25376378,41298099649.73271,3083983,148562
uttarakhand,,8086,2021,3,33180604,52164580069.14418,3295762,185660
uttarakhand,,8087,2021,4,36913646,57949052739.9576,3503291,226561
uttarakhand,,8088,2022,1,45265588,69248100029.00323,3709608,269957
uttarakhand,,8089,2022,2,60660502,88219812501.76044,3904801,302643
uttarakhand,,8090,2022,3,68009292,92527276762.59744,4107474,329037
uttarakhand,,8091,2022,4,75301900,102012862486.52225,4296902,351700
uttarakhand,,8092,2023,1,80316638,106914144085.76015,4480029,354593
uttarakhand,,8093,2023,2,104119321,133676491393.38852,4650851,367202
uttarakhand,,8094,2023,3,106784950,128515385224.72354,4823928,379354
uttarakhand,,8095,2023,4,119107620,148205383109.23837,4999454,391364
uttarakhand,,8096,2024,1,123880004,150315536371.2102,5206546,403865
uttarakhand,,8097,2024,2,159360860,180260957246.1923,5419938,417986
uttarakhand,,8098,2024,3,159497485,173415603155.37198,5624430,430448
uttarakhand,,8099,2024,4,171212380,194796895719.51297,5801849,441710
uttarakhand,,8100,2025,1,175355250,193302070369.7801,5979871,450722
uttarakhand,,8101,2025,2,202578174,215937765623.93585,6152816,459615
uttarakhand,,8102,2025,3,197711630,198250402920.4244,6335256,468380
uttarakhand,,8103,2025,4,203745180,220079294173.82812,6515385,477700
uttarakhand,,8104,2026,1,204739014,217602962797.85297,6690656,484584
uttarakhand,,8105,2026,2,247026782,255234602776.51517,6755122,493992
west bengal,,8072,2018,1,10151521,7623652076.70104,2576622,29
west bengal,,8073,2018,2,16783697,14426440347.675003,3795442,153
west bengal,,8074,2018,3,54031451,38668036734.002266,4790914,387
west bengal,,8075,2018,4,33555072,33751269225.912643,6251947,2273
west bengal,,8076,2019,1,43101342,42921381534.937065,7438601,160231
west bengal,,8077,2019,2,44580900,54718845209.54506,8602074,408272
west bengal,,8078,2019,3,60043951,66423789032.74228,9692554,557605
west bengal,,8079,2019,4,90948911,82930838430.99612,10931174,667857
west bengal,,8080,2020,1,63993554,91566525988.34715,12052575,775932
west bengal,,8081,2020,2,58763095,99278377224.57706,13339774,813620
west bengal,,8082,2020,3,78767654,147424950291.97803,14612656,922488
west bengal,,8083,2020,4,101265149,194248152966.42114,15870777,1136123
west bengal,,8084,2021,1,115001959,231129225939.18713,16981214,1344929
west bengal,,8085,2021,2,138748743,266671675321.52402,18090085,1467960
west bengal,,8086,2021,3,175901327,344476718379.314,19374188,1640034
west bengal,,8087,2021,4,189761882,385851696670.8897,20723757,1841977
west bengal,,8088,2022,1,244077613,512176281443.31213,21954680,2052296
west bengal,,8089,2022,2,298813188,605707035569.897,23181627,2198980
west bengal,,8090,2022,3,364129324,695665215498.2949,24486749,2336122
west bengal,,8091,2022,4,400458936,749746367003.5804,25739668,2460123
west bengal,,8092,2023,1,468933668,898862460705.0684,26980199,2476853
west bengal,,8093,2023,2,557201653,1011853593979.1373,28151830,2540990
west bengal,,8094,2023,3,642154264,1073507229812.2742,29423200,2645684
west bengal,,8095,2023,4,747788359,1253569329663.2058,30766242,2741155
west bengal,,8096,2024,1,843082236,1422966170005.288,32233492,2845547
west bengal,,8097,2024,2,988799648,1545997993108.2922,33696097,2941809
west bengal,,8098,2024,3,1091000362,1608053446947.104,35120561,3036684
west bengal,,8099,2024,4,1230402184,1810747542010.678,36468735,3131480
west bengal,,8100,2025,1,1304050364,1913847338922.7925,37781664,3221457
west bengal,,8101,2025,2,1410547289,1934976510103.9966,39021346,3307755
west bengal,,8102,2025,3,1534941462,1981771949298.0732,40328474,3397402
west bengal,,8103,2025,4,1595670079,2082769866475.0676,41514118,3501166
west bengal,,8104,2026,1,1691843395,2280769839448.3564,42771072,3567960
west bengal,,8105,2026,2,1782353009,2211838113700.3,43272502,3631496
