district_key,period_id,transactions,value_inr,registered_users,registered_merchants,state,district,year,quarter,period_label,quarter_start,prior_period,prior_transactions,prior_users,prior_merchants,average_transaction_value,users_per_merchant,transactions_per_merchant,value_per_merchant,merchants_per_1000_users,transaction_qoq,user_qoq,merchant_qoq,transaction_yoy,user_yoy,merchant_yoy,district_share_of_state,district_share_of_mapped_india,exclusion_reason
manipur|noney,8105,160801.0,263334719.71061012,11418,22.0,manipur,noney,2026,2,2026-Q2,2026-04-01,8104.0,145308.0,10662.0,21.0,1637.64354519319,519.0,7309.136363636364,11969759.986845916,1.9267822736030829,0.1066217964599334,0.0709060213843557,0.0476190476190476,0.1968634631415982,0.2002522863450015,0.1578947368421053,0.0153733986979156,4.158902644293002e-06,"users below 100,000; merchants below 1,000; transactions below 1 million"
manipur|senapati,8105,363888.0,598489240.8444006,26306,1023.0,manipur,senapati,2026,2,2026-Q2,2026-04-01,8104.0,346476.0,24745.0,969.0,1644.7072748878793,25.714565004887582,355.7067448680352,585033.4710111443,38.88846650954155,0.0502545630866206,0.0630834512022631,0.0557275541795665,0.2666358032211691,0.2254157544137514,1.3901869158878504,0.0347895554467144,9.41147608178116e-06,"users below 100,000; transactions below 1 million"
manipur|tengnoupal,8105,155663.0,349139246.22705567,9787,153.0,manipur,tengnoupal,2026,2,2026-Q2,2026-04-01,8104.0,142055.0,9333.0,125.0,2242.917367820585,63.96732026143791,1017.40522875817,2281955.8576931744,15.632982527843057,0.0957938826510858,0.0486445944498017,0.2239999999999999,0.1730709812580539,0.1712541886069889,1.6842105263157894,0.0148821795978485,4.026015151140737e-06,"users below 100,000; merchants below 1,000; transactions below 1 million"
meghalaya|east jaintia hills,8105,1764638.0,2203962437.2824173,51614,955.0,meghalaya,east jaintia hills,2026,2,2026-Q2,2026-04-01,8104.0,1837460.0,48954.0,920.0,1248.9600911248751,54.04607329842932,1847.7884816753929,2307814.070452793,18.50273181694889,-0.0396318831430344,0.0543367242717653,0.0380434782608696,0.2614901361973962,0.19715173725472,0.1423444976076555,0.0787756230097541,4.564000002748687e-05,"users below 100,000; merchants below 1,000"
meghalaya|ri bhoi,8105,2774685.0,3169896649.06889,77873,2935.0,meghalaya,ri bhoi,2026,2,2026-Q2,2026-04-01,8104.0,2591132.0,73442.0,2719.0,1142.4347805494642,26.53253833049404,945.3781942078364,1080032.9298360783,37.6895714817716,0.0708389229109129,0.0603333242558754,0.0794409709452004,0.3225230025967291,0.2059684388211791,0.2118084227910817,0.1238653704220467,7.176351380638261e-05,"users below 100,000"
tripura|khowai,8105,1013782.0,1233388781.5792928,79657,1447.0,tripura,khowai,2026,2,2026-Q2,2026-04-01,8104.0,985028.0,76012.0,1432.0,1216.621306729941,55.04975812024879,700.6095369730477,852376.490379608,18.16538408426127,0.0291910483762898,0.0479529547966111,0.0104748603351956,0.1863718121103821,0.1898694470169988,0.0365329512893983,0.0443416116017001,2.6220114554863767e-05,"users below 100,000"
manipur|kakching,8105,304958.0,510264495.74999833,33406,1379.0,manipur,kakching,2026,2,2026-Q2,2026-04-01,8104.0,284608.0,31702.0,1321.0,1673.2287585503525,24.22480058013053,221.14430746918055,370025.0150471344,41.280009579117525,0.0715018551832695,0.0537505520156456,0.043906131718395,0.2611680438037105,0.1953340251189752,0.5942196531791908,0.0291555457995843,7.887330505396767e-06,"users below 100,000; transactions below 1 million"
manipur|kangpokpi,8105,529270.0,1006018270.839712,31832,228.0,manipur,kangpokpi,2026,2,2026-Q2,2026-04-01,8104.0,517771.0,30481.0,193.0,1900.76571662802,139.6140350877193,2321.3596491228072,4412360.837016281,7.162603669263634,0.0222086598129289,0.0443226928250386,0.1813471502590673,0.1304067388277106,0.1734434327422862,0.6056338028169015,0.050600921193561,1.368886015973133e-05,"users below 100,000; merchants below 1,000; transactions below 1 million"
manipur|tamenglong,8105,186108.0,319385184.7447888,15066,97.0,manipur,tamenglong,2026,2,2026-Q2,2026-04-01,8104.0,175650.0,14058.0,69.0,1716.128187637226,155.31958762886595,1918.639175257732,3292630.770564833,6.438337979556618,0.0595388556789069,0.0717029449423816,0.4057971014492754,0.4078293430159991,0.2230881636629322,4.105263157894737,0.0177928774377751,4.813434327672602e-06,"users below 100,000; merchants below 1,000; transactions below 1 million"
mizoram|kolasib,8105,487571.0,562966858.4205089,27161,1419.0,mizoram,kolasib,2026,2,2026-Q2,2026-04-01,8104.0,439883.0,25664.0,1339.0,1154.6356498243515,19.14094432699084,343.6018322762509,396734.9248911268,52.2440263613269,0.1084106455580233,0.0583307356608477,0.0597460791635549,0.33765802642553,0.2197871289351955,0.3578947368421052,0.1052926753315858,1.2610371335878406e-05,"users below 100,000; transactions below 1 million"
mizoram|siaha,8105,210135.0,244234756.96741,13204,824.0,mizoram,siaha,2026,2,2026-Q2,2026-04-01,8104.0,189945.0,12179.0,746.0,1162.275475134604,16.024271844660195,255.01820388349515,296401.40408666263,62.40533171766131,0.1062939271894496,0.0841612611872895,0.1045576407506703,0.2621251343900344,0.3352209525735665,0.5459662288930582,0.0453793936284208,5.434860524241205e-06,"users below 100,000; merchants below 1,000; transactions below 1 million"
nagaland|kohima,8105,1834641.0,2634112453.1562834,98267,3913.0,nagaland,kohima,2026,2,2026-Q2,2026-04-01,8104.0,1592464.0,93837.0,3458.0,1435.764519138231,25.11295681063123,468.85790953232816,673169.5510238394,39.8200820214314,0.1520769072330676,0.0472095228960858,0.131578947368421,0.2938667881564396,0.1748663932760248,0.5049999999999999,0.148453843991492,4.745053392844794e-05,"users below 100,000"
nagaland|noklak,8105,48540.0,80666949.33180131,4088,2.0,nagaland,noklak,2026,2,2026-Q2,2026-04-01,8104.0,41702.0,3913.0,1.0,1661.8654580099158,2044.0,24270.0,40333474.665900655,0.4892367906066536,0.1639729509376049,0.0447227191413237,1.0,0.3504715800016693,0.2421756305074445,1.0,0.0039277164237292,1.2554221326607567e-06,"users below 100,000; merchants below 1,000; transactions below 1 million"
sikkim|mangan,8105,1242933.0,1910234174.787449,32027,333.0,sikkim,mangan,2026,2,2026-Q2,2026-04-01,8104.0,1126612.0,31743.0,332.0,1536.876223245701,96.17717717717716,3732.531531531532,5736438.963325673,10.397477128672682,0.1032485008148325,0.0089468544245976,0.0030120481927711,0.4875484406827532,0.0938556644694148,0.1725352112676057,0.0831046217218708,3.214679846754084e-05,"users below 100,000; merchants below 1,000"
sikkim|namchi,8105,2590504.0,2693086086.952422,76043,1353.0,sikkim,namchi,2026,2,2026-Q2,2026-04-01,8104.0,2347901.0,73533.0,1325.0,1039.5992775739478,56.203252032520325,1914.637102734664,1990455.348819233,17.79256473311153,0.103327610491243,0.0341343342444888,0.0211320754716981,0.2988836787658293,0.1409644700516144,0.1200331125827813,0.1732055187117835,6.69999187545575e-05,"users below 100,000"
manipur|chandel,8105,173597.0,321032022.63000125,13771,114.0,manipur,chandel,2026,2,2026-Q2,2026-04-01,8104.0,154116.0,13115.0,100.0,1849.2947610269837,120.79824561403508,1522.780701754386,2816070.373947379,8.278265921138624,0.1264047860053465,0.0500190621425848,0.1399999999999999,0.2959545512231902,0.1695116772823779,1.2352941176470589,0.0165967617972653,4.489854057756683e-06,"users below 100,000; merchants below 1,000; transactions below 1 million"
nagaland|wokha,8105,344212.0,508305751.7083964,24100,107.0,nagaland,wokha,2026,2,2026-Q2,2026-04-01,8104.0,315694.0,23065.0,101.0,1476.722925721347,225.2336448598131,3216.9345794392525,4750521.044003705,4.439834024896266,0.0903343110733811,0.0448731844786474,0.0594059405940594,0.1255820645633862,0.165095479816292,0.1505376344086022,0.0278526395888893,8.902582676708373e-06,"users below 100,000; merchants below 1,000; transactions below 1 million"
meghalaya|south west khasi hills,8105,148392.0,316812680.533931,10957,19.0,meghalaya,south west khasi hills,2026,2,2026-Q2,2026-04-01,8104.0,155683.0,10080.0,16.0,2134.9714306292185,576.6842105263158,7810.105263157895,16674351.607049,1.7340512914118829,-0.0468323452143136,0.0870039682539682,0.1875,0.1429451680235378,0.3315105116052983,0.8999999999999999,0.0066244024268226,3.837960467857335e-06,"users below 100,000; merchants below 1,000; transactions below 1 million"
mizoram|champhai,8105,100662.0,150679226.88128582,13914,923.0,mizoram,champhai,2026,2,2026-Q2,2026-04-01,8104.0,89545.0,12875.0,812.0,1496.8829039884547,15.074756229685809,109.05958829902492,163249.4332408297,66.3360643955728,0.1241498687810598,0.0806990291262135,0.1366995073891626,0.4400652351182386,0.3007385248200429,0.7448015122873346,0.0217383135671073,2.6034879010691613e-06,"users below 100,000; merchants below 1,000; transactions below 1 million"
mizoram|saitual,8105,68262.0,87534291.72697514,6864,314.0,mizoram,saitual,2026,2,2026-Q2,2026-04-01,8104.0,70241.0,6403.0,309.0,1282.3282606278035,21.85987261146497,217.39490445859872,278771.6297037425,45.74592074592075,-0.0281744280406031,0.0719975011713258,0.0161812297734627,-0.0148219775144683,0.2858748594979392,0.3083333333333333,0.0147414194106801,1.7655052661658132e-06,"users below 100,000; merchants below 1,000; transactions below 1 million"
nagaland|peren,8105,234914.0,295046388.962658,17052,378.0,nagaland,peren,2026,2,2026-Q2,2026-04-01,8104.0,219623.0,16048.0,344.0,1255.97618261431,45.11111111111112,621.4656084656085,780546.0025467143,22.167487684729064,0.0696238554249781,0.0625623130608175,0.0988372093023255,0.5140406169235032,0.2695056581298392,1.210526315789474,0.0190085615155321,6.075736194311269e-06,"users below 100,000; merchants below 1,000; transactions below 1 million"
puducherry|mahe,8105,537816.0,735798651.5603613,21566,1032.0,puducherry,mahe,2026,2,2026-Q2,2026-04-01,8104.0,466083.0,21155.0,1009.0,1368.1233945445306,20.897286821705425,521.1395348837209,712983.1894964741,47.85310210516554,0.1539060639414009,0.0194280311982981,0.0227948463825569,0.3704238810533959,0.0995207504843478,0.0851735015772869,0.0260167553949661,1.3909891011517872e-05,"users below 100,000; transactions below 1 million"
assam|majuli,8105,1019572.0,807290219.2139927,48523,2914.0,assam,majuli,2026,2,2026-Q2,2026-04-01,8104.0,969088.0,46423.0,2775.0,791.7932418838421,16.65168153740563,349.88743994509264,277038.51036856306,60.0539950126744,0.0520943402456743,0.0452361975744781,0.05009009009009,0.323797986722705,0.1710065883147911,0.2517182130584192,0.0018567209241182,2.6369865155360385e-05,"users below 100,000"
chhattisgarh|sukma,8105,3458525.0,4835742053.868546,83424,1152.0,chhattisgarh,sukma,2026,2,2026-Q2,2026-04-01,8104.0,3467387.0,79767.0,1150.0,1398.2093678283504,72.41666666666667,3002.191840277778,4197692.755094224,13.80897583429229,-0.0025558150849617,0.0458460265523337,0.0017391304347826,0.0857577614558624,0.1652861393191882,0.0331838565022422,0.0053520838623897,8.945012013515747e-05,"users below 100,000"
jammu & kashmir|mirpur,8105,6721.0,16139856.317693122,255,10.0,jammu & kashmir,mirpur,2026,2,2026-Q2,2026-04-01,8104.0,5854.0,273.0,10.0,2401.406980760768,25.5,672.1,1613985.631769312,39.21568627450981,0.1481038606081313,-0.0659340659340659,0.0,-0.0766588817145211,-0.059040590405904,0.1111111111111111,3.579910475605834e-05,1.7382966941930254e-07,"users below 100,000; merchants below 1,000; transactions below 1 million"
jammu & kashmir|kishtwar,8105,2617043.0,2597753068.2792034,89809,2530.0,jammu & kashmir,kishtwar,2026,2,2026-Q2,2026-04-01,8104.0,2094502.0,84484.0,2496.0,992.629111665037,35.49762845849802,1034.404347826087,1026779.8688850608,28.170896012649067,0.249482215820276,0.0630296860944084,0.0136217948717949,0.1024420142721138,0.1818062189938547,0.1767441860465115,0.0139395620455451,6.768631446899268e-05,"users below 100,000"
mizoram|hnahthial,8105,42012.0,57173917.74204686,4730,332.0,mizoram,hnahthial,2026,2,2026-Q2,2026-04-01,8104.0,38353.0,4355.0,301.0,1360.8949286405518,14.24698795180723,126.5421686746988,172210.5956085749,70.19027484143763,0.0954032279091596,0.0861079219288174,0.1029900332225912,0.5616102293424525,0.2937636761487965,2.5319148936170213,0.0090726394228339,1.0865841499246746e-06,"users below 100,000; merchants below 1,000; transactions below 1 million"
mizoram|serchhip,8105,151482.0,207382191.87925035,13472,1047.0,mizoram,serchhip,2026,2,2026-Q2,2026-04-01,8104.0,127735.0,12678.0,965.0,1369.0220084184944,12.867239732569246,144.68194842406876,198072.77161341964,77.7167458432304,0.1859083258308216,0.0626281747909764,0.0849740932642486,0.3877696853098804,0.2195166108445732,0.5,0.0327130716235774,3.917879182112005e-06,"users below 100,000; transactions below 1 million"
nagaland|meluri,8105,85297.0,148568939.89501056,4961,25.0,nagaland,meluri,2026,2,2026-Q2,2026-04-01,8104.0,80674.0,4729.0,11.0,1741.783883313722,198.44,3411.88,5942757.595800422,5.0393065914130215,0.0573047078364776,0.0490589976739268,1.272727272727273,0.3196924219451063,0.1789448669201521,1.5,0.0069019865635523,2.206092741029348e-06,"users below 100,000; merchants below 1,000; transactions below 1 million"
uttarakhand|bageshwar,8105,1360001.0,1571206193.8961596,74576,2047.0,uttarakhand,bageshwar,2026,2,2026-Q2,2026-04-01,8104.0,1142963.0,72780.0,1909.0,1155.2978224987774,36.43185148998534,664.3873961895457,767565.3121134146,27.448508903668746,0.18989066137749,0.0246771090959054,0.072289156626506,0.0334644667061307,0.1222536567748149,0.108884073672806,0.0055054799685647,3.517460560034532e-05,"users below 100,000"
meghalaya|south west garo hills,8105,951488.0,1045588656.7445668,49696,734.0,meghalaya,south west garo hills,2026,2,2026-Q2,2026-04-01,8104.0,851402.0,47378.0,708.0,1098.898416737328,67.70572207084469,1296.3051771117166,1424507.706736467,14.769800386349004,0.1175543397830871,0.048925661699523,0.0367231638418079,-0.0101030067655084,0.2505284348263714,0.952127659574468,0.0424756012203664,2.4608963620954222e-05,"users below 100,000; merchants below 1,000; transactions below 1 million"
chhattisgarh|mohla manpur ambagarh chouki,8105,2158730.0,2531417566.949699,84786,2159.0,chhattisgarh,mohla manpur ambagarh chouki,2026,2,2026-Q2,2026-04-01,8104.0,1993034.0,81737.0,2078.0,1172.6420473842022,39.27095877721168,999.8749421028252,1172495.3992356178,25.46410964074257,0.083137568149866,0.0373025679924636,0.0389797882579403,0.2416605937133862,0.1575038567079414,0.1869158878504673,0.00334064492703,5.5832662143361256e-05,"users below 100,000"
dadra & nagar haveli & daman & diu|diu,8105,657709.0,915709229.8944496,24826,1105.0,dadra & nagar haveli & daman & diu,diu,2026,2,2026-Q2,2026-04-01,8104.0,629243.0,24948.0,1086.0,1392.271095415221,22.466968325791854,595.2117647058824,828696.1356510856,44.50978812535245,0.0452384849732139,-0.0048901715568382,0.0174953959484345,0.2005034123618947,0.0771433530024297,0.0203139427516159,0.0199087226163838,1.7010762988260684e-05,"users below 100,000; transactions below 1 million"
nagaland|longleng,8105,129417.0,162166809.66431487,9582,123.0,nagaland,longleng,2026,2,2026-Q2,2026-04-01,8104.0,124866.0,9128.0,117.0,1253.056473757813,77.90243902439025,1052.1707317073171,1318429.3468643485,12.836568566061365,0.036447071260391,0.0497370727432078,0.0512820512820513,0.535833382780514,0.2048283666540928,0.1181818181818181,0.0104720493697932,3.3471974895458827e-06,"users below 100,000; merchants below 1,000; transactions below 1 million"
nagaland|mon,8105,770026.0,973442419.3602532,44304,299.0,nagaland,mon,2026,2,2026-Q2,2026-04-01,8104.0,649656.0,41806.0,280.0,1264.168248033512,148.17391304347825,2575.3377926421404,3255660.265418907,6.748826291079812,0.1852826726760008,0.0597521886810505,0.0678571428571428,0.6194946926534208,0.2154399056267317,0.3114035087719298,0.0623082770271637,1.9915691864940916e-05,"users below 100,000; merchants below 1,000; transactions below 1 million"
arunachal pradesh|changlang,8105,1881575.0,2171780706.7298155,65944,1255.0,arunachal pradesh,changlang,2026,2,2026-Q2,2026-04-01,8104.0,1753962.0,63197.0,1247.0,1154.2355243505124,52.54501992031872,1499.2629482071711,1730502.5551631995,19.03129928424117,0.0727569924547966,0.0434672531923983,0.0064153969526865,0.2850111456529223,0.1657268115045342,0.0951134380453753,0.0463071273414192,4.866441902062553e-05,"users below 100,000"
arunachal pradesh|dibang valley,8105,211796.0,284019571.6716464,6908,26.0,arunachal pradesh,dibang valley,2026,2,2026-Q2,2026-04-01,8104.0,210089.0,6412.0,26.0,1341.0053621014863,265.6923076923077,8146.0,10923829.679678708,3.7637521713954833,0.0081251279219758,0.0773549594510292,0.0,0.2791621872999383,0.2228713046556913,0.0,0.0052124759004574,5.477820066110788e-06,"users below 100,000; merchants below 1,000; transactions below 1 million"
arunachal pradesh|east kameng,8105,1061181.0,1173772709.6366246,24284,1481.0,arunachal pradesh,east kameng,2026,2,2026-Q2,2026-04-01,8104.0,957218.0,22444.0,1481.0,1106.1003821559418,16.39702903443619,716.5300472653612,792554.1591064312,60.986657881732825,0.1086095330426297,0.0819818214222063,0.0,0.3191352622654926,0.2272084091368507,0.1516329704510108,0.0261165479448305,2.7446026249671908e-05,"users below 100,000"
arunachal pradesh|east siang,8105,2793491.0,3013539459.009072,71075,3200.0,arunachal pradesh,east siang,2026,2,2026-Q2,2026-04-01,8104.0,2478078.0,66878.0,2747.0,1078.771851782974,22.2109375,872.9659375,941731.0809403348,45.02286317270489,0.127281304301156,0.0627560632794042,0.1649071714597743,0.3103569426626107,0.1881875020896719,0.6780283167278447,0.0687501393588395,7.224990582588855e-05,"users below 100,000"
arunachal pradesh|kamle,8105,262891.0,277827165.9528171,6858,193.0,arunachal pradesh,kamle,2026,2,2026-Q2,2026-04-01,8104.0,220539.0,6259.0,160.0,1056.8150524468963,35.53367875647668,1362.1295336787564,1439518.9945741815,28.142315543890348,0.1920385963480382,0.0957021888480587,0.20625,0.4536974060372809,0.2733011511325658,0.5317460317460319,0.0064699663919392,6.799323854085682e-06,"users below 100,000; merchants below 1,000; transactions below 1 million"
arunachal pradesh|keyi panyor,8105,393278.0,413672358.5555012,9819,424.0,arunachal pradesh,keyi panyor,2026,2,2026-Q2,2026-04-01,8104.0,336735.0,9071.0,367.0,1051.857359311991,23.15801886792453,927.5424528301888,975642.3550837293,43.181586719625216,0.1679154231071911,0.0824605886892293,0.1553133514986375,0.3618791035266089,0.2197515527950311,0.5531135531135531,0.0096788990216061,1.0171609095355522e-05,"users below 100,000; merchants below 1,000; transactions below 1 million"
arunachal pradesh|kra daadi,8105,272091.0,346225355.3258166,7447,207.0,arunachal pradesh,kra daadi,2026,2,2026-Q2,2026-04-01,8104.0,222284.0,6759.0,201.0,1272.4616224932709,35.97584541062802,1314.4492753623188,1672586.2576126405,27.796428091849062,0.2240692087599647,0.1017902056517237,0.0298507462686568,0.4079814125816952,0.241994663108739,0.3184713375796177,0.0066963860518204,7.037269540539719e-06,"users below 100,000; merchants below 1,000; transactions below 1 million"
arunachal pradesh|kurung kumey,8105,238744.0,355258675.2939173,7991,218.0,arunachal pradesh,kurung kumey,2026,2,2026-Q2,2026-04-01,8104.0,223687.0,7219.0,216.0,1488.03184705759,36.65596330275229,1095.1559633027523,1629626.950889529,27.280690777124263,0.0673128076285165,0.1069400193932677,0.0092592592592593,0.4862606920079186,0.3091415465268676,0.2457142857142857,0.0058756886172487,6.174794018128547e-06,"users below 100,000; merchants below 1,000; transactions below 1 million"
arunachal pradesh|lepa rada,8105,498012.0,592324130.9088975,12193,176.0,arunachal pradesh,lepa rada,2026,2,2026-Q2,2026-04-01,8104.0,469605.0,11283.0,173.0,1189.3772256670472,69.2784090909091,2829.6136363636365,3365478.016527827,14.434511605019273,0.0604912639345833,0.080652308783125,0.0173410404624276,0.2238151641298098,0.2248116524359618,0.2394366197183097,0.0122564899626934,1.2880413826342169e-05,"users below 100,000; merchants below 1,000; transactions below 1 million"
arunachal pradesh|lohit,8105,1510531.0,1623625514.1184323,34707,524.0,arunachal pradesh,lohit,2026,2,2026-Q2,2026-04-01,8104.0,1400144.0,33119.0,524.0,1074.8707005142114,66.23473282442748,2882.692748091603,3098521.9735084586,15.097818883798658,0.0788397479116433,0.0479483076179836,0.0,0.2982903830501162,0.1591022943592825,0.0096339113680155,0.0371754255717477,3.906786257664165e-05,"users below 100,000; merchants below 1,000"
arunachal pradesh|longding,8105,686117.0,731115247.3852549,18662,198.0,arunachal pradesh,longding,2026,2,2026-Q2,2026-04-01,8104.0,553585.0,17208.0,176.0,1065.583927209579,94.25252525252525,3465.2373737373737,3692501.249420479,10.60979530596935,0.2394067758338827,0.0844955834495584,0.125,0.7037411351039948,0.2455449509444036,0.1647058823529412,0.016885910628124,1.774549788617224e-05,"users below 100,000; merchants below 1,000; transactions below 1 million"
arunachal pradesh|lower dibang valley,8105,1257423.0,1410648740.3031263,32326,710.0,arunachal pradesh,lower dibang valley,2026,2,2026-Q2,2026-04-01,8104.0,1139528.0,30303.0,690.0,1121.8569568897071,45.52957746478873,1771.018309859155,1986829.211694544,21.96374435438965,0.1034595025308724,0.0667590667590667,0.0289855072463767,0.3423193282334529,0.1993915108340753,0.1163522012578617,0.0309462269550931,3.252156292370595e-05,"users below 100,000; merchants below 1,000"
arunachal pradesh|lower siang,8105,533357.0,668039963.3126111,12229,497.0,arunachal pradesh,lower siang,2026,2,2026-Q2,2026-04-01,8104.0,511496.0,11708.0,477.0,1252.51935066496,24.6056338028169,1073.1529175050302,1344144.7953976078,40.64109902690326,0.0427393371600168,0.044499487529894,0.0419287211740042,0.2762484745519371,0.1562972768532526,0.155813953488372,0.0131263598407915,1.3794564944572376e-05,"users below 100,000; merchants below 1,000; transactions below 1 million"
arunachal pradesh|lower subansiri,8105,1043407.0,1190552556.857082,24643,866.0,arunachal pradesh,lower subansiri,2026,2,2026-Q2,2026-04-01,8104.0,947537.0,22386.0,826.0,1141.0241227604204,28.456120092378757,1204.8579676674365,1374772.0056086397,35.14182526478108,0.1011781070290658,0.1008219422853569,0.0484261501210654,0.2679078324438353,0.2159175013568854,0.3531249999999999,0.025679115006273,2.698632552890734e-05,"users below 100,000; merchants below 1,000"
arunachal pradesh|namsai,8105,1998330.0,2171403863.5945897,53954,668.0,arunachal pradesh,namsai,2026,2,2026-Q2,2026-04-01,8104.0,1836115.0,50852.0,661.0,1086.6092505214804,80.76946107784431,2991.511976047904,3250604.586219446,12.380917077510473,0.0883468628054342,0.0610005506174782,0.0105900151285931,0.2649499610702823,0.1906170006178833,0.075684380032206,0.0491805651011404,5.168413082735826e-05,"users below 100,000; merchants below 1,000"
arunachal pradesh|pakke kessang,8105,178329.0,187048339.05771333,4655,139.0,arunachal pradesh,pakke kessang,2026,2,2026-Q2,2026-04-01,8104.0,164464.0,4345.0,128.0,1048.8946781382351,33.489208633093526,1282.9424460431655,1345671.504012326,29.86036519871106,0.0843041638291661,0.0713463751438434,0.0859375,0.2351450003116797,0.2237118822292323,0.2300884955752211,0.0043888251659742,4.612240904311085e-06,"users below 100,000; merchants below 1,000; transactions below 1 million"
arunachal pradesh|papum pare,8105,3663025.0,3937389799.696656,72310,5026.0,arunachal pradesh,papum pare,2026,2,2026-Q2,2026-04-01,8104.0,3237657.0,68409.0,4661.0,1074.901154017965,14.387186629526465,728.8151611619578,783404.2577987775,69.50629235237173,0.131381427989438,0.0570246604978876,0.0783093756704569,0.2965175133084154,0.1695348385844601,0.3583783783783782,0.0901500950691852,9.473923892644558e-05,"users below 100,000"
arunachal pradesh|shi yomi,8105,154985.0,328641399.6619879,6109,15.0,arunachal pradesh,shi yomi,2026,2,2026-Q2,2026-04-01,8104.0,133665.0,5379.0,15.0,2120.4723015903983,407.26666666666665,10332.333333333334,21909426.64413253,2.455393681453593,0.1595032357011931,0.1357129577988474,0.0,1.04201691744183,0.341752690533714,0.0,0.0038143098898581,4.008479588595537e-06,"users below 100,000; merchants below 1,000; transactions below 1 million"
arunachal pradesh|siang,8105,422702.0,491785763.1607867,12679,133.0,arunachal pradesh,siang,2026,2,2026-Q2,2026-04-01,8104.0,390747.0,11618.0,130.0,1163.433726740793,95.33082706766918,3178.2105263157896,3697637.316998396,10.489786260746117,0.0817792587019221,0.0913238078843174,0.0230769230769229,0.2851678888929427,0.2701863354037266,0.3854166666666667,0.0104030481599046,1.0932621473423304e-05,"users below 100,000; merchants below 1,000; transactions below 1 million"
arunachal pradesh|tawang,8105,1396678.0,2554193104.784104,37510,237.0,arunachal pradesh,tawang,2026,2,2026-Q2,2026-04-01,8104.0,1133263.0,35486.0,236.0,1828.7630397157425,158.27004219409284,5893.15611814346,10777186.09613546,6.318315115969075,0.2324394249172521,0.0570365778053316,0.0042372881355932,0.253924917739901,0.1631368414524481,0.0128205128205127,0.0343734084482195,3.6123207115788224e-05,"users below 100,000; merchants below 1,000"
arunachal pradesh|tirap,8105,908775.0,1013023605.2904978,25740,489.0,arunachal pradesh,tirap,2026,2,2026-Q2,2026-04-01,8104.0,754523.0,24002.0,442.0,1114.7133287012712,52.63803680981595,1858.435582822086,2071622.9147044944,18.997668997669,0.2044364452773475,0.0724106324472959,0.1063348416289593,0.4617957032833402,0.2064116985376827,0.2801047120418849,0.0223657093922369,2.3504249044268217e-05,"users below 100,000; merchants below 1,000; transactions below 1 million"
arunachal pradesh|upper siang,8105,487329.0,649606308.6975961,15893,149.0,arunachal pradesh,upper siang,2026,2,2026-Q2,2026-04-01,8104.0,480327.0,14777.0,141.0,1332.9933344775216,106.66442953020136,3270.664429530201,4359773.883876484,9.375196627446046,0.0145775690310976,0.0755227718752113,0.0567375886524823,0.2658981159424054,0.2150611620795106,0.5520833333333333,0.0119935724380726,1.2604112329778202e-05,"users below 100,000; merchants below 1,000; transactions below 1 million"
arunachal pradesh|upper subansiri,8105,1134397.0,1610234764.04219,31805,1035.0,arunachal pradesh,upper subansiri,2026,2,2026-Q2,2026-04-01,8104.0,1074158.0,29520.0,1001.0,1419.463172101293,30.72946859903381,1096.0357487922706,1555782.380717092,32.54205313629932,0.056080204215767,0.0774051490514904,0.0339660339660339,0.2373345753250137,0.2121269865467434,0.1774744027303754,0.0279184546641637,2.9339660095260907e-05,"users below 100,000"
arunachal pradesh|west kameng,8105,3063367.0,4014888614.371666,67363,2834.0,arunachal pradesh,west kameng,2026,2,2026-Q2,2026-04-01,8104.0,2731722.0,64072.0,2724.0,1310.613000130793,23.76958362738179,1080.9340155257587,1416686.1730316393,42.070572866410345,0.1214051063761245,0.0513640903983019,0.040381791483113,0.229597765394522,0.1528048738747989,0.1254964257347099,0.0753920124164603,7.92298873560483e-05,"users below 100,000"
arunachal pradesh|west siang,8105,2057515.0,2468223924.85897,42005,860.0,arunachal pradesh,west siang,2026,2,2026-Q2,2026-04-01,8104.0,1876394.0,39320.0,816.0,1199.614061068313,48.843023255813954,2392.4593023255816,2870027.819603454,20.473753124628026,0.096526102726826,0.0682858596134283,0.053921568627451,0.2306786358138928,0.1909554862489368,0.303030303030303,0.0506371572283221,5.321487163744328e-05,"users below 100,000; merchants below 1,000"
andaman & nicobar islands|nicobar,8105,299997.0,486479477.9336041,9934,28.0,andaman & nicobar islands,nicobar,2026,2,2026-Q2,2026-04-01,8104.0,283723.0,9755.0,28.0,1621.6144759234396,354.7857142857143,10714.17857142857,17374267.06905729,2.8186027783370244,0.0573587618909994,0.0183495643259867,0.0,0.1823566969353007,0.1279663903712955,0.0769230769230768,0.0386938377512464,7.759020880342583e-06,"users below 100,000; merchants below 1,000; transactions below 1 million"
andaman & nicobar islands|north and middle andaman,8105,632360.0,1018554643.5334857,30008,444.0,andaman & nicobar islands,north and middle andaman,2026,2,2026-Q2,2026-04-01,8104.0,592094.0,28863.0,399.0,1610.7195956946766,67.58558558558559,1424.2342342342342,2294041.989940283,14.7960543854972,0.0680060936270254,0.0396701659564147,0.1127819548872179,0.3177515951971126,0.1615250628991678,2.240875912408759,0.0815622664239249,1.63551450310951e-05,"users below 100,000; merchants below 1,000; transactions below 1 million"
arunachal pradesh|anjaw,8105,436802.0,614600356.1657355,12206,16.0,arunachal pradesh,anjaw,2026,2,2026-Q2,2026-04-01,8104.0,399545.0,11316.0,16.0,1407.045654932293,762.875,27300.125,38412522.26035847,1.3108307389808291,0.0932485702486578,0.0786496995404737,0.0,0.3250558171140125,0.2264871382636655,0.0,0.0107500608995052,1.1297299101575688e-05,"users below 100,000; merchants below 1,000; transactions below 1 million"
arunachal pradesh|bichom,8105,160947.0,211285748.6332428,4110,43.0,arunachal pradesh,bichom,2026,2,2026-Q2,2026-04-01,8104.0,141149.0,3805.0,44.0,1312.765995223538,95.5813953488372,3742.953488372093,4913622.061238204,10.46228710462287,0.1402631261999731,0.0801576872536136,-0.0227272727272727,0.7011446871928211,0.283572767020612,0.2647058823529411,0.0039610396737942,4.162678738882382e-06,"users below 100,000; merchants below 1,000; transactions below 1 million"
himachal pradesh|lahaul and spiti,8105,854152.0,1365329734.10467,23388,327.0,himachal pradesh,lahaul and spiti,2026,2,2026-Q2,2026-04-01,8104.0,383947.0,24164.0,304.0,1598.4622574256923,71.5229357798165,2612.085626911315,4175320.287781866,13.981528989225245,1.2246612162616195,-0.032113888429068,0.075657894736842,0.3026447828752521,0.0404840288281875,0.1314878892733564,0.0114110576369748,2.209149825827051e-05,"users below 100,000; merchants below 1,000; transactions below 1 million"
ladakh|kargil,8105,2481761.0,2964197648.63043,72972,1047.0,ladakh,kargil,2026,2,2026-Q2,2026-04-01,8104.0,1416296.0,67764.0,1029.0,1194.3928720897904,69.69627507163324,2370.3543457497613,2831134.3348905733,14.347969084032233,0.7522897755836351,0.076854967239242,0.0174927113702623,0.2655840682196126,0.1775565201955817,0.1607538802660753,0.2680832953007991,6.418742660433235e-05,"users below 100,000"
meghalaya|south garo hills,8105,429334.0,461575760.8549889,30453,137.0,meghalaya,south garo hills,2026,2,2026-Q2,2026-04-01,8104.0,415895.0,28432.0,105.0,1075.097152461694,222.28467153284672,3133.824817518248,3369166.137627656,4.498735756739895,0.0323134444992125,0.0710818795723129,0.3047619047619048,0.0371939759094357,0.2783561413819158,0.9571428571428572,0.0191660008054171,1.110414927696278e-05,"users below 100,000; merchants below 1,000; transactions below 1 million"
mizoram|lawngtlai,8105,398954.0,491488791.1258904,38269,381.0,mizoram,lawngtlai,2026,2,2026-Q2,2026-04-01,8104.0,380083.0,36159.0,370.0,1231.9435100936207,100.44356955380576,1047.1233595800525,1289996.8271020744,9.955838929681988,0.0496496817800322,0.0583533836665837,0.0297297297297296,0.055682422580978,0.2408884565499351,0.9740932642487046,0.0861555219531873,1.0318411238433037e-05,"users below 100,000; merchants below 1,000; transactions below 1 million"
nagaland|mokokchung,8105,618890.0,827067302.3953797,40232,867.0,nagaland,mokokchung,2026,2,2026-Q2,2026-04-01,8104.0,565313.0,38580.0,838.0,1336.37205706245,46.403690888119954,713.8292964244521,953941.5252541864,21.55000994233446,0.0947740455287602,0.0428201140487298,0.0346062052505966,0.0134025429626414,0.1559922995144096,0.5879120879120878,0.0500787889880878,1.6006761509732502e-05,"users below 100,000; merchants below 1,000; transactions below 1 million"
gujarat|dangs,8105,1612460.0,1593922680.1272078,66973,1496.0,gujarat,dangs,2026,2,2026-Q2,2026-04-01,8104.0,1569083.0,64104.0,1432.0,988.5037024963148,44.76804812834224,1077.8475935828876,1065456.3369834276,22.33735983157392,0.0276448091018766,0.0447553974790964,0.0446927374301675,0.2091185925435461,0.1876119376518361,0.1056910569105691,0.001392569530666,4.170411973692138e-05,"users below 100,000"
jammu & kashmir|muzaffarabad,8105,31484.0,88485169.75626957,1243,7.0,jammu & kashmir,muzaffarabad,2026,2,2026-Q2,2026-04-01,8104.0,26830.0,1202.0,7.0,2810.4805538136698,177.57142857142858,4497.714285714285,12640738.536609938,5.631536604987932,0.1734625419306745,0.0341098169717137,0.0,-0.0099993711087352,0.0874890638670167,0.0,0.000167698112504,8.142915209042288e-07,"users below 100,000; merchants below 1,000; transactions below 1 million"
nagaland|kiphire,8105,136629.0,210217367.68748137,11608,150.0,nagaland,kiphire,2026,2,2026-Q2,2026-04-01,8104.0,118919.0,10848.0,98.0,1538.5999142750177,77.38666666666667,910.86,1401449.1179165426,12.92212267401792,0.1489248984602964,0.0700589970501475,0.5306122448979591,0.5216335712933367,0.2477695367085886,6.894736842105263,0.0110556235528986,3.5337262167965912e-06,"users below 100,000; merchants below 1,000; transactions below 1 million"
nagaland|niuland,8105,2390.0,2604556.2150924224,120,1.0,nagaland,niuland,2026,2,2026-Q2,2026-04-01,8104.0,2080.0,98.0,1.0,1089.772474934068,120.0,2390.0,2604556.2150924224,8.333333333333334,0.1490384615384614,0.2244897959183673,0.0,0.6061827956989247,0.411764705882353,0.0,0.0001933918881893,6.181415115490748e-08,"users below 100,000; merchants below 1,000; transactions below 1 million"
manipur|pherzawl,8105,11432.0,16176764.942819271,1928,3.0,manipur,pherzawl,2026,2,2026-Q2,2026-04-01,8104.0,10375.0,1766.0,3.0,1415.042419770755,642.6666666666666,3810.6666666666665,5392254.980939757,1.5560165975103737,0.1018795180722891,0.0917327293318233,0.0,0.841198260589467,0.3259972489683631,0.0,0.0010929577173933,2.956733790807122e-07,"users below 100,000; merchants below 1,000; transactions below 1 million"
meghalaya|west jaintia hills,8105,1549797.0,1290577919.4597478,43171,463.0,meghalaya,west jaintia hills,2026,2,2026-Q2,2026-04-01,8104.0,1597423.0,39430.0,417.0,832.7399778550015,93.24190064794816,3347.29373650108,2787425.3120080945,10.724792105811773,-0.0298142696079873,0.0948769972102459,0.1103117505995203,3.898576698053272,0.3918047585273068,0.4559748427672956,0.069184855031824,4.008342511189211e-05,"users below 100,000; merchants below 1,000"
nagaland|shamator,8105,32412.0,51547967.38224845,3469,5.0,nagaland,shamator,2026,2,2026-Q2,2026-04-01,8104.0,30159.0,3234.0,5.0,1590.3976114478726,693.8,6482.4,10309593.476449689,1.4413375612568464,0.0747040684372823,0.0726654298082869,0.0,0.4373392461197338,0.2919925512104282,0.25,0.0026226853054369,8.382929988422013e-07,"users below 100,000; merchants below 1,000; transactions below 1 million"
tripura|unakoti,8105,1633398.0,1654367851.4871483,89899,2752.0,tripura,unakoti,2026,2,2026-Q2,2026-04-01,8104.0,1545684.0,85945.0,2625.0,1012.8381762969884,32.66678779069768,593.53125,601151.108825272,30.61213139189535,0.0567476922838043,0.0460061667345395,0.0483809523809524,0.2341428990228997,0.1889514891816113,0.0838912957857425,0.0714428740172875,4.224565308289688e-05,"users below 100,000"
meghalaya|eastern west khasi hills,8105,76764.0,100404226.56793784,7692,14.0,meghalaya,eastern west khasi hills,2026,2,2026-Q2,2026-04-01,8104.0,67576.0,7093.0,11.0,1307.9598062625428,549.4285714285714,5483.142857142857,7171730.469138416,1.8200728029121165,0.1359654315141469,0.084449457211335,0.2727272727272727,0.4174868433200998,0.324608231444808,0.2727272727272727,0.0034268399097836,1.985398116843229e-06,"users below 100,000; merchants below 1,000; transactions below 1 million"
uttarakhand|champawat,8105,2566824.0,2889047206.942416,97960,3121.0,uttarakhand,champawat,2026,2,2026-Q2,2026-04-01,8104.0,2091007.0,97167.0,3036.0,1125.5338141385682,31.38737584107658,822.4363985901955,925679.9765916103,31.85994283380972,0.2275539967106756,0.0081612069941441,0.0279973649538867,0.1613174685977136,0.1011690647482015,0.0648242920504946,0.0103908733264395,6.638746724855406e-05,"users below 100,000"
himachal pradesh|kinnaur,8105,1156712.0,1525105140.9295552,49443,167.0,himachal pradesh,kinnaur,2026,2,2026-Q2,2026-04-01,8104.0,809570.0,48927.0,158.0,1318.4830285581504,296.0658682634731,6926.419161676647,9132366.11335063,3.377626762130129,0.4287980038786021,0.010546324115519,0.0569620253164557,0.1448230130098922,0.0909030734946936,0.0986842105263157,0.0154531129136037,2.9916807703219804e-05,"users below 100,000; merchants below 1,000"
manipur|bishnupur,8105,864524.0,1487095766.284032,74212,4865.0,manipur,bishnupur,2026,2,2026-Q2,2026-04-01,8104.0,864156.0,70513.0,4703.0,1720.1324269586871,15.25426515930113,177.70277492291882,305672.30550545367,65.55543577858029,0.0004258490365165,0.0524584119240423,0.034446098235169,0.0796792398869521,0.1987658907716414,0.3077956989247312,0.0826529196703803,2.2359756156085867e-05,"users below 100,000; transactions below 1 million"
manipur|kamjong,8105,44435.0,95108168.80889209,3616,9.0,manipur,kamjong,2026,2,2026-Q2,2026-04-01,8104.0,47777.0,3499.0,9.0,2140.388630784113,401.77777777777777,4937.222222222223,10567574.312099122,2.4889380530973453,-0.0699499759298407,0.0334381251786224,0.0,0.0396583996256434,0.1414141414141414,0.125,0.0042482134510474,1.149251801911428e-06,"users below 100,000; merchants below 1,000; transactions below 1 million"
mizoram|lunglei,8105,407700.0,522985511.7213242,38804,1559.0,mizoram,lunglei,2026,2,2026-Q2,2026-04-01,8104.0,389783.0,36827.0,1490.0,1282.770448175924,24.89031430404105,261.5137908915972,335462.162746199,40.1762704875786,0.0459666019297917,0.0536834387813289,0.0463087248322147,0.2444637084835368,0.2345380503945024,0.3969534050179211,0.0880442514683759,1.0544614822533796e-05,"users below 100,000; transactions below 1 million"
chhattisgarh|narayanpur,8105,2559795.0,3350892733.289844,60578,864.0,chhattisgarh,narayanpur,2026,2,2026-Q2,2026-04-01,8104.0,2480868.0,58414.0,806.0,1309.0472999946653,70.11342592592592,2962.7256944444443,3878348.07093732,14.262603585460068,0.0318142682319253,0.0370459136508372,0.0719602977667492,0.210319843175377,0.1538886454980095,0.1771117166212534,0.0039612949192288,6.620567157137087e-05,"users below 100,000; merchants below 1,000"
manipur|jiribam,8105,558399.0,699359344.840181,19461,437.0,manipur,jiribam,2026,2,2026-Q2,2026-04-01,8104.0,518287.0,18650.0,427.0,1252.4365997077018,44.53318077803203,1277.8009153318078,1600364.6335015583,22.4551667437439,0.0773934133018965,0.043485254691689,0.0234192037470726,0.1474722275878792,0.1799551324804462,0.1972602739726028,0.0533858026972307,1.4442242757635638e-05,"users below 100,000; merchants below 1,000; transactions below 1 million"
nagaland|tseminyu,8105,31066.0,47844545.49235341,3232,35.0,nagaland,tseminyu,2026,2,2026-Q2,2026-04-01,8104.0,25645.0,3054.0,34.0,1540.0935264389818,92.34285714285714,887.6,1366987.0140672403,10.82920792079208,0.2113862351335542,0.0582842174197772,0.0294117647058822,0.4491766571815085,0.1825832418587631,0.0294117647058822,0.0025137708780299,8.034805103675127e-07,"users below 100,000; merchants below 1,000; transactions below 1 million"
nagaland|tuensang,8105,308411.0,390949676.3720375,22132,362.0,nagaland,tuensang,2026,2,2026-Q2,2026-04-01,8104.0,265010.0,21045.0,327.0,1267.625591733231,61.13812154696133,851.9640883977901,1079971.481690711,16.35640701247063,0.1637711784460964,0.0516512235685435,0.1070336391437309,0.4013458619968921,0.2122473571780687,1.3973509933774833,0.0249557262043419,7.976637728801744e-06,"users below 100,000; merchants below 1,000; transactions below 1 million"
puducherry|yanam,8105,2706255.0,3343919975.6452427,24897,1323.0,puducherry,yanam,2026,2,2026-Q2,2026-04-01,8104.0,2612654.0,24550.0,1273.0,1235.6263455015298,18.81859410430839,2045.544217687075,2527528.326262466,53.13893240149416,0.0358260221215667,0.0141344195519348,0.0392772977219166,0.2250375715216919,0.0848838729356398,0.1605263157894736,0.1309146146105809,6.999366344507285e-05,"users below 100,000"
meghalaya|east garo hills,8105,618280.0,539760459.86609,38695,633.0,meghalaya,east garo hills,2026,2,2026-Q2,2026-04-01,8104.0,559568.0,36194.0,514.0,873.0032669115774,61.12954186413902,976.7456556082147,852702.1482876621,16.35870267476418,0.1049237983587338,0.0690998508040006,0.2315175097276265,-0.0080045694555641,0.2901343646850931,2.403225806451613,0.0276007839536895,1.599098467617414e-05,"users below 100,000; merchants below 1,000; transactions below 1 million"
meghalaya|west khasi hills,8105,241022.0,419267770.7766425,17274,47.0,meghalaya,west khasi hills,2026,2,2026-Q2,2026-04-01,8104.0,275186.0,15997.0,43.0,1739.5414973597535,367.531914893617,5128.127659574468,8920590.867588138,2.7208521477364824,-0.1241487575676087,0.0798274676501844,0.0930232558139534,0.1633571132070006,0.3046827794561932,0.6206896551724137,0.0107595202013426,6.233711439187493e-06,"users below 100,000; merchants below 1,000; transactions below 1 million"
mizoram|mamit,8105,265443.0,332782522.7571427,23308,825.0,mizoram,mamit,2026,2,2026-Q2,2026-04-01,8104.0,253824.0,21751.0,751.0,1253.6873180198488,28.252121212121214,321.7490909090909,403372.7548571427,35.395572335678736,0.0457758131618759,0.0715829157280125,0.0985352862849533,0.2997321634048053,0.2504291845493562,0.680244399185336,0.0573233510976701,6.865327918415106e-06,"users below 100,000; merchants below 1,000; transactions below 1 million"
nagaland|phek,8105,170492.0,251030863.8980168,15007,95.0,nagaland,phek,2026,2,2026-Q2,2026-04-01,8104.0,146417.0,14104.0,81.0,1472.390868181597,157.96842105263158,1794.6526315789474,2642430.1462949137,6.330379156393683,0.1644276279393786,0.0640243902439023,0.1728395061728396,0.3773569662794267,0.2227654200277031,1.1590909090909092,0.0137957195820857,4.409547388578445e-06,"users below 100,000; merchants below 1,000; transactions below 1 million"
puducherry|karaikal,8105,1821128.0,2294697371.405895,92000,8100.0,puducherry,karaikal,2026,2,2026-Q2,2026-04-01,8104.0,1739733.0,89297.0,7971.0,1260.041782568768,11.358024691358024,224.83061728395063,283295.9717785056,88.04347826086956,0.0467859148501523,0.030269773900579,0.0161836657884832,0.2125970725263193,0.116965738290071,0.1077680525164113,0.0880967500389054,4.710103826963779e-05,"users below 100,000"
sikkim|soreng,8105,776889.0,890112927.5835919,24290,573.0,sikkim,soreng,2026,2,2026-Q2,2026-04-01,8104.0,704199.0,23225.0,559.0,1145.740160542358,42.39092495636999,1355.8272251308902,1553425.7025891657,23.58995471387402,0.1032236626294555,0.0458557588805166,0.0250447227191412,0.3785895918472368,0.1635370760682122,0.1391650099403578,0.0519441244740323,2.009319417430331e-05,"users below 100,000; merchants below 1,000; transactions below 1 million"
lakshadweep|lakshadweep,8105,371196.0,370577513.7308949,18419,374.0,lakshadweep,lakshadweep,2026,2,2026-Q2,2026-04-01,8104.0,351993.0,17882.0,369.0,998.3338013634168,49.24866310160428,992.5026737967914,990848.9671949062,20.305119713339487,0.0545550621745318,0.0300301979644335,0.0135501355013549,0.3154302481342093,0.1521236004253456,0.2262295081967213,1.0,9.600487720542692e-06,"users below 100,000; merchants below 1,000; transactions below 1 million"
manipur|churachandpur,8105,853637.0,1359853339.7525997,65041,2119.0,manipur,churachandpur,2026,2,2026-Q2,2026-04-01,8104.0,738945.0,61582.0,1788.0,1593.011244536729,30.69419537517697,402.84898537045774,641742.9635453514,32.57944988545687,0.1552104689794233,0.0561690104251242,0.1851230425055927,0.5578141908969636,0.215855983848656,8.720183486238533,0.0816120667426982,2.20781784725614e-05,"users below 100,000; transactions below 1 million"
manipur|ukhrul,8105,275269.0,561534058.7222958,23605,89.0,manipur,ukhrul,2026,2,2026-Q2,2026-04-01,8104.0,244559.0,22328.0,82.0,2039.9465930500555,265.2247191011236,3092.9101123595506,6309371.44631793,3.770387629739462,0.1255729701217294,0.0571927624507344,0.0853658536585366,0.2963229823024687,0.1949478586615369,0.5892857142857142,0.0263171254294223,7.119464257012646e-06,"users below 100,000; merchants below 1,000; transactions below 1 million"
meghalaya|north garo hills,8105,770247.0,678252522.9506547,42420,399.0,meghalaya,north garo hills,2026,2,2026-Q2,2026-04-01,8104.0,672092.0,40136.0,312.0,880.564965459982,106.3157894736842,1930.4436090225563,1699881.0099013904,9.405940594059404,0.146043993977015,0.0569065178393461,0.2788461538461537,0.0607636426235151,0.2532498227369415,1.046153846153846,0.0343847788024479,1.992140773414812e-05,"users below 100,000; merchants below 1,000; transactions below 1 million"
mizoram|khawzawl,8105,40885.0,47137319.10083856,5181,356.0,mizoram,khawzawl,2026,2,2026-Q2,2026-04-01,8104.0,40056.0,4808.0,321.0,1152.924522461503,14.553370786516854,114.84550561797752,132408.19972145662,68.71260374445087,0.0206960255642101,0.0775790349417637,0.1090342679127724,0.6235158638764247,0.3538019336294749,0.3798449612403101,0.0088292598020224,1.0574358033340552e-06,"users below 100,000; merchants below 1,000; transactions below 1 million"
nagaland|zunheboto,8105,184103.0,284689435.7506508,16367,181.0,nagaland,zunheboto,2026,2,2026-Q2,2026-04-01,8104.0,155867.0,15669.0,103.0,1546.3595691034411,90.42541436464089,1017.1436464088398,1572869.8107770763,11.05883790554164,0.1811544457774898,0.0445465568957814,0.7572815533980584,0.268154077176354,0.1903272727272726,4.838709677419355,0.0148970823394689,4.761577686222565e-06,"users below 100,000; merchants below 1,000; transactions below 1 million"
sikkim|gyalshing,8105,1119535.0,1446820127.8332071,34405,587.0,sikkim,gyalshing,2026,2,2026-Q2,2026-04-01,8104.0,963303.0,33432.0,564.0,1292.3402375389846,58.61158432708688,1907.2146507666096,2464770.2348095523,17.06147362301991,0.1621836535337271,0.0291038525963149,0.0407801418439717,0.33472146384383,0.1467951068297723,0.1096408317580339,0.0748540208357124,2.8955274356991352e-05,"users below 100,000; merchants below 1,000"
sikkim|pakyong,8105,2197973.0,2271115002.1676407,61769,1066.0,sikkim,pakyong,2026,2,2026-Q2,2026-04-01,8104.0,2119252.0,60280.0,1051.0,1033.2770248622894,57.94465290806754,2061.8883677298318,2130501.878206042,17.257847787725236,0.0371456532776659,0.0247013934970139,0.0142721217887726,0.2951361677404605,0.1074277928178282,0.0967078189300412,0.1469602261102453,5.684762981439558e-05,"users below 100,000"
assam|west karbi anglong,8105,1702011.0,1377628710.2017007,78698,3234.0,assam,west karbi anglong,2026,2,2026-Q2,2026-04-01,8104.0,1544680.0,75735.0,3121.0,809.4123423419124,24.33457019171305,526.2866419294991,425982.9035874152,41.09380162138809,0.1018534583214645,0.0391232587311018,0.0362063441204743,0.3375163848627442,0.2168602044129699,0.1451841359773371,0.0030994960991272,4.402023649427415e-05,"users below 100,000"
