District Key,State,District
andaman & nicobar islands|nicobar,Andaman & Nicobar Islands,Nicobar
andaman & nicobar islands|north and middle andaman,Andaman & Nicobar Islands,North And Middle Andaman
andaman & nicobar islands|south andaman,Andaman & Nicobar Islands,South Andaman
andhra pradesh|alluri sitharama raju,Andhra Pradesh,Alluri Sitharama Raju
andhra pradesh|anakapalli,Andhra Pradesh,Anakapalli
andhra pradesh|ananthapuramu,Andhra Pradesh,Ananthapuramu
andhra pradesh|annamayya,Andhra Pradesh,Annamayya
andhra pradesh|bapatla,Andhra Pradesh,Bapatla
andhra pradesh|chittoor,Andhra Pradesh,Chittoor
andhra pradesh|dr br ambedkar konaseema,Andhra Pradesh,Dr Br Ambedkar Konaseema
andhra pradesh|east godavari,Andhra Pradesh,East Godavari
andhra pradesh|eluru,Andhra Pradesh,Eluru
andhra pradesh|guntur,Andhra Pradesh,Guntur
andhra pradesh|kakinada,Andhra Pradesh,Kakinada
andhra pradesh|krishna,Andhra Pradesh,Krishna
andhra pradesh|kurnool,Andhra Pradesh,Kurnool
andhra pradesh|nandyal,Andhra Pradesh,Nandyal
andhra pradesh|ntr,Andhra Pradesh,Ntr
andhra pradesh|palnadu,Andhra Pradesh,Palnadu
andhra pradesh|parvathipuram manyam,Andhra Pradesh,Parvathipuram Manyam
andhra pradesh|prakasam,Andhra Pradesh,Prakasam
andhra pradesh|sri potti sriramulu nellore,Andhra Pradesh,Sri Potti Sriramulu Nellore
andhra pradesh|sri sathyasai,Andhra Pradesh,Sri Sathyasai
andhra pradesh|srikakulam,Andhra Pradesh,Srikakulam
andhra pradesh|tirupati,Andhra Pradesh,Tirupati
andhra pradesh|visakhapatnam,Andhra Pradesh,Visakhapatnam
andhra pradesh|vizianagaram,Andhra Pradesh,Vizianagaram
andhra pradesh|west godavari,Andhra Pradesh,West Godavari
andhra pradesh|ysr kadapa,Andhra Pradesh,Ysr Kadapa
arunachal pradesh|anjaw,Arunachal Pradesh,Anjaw
arunachal pradesh|bichom,Arunachal Pradesh,Bichom
arunachal pradesh|changlang,Arunachal Pradesh,Changlang
arunachal pradesh|dibang valley,Arunachal Pradesh,Dibang Valley
arunachal pradesh|east kameng,Arunachal Pradesh,East Kameng
arunachal pradesh|east siang,Arunachal Pradesh,East Siang
arunachal pradesh|itanagar capital complex,Arunachal Pradesh,Itanagar Capital Complex
arunachal pradesh|kamle,Arunachal Pradesh,Kamle
arunachal pradesh|keyi panyor,Arunachal Pradesh,Keyi Panyor
arunachal pradesh|kra daadi,Arunachal Pradesh,Kra Daadi
arunachal pradesh|kurung kumey,Arunachal Pradesh,Kurung Kumey
arunachal pradesh|lepa rada,Arunachal Pradesh,Lepa Rada
arunachal pradesh|lohit,Arunachal Pradesh,Lohit
arunachal pradesh|longding,Arunachal Pradesh,Longding
arunachal pradesh|lower dibang valley,Arunachal Pradesh,Lower Dibang Valley
arunachal pradesh|lower siang,Arunachal Pradesh,Lower Siang
arunachal pradesh|lower subansiri,Arunachal Pradesh,Lower Subansiri
arunachal pradesh|namsai,Arunachal Pradesh,Namsai
arunachal pradesh|pakke kessang,Arunachal Pradesh,Pakke Kessang
arunachal pradesh|papum pare,Arunachal Pradesh,Papum Pare
arunachal pradesh|shi yomi,Arunachal Pradesh,Shi Yomi
arunachal pradesh|siang,Arunachal Pradesh,Siang
arunachal pradesh|tawang,Arunachal Pradesh,Tawang
arunachal pradesh|tirap,Arunachal Pradesh,Tirap
arunachal pradesh|upper siang,Arunachal Pradesh,Upper Siang
arunachal pradesh|upper subansiri,Arunachal Pradesh,Upper Subansiri
arunachal pradesh|west kameng,Arunachal Pradesh,West Kameng
arunachal pradesh|west siang,Arunachal Pradesh,West Siang
assam|bajali,Assam,Bajali
assam|baksa,Assam,Baksa
assam|barpeta,Assam,Barpeta
assam|biswanath,Assam,Biswanath
assam|bongaigaon,Assam,Bongaigaon
assam|cachar,Assam,Cachar
assam|charaideo,Assam,Charaideo
assam|chirang,Assam,Chirang
assam|darrang,Assam,Darrang
assam|dhemaji,Assam,Dhemaji
assam|dhubri,Assam,Dhubri
assam|dibrugarh,Assam,Dibrugarh
assam|dima hasao,Assam,Dima Hasao
assam|goalpara,Assam,Goalpara
assam|golaghat,Assam,Golaghat
assam|hailakandi,Assam,Hailakandi
assam|hojai,Assam,Hojai
assam|jorhat,Assam,Jorhat
assam|kamrup,Assam,Kamrup
assam|kamrup metropolitan,Assam,Kamrup Metropolitan
assam|karbi anglong,Assam,Karbi Anglong
assam|kokrajhar,Assam,Kokrajhar
assam|lakhimpur,Assam,Lakhimpur
assam|majuli,Assam,Majuli
assam|morigaon,Assam,Morigaon
assam|nagaon,Assam,Nagaon
assam|nalbari,Assam,Nalbari
assam|sivasagar,Assam,Sivasagar
assam|sonitpur,Assam,Sonitpur
assam|south salmara mankachar,Assam,South Salmara Mankachar
assam|sribhumi,Assam,Sribhumi
assam|tamulpur,Assam,Tamulpur
assam|tinsukia,Assam,Tinsukia
assam|udalguri,Assam,Udalguri
assam|west karbi anglong,Assam,West Karbi Anglong
bihar|araria,Bihar,Araria
bihar|arwal,Bihar,Arwal
bihar|aurangabad,Bihar,Aurangabad
bihar|banka,Bihar,Banka
bihar|begusarai,Bihar,Begusarai
bihar|bhagalpur,Bihar,Bhagalpur
bihar|bhojpur,Bihar,Bhojpur
bihar|buxar,Bihar,Buxar
bihar|darbhanga,Bihar,Darbhanga
bihar|gaya,Bihar,Gaya
bihar|gopalganj,Bihar,Gopalganj
bihar|jamui,Bihar,Jamui
bihar|jehanabad,Bihar,Jehanabad
bihar|kaimur,Bihar,Kaimur
bihar|katihar,Bihar,Katihar
bihar|khagaria,Bihar,Khagaria
bihar|kishanganj,Bihar,Kishanganj
bihar|lakhisarai,Bihar,Lakhisarai
bihar|madhepura,Bihar,Madhepura
bihar|madhubani,Bihar,Madhubani
bihar|munger,Bihar,Munger
bihar|muzaffarpur,Bihar,Muzaffarpur
bihar|nalanda,Bihar,Nalanda
bihar|nawada,Bihar,Nawada
bihar|pashchim champaran,Bihar,Pashchim Champaran
bihar|patna,Bihar,Patna
bihar|purbi champaran,Bihar,Purbi Champaran
bihar|purnea,Bihar,Purnea
bihar|rohtas,Bihar,Rohtas
bihar|saharsa,Bihar,Saharsa
bihar|samastipur,Bihar,Samastipur
bihar|saran,Bihar,Saran
bihar|sheikhpura,Bihar,Sheikhpura
bihar|sheohar,Bihar,Sheohar
bihar|sitamarhi,Bihar,Sitamarhi
bihar|siwan,Bihar,Siwan
bihar|supaul,Bihar,Supaul
bihar|vaishali,Bihar,Vaishali
chandigarh|chandigarh,Chandigarh,Chandigarh
chhattisgarh|balod,Chhattisgarh,Balod
chhattisgarh|balodabazar bhatapara,Chhattisgarh,Balodabazar Bhatapara
chhattisgarh|balrampur ramanujganj,Chhattisgarh,Balrampur Ramanujganj
chhattisgarh|bastar,Chhattisgarh,Bastar
chhattisgarh|bemetara,Chhattisgarh,Bemetara
chhattisgarh|bijapur,Chhattisgarh,Bijapur
chhattisgarh|bilaspur,Chhattisgarh,Bilaspur
chhattisgarh|dantewada,Chhattisgarh,Dantewada
chhattisgarh|dhamtari,Chhattisgarh,Dhamtari
chhattisgarh|durg,Chhattisgarh,Durg
chhattisgarh|gariaband,Chhattisgarh,Gariaband
chhattisgarh|gaurela pendra marwahi,Chhattisgarh,Gaurela Pendra Marwahi
chhattisgarh|janjgir champa,Chhattisgarh,Janjgir Champa
chhattisgarh|jashpur,Chhattisgarh,Jashpur
chhattisgarh|kabirdham,Chhattisgarh,Kabirdham
chhattisgarh|khairagarh chhuikhadan gandai,Chhattisgarh,Khairagarh Chhuikhadan Gandai
chhattisgarh|kondagaon,Chhattisgarh,Kondagaon
chhattisgarh|korba,Chhattisgarh,Korba
chhattisgarh|korea,Chhattisgarh,Korea
chhattisgarh|mahasamund,Chhattisgarh,Mahasamund
chhattisgarh|manendragarh chirmiri bharatpur,Chhattisgarh,Manendragarh Chirmiri Bharatpur
chhattisgarh|mohla manpur ambagarh chouki,Chhattisgarh,Mohla Manpur Ambagarh Chouki
chhattisgarh|mungeli,Chhattisgarh,Mungeli
chhattisgarh|narayanpur,Chhattisgarh,Narayanpur
chhattisgarh|north bastar kanker,Chhattisgarh,North Bastar Kanker
chhattisgarh|raigarh,Chhattisgarh,Raigarh
chhattisgarh|raipur,Chhattisgarh,Raipur
chhattisgarh|rajnandgaon,Chhattisgarh,Rajnandgaon
chhattisgarh|sakti,Chhattisgarh,Sakti
chhattisgarh|sarangarh bilaigarh,Chhattisgarh,Sarangarh Bilaigarh
chhattisgarh|sukma,Chhattisgarh,Sukma
chhattisgarh|surajpur,Chhattisgarh,Surajpur
chhattisgarh|surguja,Chhattisgarh,Surguja
dadra & nagar haveli & daman & diu|dadra and nagar haveli,Dadra & Nagar Haveli & Daman & Diu,Dadra And Nagar Haveli
dadra & nagar haveli & daman & diu|daman,Dadra & Nagar Haveli & Daman & Diu,Daman
dadra & nagar haveli & daman & diu|diu,Dadra & Nagar Haveli & Daman & Diu,Diu
delhi|central,Delhi,Central
delhi|east,Delhi,East
delhi|new delhi,Delhi,New Delhi
delhi|north,Delhi,North
delhi|north east,Delhi,North East
delhi|north west,Delhi,North West
delhi|shahdara,Delhi,Shahdara
delhi|south,Delhi,South
delhi|south east,Delhi,South East
delhi|south west,Delhi,South West
delhi|west,Delhi,West
goa|north goa,Goa,North Goa
goa|south goa,Goa,South Goa
gujarat|ahmedabad,Gujarat,Ahmedabad
gujarat|amreli,Gujarat,Amreli
gujarat|anand,Gujarat,Anand
gujarat|aravalli,Gujarat,Aravalli
gujarat|banaskantha,Gujarat,Banaskantha
gujarat|bharuch,Gujarat,Bharuch
gujarat|bhavnagar,Gujarat,Bhavnagar
gujarat|botad,Gujarat,Botad
gujarat|chhotaudepur,Gujarat,Chhotaudepur
gujarat|dahod,Gujarat,Dahod
gujarat|dangs,Gujarat,Dangs
gujarat|devbhumi dwarka,Gujarat,Devbhumi Dwarka
gujarat|gandhinagar,Gujarat,Gandhinagar
gujarat|gir somnath,Gujarat,Gir Somnath
gujarat|jamnagar,Gujarat,Jamnagar
gujarat|junagadh,Gujarat,Junagadh
gujarat|kachchh,Gujarat,Kachchh
gujarat|kheda,Gujarat,Kheda
gujarat|mahesana,Gujarat,Mahesana
gujarat|mahisagar,Gujarat,Mahisagar
gujarat|morbi,Gujarat,Morbi
gujarat|narmada,Gujarat,Narmada
gujarat|navsari,Gujarat,Navsari
gujarat|panchmahals,Gujarat,Panchmahals
gujarat|patan,Gujarat,Patan
gujarat|porbandar,Gujarat,Porbandar
gujarat|rajkot,Gujarat,Rajkot
gujarat|sabarkantha,Gujarat,Sabarkantha
gujarat|surat,Gujarat,Surat
gujarat|surendranagar,Gujarat,Surendranagar
gujarat|tapi,Gujarat,Tapi
gujarat|vadodara,Gujarat,Vadodara
gujarat|valsad,Gujarat,Valsad
gujarat|vav tharad,Gujarat,Vav Tharad
haryana|ambala,Haryana,Ambala
haryana|bhiwani,Haryana,Bhiwani
haryana|charkhi dadri,Haryana,Charkhi Dadri
haryana|faridabad,Haryana,Faridabad
haryana|fatehabad,Haryana,Fatehabad
haryana|gurugram,Haryana,Gurugram
haryana|hisar,Haryana,Hisar
haryana|jhajjar,Haryana,Jhajjar
haryana|jind,Haryana,Jind
haryana|kaithal,Haryana,Kaithal
haryana|karnal,Haryana,Karnal
haryana|kurukshetra,Haryana,Kurukshetra
haryana|mahendragarh,Haryana,Mahendragarh
haryana|nuh,Haryana,Nuh
haryana|palwal,Haryana,Palwal
haryana|panchkula,Haryana,Panchkula
haryana|panipat,Haryana,Panipat
haryana|rewari,Haryana,Rewari
haryana|rohtak,Haryana,Rohtak
haryana|sirsa,Haryana,Sirsa
haryana|sonipat,Haryana,Sonipat
haryana|yamunanagar,Haryana,Yamunanagar
himachal pradesh|bilaspur,Himachal Pradesh,Bilaspur
himachal pradesh|chamba,Himachal Pradesh,Chamba
himachal pradesh|hamirpur,Himachal Pradesh,Hamirpur
himachal pradesh|kangra,Himachal Pradesh,Kangra
himachal pradesh|kinnaur,Himachal Pradesh,Kinnaur
himachal pradesh|kullu,Himachal Pradesh,Kullu
himachal pradesh|lahaul and spiti,Himachal Pradesh,Lahaul And Spiti
himachal pradesh|mandi,Himachal Pradesh,Mandi
himachal pradesh|shimla,Himachal Pradesh,Shimla
himachal pradesh|sirmaur,Himachal Pradesh,Sirmaur
himachal pradesh|solan,Himachal Pradesh,Solan
himachal pradesh|una,Himachal Pradesh,Una
jammu & kashmir|anantnag,Jammu & Kashmir,Anantnag
jammu & kashmir|bandipore,Jammu & Kashmir,Bandipore
jammu & kashmir|baramulla,Jammu & Kashmir,Baramulla
jammu & kashmir|budgam,Jammu & Kashmir,Budgam
jammu & kashmir|doda,Jammu & Kashmir,Doda
jammu & kashmir|ganderbal,Jammu & Kashmir,Ganderbal
jammu & kashmir|jammu,Jammu & Kashmir,Jammu
jammu & kashmir|kathua,Jammu & Kashmir,Kathua
jammu & kashmir|kishtwar,Jammu & Kashmir,Kishtwar
jammu & kashmir|kulgam,Jammu & Kashmir,Kulgam
jammu & kashmir|kupwara,Jammu & Kashmir,Kupwara
jammu & kashmir|mirpur,Jammu & Kashmir,Mirpur
jammu & kashmir|muzaffarabad,Jammu & Kashmir,Muzaffarabad
jammu & kashmir|poonch,Jammu & Kashmir,Poonch
jammu & kashmir|pulwama,Jammu & Kashmir,Pulwama
jammu & kashmir|rajouri,Jammu & Kashmir,Rajouri
jammu & kashmir|ramban,Jammu & Kashmir,Ramban
jammu & kashmir|reasi,Jammu & Kashmir,Reasi
jammu & kashmir|samba,Jammu & Kashmir,Samba
jammu & kashmir|shopian,Jammu & Kashmir,Shopian
jammu & kashmir|srinagar,Jammu & Kashmir,Srinagar
jammu & kashmir|udhampur,Jammu & Kashmir,Udhampur
jharkhand|bokaro,Jharkhand,Bokaro
jharkhand|chatra,Jharkhand,Chatra
jharkhand|deoghar,Jharkhand,Deoghar
jharkhand|dhanbad,Jharkhand,Dhanbad
jharkhand|dumka,Jharkhand,Dumka
jharkhand|east singhbhum,Jharkhand,East Singhbhum
jharkhand|garhwa,Jharkhand,Garhwa
jharkhand|giridih,Jharkhand,Giridih
jharkhand|godda,Jharkhand,Godda
jharkhand|gumla,Jharkhand,Gumla
jharkhand|hazaribag,Jharkhand,Hazaribag
jharkhand|jamtara,Jharkhand,Jamtara
jharkhand|khunti,Jharkhand,Khunti
jharkhand|koderma,Jharkhand,Koderma
jharkhand|latehar,Jharkhand,Latehar
jharkhand|lohardaga,Jharkhand,Lohardaga
jharkhand|pakur,Jharkhand,Pakur
jharkhand|palamu,Jharkhand,Palamu
jharkhand|ramgarh,Jharkhand,Ramgarh
jharkhand|ranchi,Jharkhand,Ranchi
jharkhand|sahibganj,Jharkhand,Sahibganj
jharkhand|seraikela kharsawan,Jharkhand,Seraikela Kharsawan
jharkhand|simdega,Jharkhand,Simdega
jharkhand|west singhbhum,Jharkhand,West Singhbhum
karnataka|bagalkote,Karnataka,Bagalkote
karnataka|ballari,Karnataka,Ballari
karnataka|belagavi,Karnataka,Belagavi
karnataka|bengaluru rural,Karnataka,Bengaluru Rural
karnataka|bengaluru south,Karnataka,Bengaluru South
karnataka|bengaluru urban,Karnataka,Bengaluru Urban
karnataka|bidar,Karnataka,Bidar
karnataka|chamarajanagar,Karnataka,Chamarajanagar
karnataka|chikkaballapur,Karnataka,Chikkaballapur
karnataka|chikkamagaluru,Karnataka,Chikkamagaluru
karnataka|chitradurga,Karnataka,Chitradurga
karnataka|dakshina kannada,Karnataka,Dakshina Kannada
karnataka|davanagere,Karnataka,Davanagere
karnataka|dharwad,Karnataka,Dharwad
karnataka|gadag,Karnataka,Gadag
karnataka|hassan,Karnataka,Hassan
karnataka|haveri,Karnataka,Haveri
karnataka|kalaburagi,Karnataka,Kalaburagi
karnataka|kodagu,Karnataka,Kodagu
karnataka|kolar,Karnataka,Kolar
karnataka|koppal,Karnataka,Koppal
karnataka|mandya,Karnataka,Mandya
karnataka|mysuru,Karnataka,Mysuru
karnataka|raichur,Karnataka,Raichur
karnataka|shivamogga,Karnataka,Shivamogga
karnataka|tumakuru,Karnataka,Tumakuru
karnataka|udupi,Karnataka,Udupi
karnataka|uttara kannada,Karnataka,Uttara Kannada
karnataka|vijayanagara,Karnataka,Vijayanagara
karnataka|vijayapura,Karnataka,Vijayapura
karnataka|yadgiri,Karnataka,Yadgiri
kerala|alappuzha,Kerala,Alappuzha
kerala|ernakulam,Kerala,Ernakulam
kerala|idukki,Kerala,Idukki
kerala|kannur,Kerala,Kannur
kerala|kasargod,Kerala,Kasargod
kerala|kollam,Kerala,Kollam
kerala|kottayam,Kerala,Kottayam
kerala|kozhikode,Kerala,Kozhikode
kerala|malappuram,Kerala,Malappuram
kerala|palakkad,Kerala,Palakkad
kerala|pathanamthitta,Kerala,Pathanamthitta
kerala|thiruvananthapuram,Kerala,Thiruvananthapuram
kerala|thrissur,Kerala,Thrissur
kerala|wayanad,Kerala,Wayanad
ladakh|kargil,Ladakh,Kargil
ladakh|leh ladakh,Ladakh,Leh Ladakh
lakshadweep|lakshadweep,Lakshadweep,Lakshadweep
madhya pradesh|agar malwa,Madhya Pradesh,Agar Malwa
madhya pradesh|alirajpur,Madhya Pradesh,Alirajpur
madhya pradesh|anuppur,Madhya Pradesh,Anuppur
madhya pradesh|ashoknagar,Madhya Pradesh,Ashoknagar
madhya pradesh|balaghat,Madhya Pradesh,Balaghat
madhya pradesh|barwani,Madhya Pradesh,Barwani
madhya pradesh|betul,Madhya Pradesh,Betul
madhya pradesh|bhind,Madhya Pradesh,Bhind
madhya pradesh|bhopal,Madhya Pradesh,Bhopal
madhya pradesh|burhanpur,Madhya Pradesh,Burhanpur
madhya pradesh|chhatarpur,Madhya Pradesh,Chhatarpur
madhya pradesh|chhindwara,Madhya Pradesh,Chhindwara
madhya pradesh|damoh,Madhya Pradesh,Damoh
madhya pradesh|datia,Madhya Pradesh,Datia
madhya pradesh|dewas,Madhya Pradesh,Dewas
madhya pradesh|dhar,Madhya Pradesh,Dhar
madhya pradesh|dindori,Madhya Pradesh,Dindori
madhya pradesh|guna,Madhya Pradesh,Guna
madhya pradesh|gwalior,Madhya Pradesh,Gwalior
madhya pradesh|harda,Madhya Pradesh,Harda
madhya pradesh|indore,Madhya Pradesh,Indore
madhya pradesh|jabalpur,Madhya Pradesh,Jabalpur
madhya pradesh|jhabua,Madhya Pradesh,Jhabua
madhya pradesh|katni,Madhya Pradesh,Katni
madhya pradesh|khandwa,Madhya Pradesh,Khandwa
madhya pradesh|khargone,Madhya Pradesh,Khargone
madhya pradesh|maihar,Madhya Pradesh,Maihar
madhya pradesh|mandla,Madhya Pradesh,Mandla
madhya pradesh|mandsaur,Madhya Pradesh,Mandsaur
madhya pradesh|mauganj,Madhya Pradesh,Mauganj
madhya pradesh|morena,Madhya Pradesh,Morena
madhya pradesh|narmadapuram,Madhya Pradesh,Narmadapuram
madhya pradesh|narsinghpur,Madhya Pradesh,Narsinghpur
madhya pradesh|neemuch,Madhya Pradesh,Neemuch
madhya pradesh|niwari,Madhya Pradesh,Niwari
madhya pradesh|pandhurna,Madhya Pradesh,Pandhurna
madhya pradesh|panna,Madhya Pradesh,Panna
madhya pradesh|raisen,Madhya Pradesh,Raisen
madhya pradesh|rajgarh,Madhya Pradesh,Rajgarh
madhya pradesh|ratlam,Madhya Pradesh,Ratlam
madhya pradesh|rewa,Madhya Pradesh,Rewa
madhya pradesh|sagar,Madhya Pradesh,Sagar
madhya pradesh|satna,Madhya Pradesh,Satna
madhya pradesh|sehore,Madhya Pradesh,Sehore
madhya pradesh|seoni,Madhya Pradesh,Seoni
madhya pradesh|shahdol,Madhya Pradesh,Shahdol
madhya pradesh|shajapur,Madhya Pradesh,Shajapur
madhya pradesh|sheopur,Madhya Pradesh,Sheopur
madhya pradesh|shivpuri,Madhya Pradesh,Shivpuri
madhya pradesh|sidhi,Madhya Pradesh,Sidhi
madhya pradesh|singrauli,Madhya Pradesh,Singrauli
madhya pradesh|tikamgarh,Madhya Pradesh,Tikamgarh
madhya pradesh|ujjain,Madhya Pradesh,Ujjain
madhya pradesh|umaria,Madhya Pradesh,Umaria
madhya pradesh|vidisha,Madhya Pradesh,Vidisha
maharashtra|ahilyanagar,Maharashtra,Ahilyanagar
maharashtra|akola,Maharashtra,Akola
maharashtra|amravati,Maharashtra,Amravati
maharashtra|beed,Maharashtra,Beed
maharashtra|bhandara,Maharashtra,Bhandara
maharashtra|buldhana,Maharashtra,Buldhana
maharashtra|chandrapur,Maharashtra,Chandrapur
maharashtra|chhatrapati sambhaji nagar,Maharashtra,Chhatrapati Sambhaji Nagar
maharashtra|dharashiv,Maharashtra,Dharashiv
maharashtra|dhule,Maharashtra,Dhule
maharashtra|gadchiroli,Maharashtra,Gadchiroli
maharashtra|gondia,Maharashtra,Gondia
maharashtra|hingoli,Maharashtra,Hingoli
maharashtra|jalgaon,Maharashtra,Jalgaon
maharashtra|jalna,Maharashtra,Jalna
maharashtra|kolhapur,Maharashtra,Kolhapur
maharashtra|latur,Maharashtra,Latur
maharashtra|mumbai,Maharashtra,Mumbai
maharashtra|mumbai suburban,Maharashtra,Mumbai Suburban
maharashtra|nagpur,Maharashtra,Nagpur
maharashtra|nanded,Maharashtra,Nanded
maharashtra|nandurbar,Maharashtra,Nandurbar
maharashtra|nashik,Maharashtra,Nashik
maharashtra|palghar,Maharashtra,Palghar
maharashtra|parbhani,Maharashtra,Parbhani
maharashtra|pune,Maharashtra,Pune
maharashtra|raigad,Maharashtra,Raigad
maharashtra|ratnagiri,Maharashtra,Ratnagiri
maharashtra|sangli,Maharashtra,Sangli
maharashtra|satara,Maharashtra,Satara
maharashtra|sindhudurg,Maharashtra,Sindhudurg
maharashtra|solapur,Maharashtra,Solapur
maharashtra|thane,Maharashtra,Thane
maharashtra|wardha,Maharashtra,Wardha
maharashtra|washim,Maharashtra,Washim
maharashtra|yavatmal,Maharashtra,Yavatmal
manipur|bishnupur,Manipur,Bishnupur
manipur|chandel,Manipur,Chandel
manipur|churachandpur,Manipur,Churachandpur
manipur|imphal east,Manipur,Imphal East
manipur|imphal west,Manipur,Imphal West
manipur|jiribam,Manipur,Jiribam
manipur|kakching,Manipur,Kakching
manipur|kamjong,Manipur,Kamjong
manipur|kangpokpi,Manipur,Kangpokpi
manipur|noney,Manipur,Noney
manipur|pherzawl,Manipur,Pherzawl
manipur|senapati,Manipur,Senapati
manipur|tamenglong,Manipur,Tamenglong
manipur|tengnoupal,Manipur,Tengnoupal
manipur|thoubal,Manipur,Thoubal
manipur|ukhrul,Manipur,Ukhrul
meghalaya|east garo hills,Meghalaya,East Garo Hills
meghalaya|east jaintia hills,Meghalaya,East Jaintia Hills
meghalaya|east khasi hills,Meghalaya,East Khasi Hills
meghalaya|eastern west khasi hills,Meghalaya,Eastern West Khasi Hills
meghalaya|north garo hills,Meghalaya,North Garo Hills
meghalaya|ri bhoi,Meghalaya,Ri Bhoi
meghalaya|south garo hills,Meghalaya,South Garo Hills
meghalaya|south west garo hills,Meghalaya,South West Garo Hills
meghalaya|south west khasi hills,Meghalaya,South West Khasi Hills
meghalaya|west garo hills,Meghalaya,West Garo Hills
meghalaya|west jaintia hills,Meghalaya,West Jaintia Hills
meghalaya|west khasi hills,Meghalaya,West Khasi Hills
mizoram|aizawl,Mizoram,Aizawl
mizoram|champhai,Mizoram,Champhai
mizoram|hnahthial,Mizoram,Hnahthial
mizoram|khawzawl,Mizoram,Khawzawl
mizoram|kolasib,Mizoram,Kolasib
mizoram|lawngtlai,Mizoram,Lawngtlai
mizoram|lunglei,Mizoram,Lunglei
mizoram|mamit,Mizoram,Mamit
mizoram|saitual,Mizoram,Saitual
mizoram|serchhip,Mizoram,Serchhip
mizoram|siaha,Mizoram,Siaha
nagaland|chumoukedima,Nagaland,Chumoukedima
nagaland|dimapur,Nagaland,Dimapur
nagaland|kiphire,Nagaland,Kiphire
nagaland|kohima,Nagaland,Kohima
nagaland|longleng,Nagaland,Longleng
nagaland|meluri,Nagaland,Meluri
nagaland|mokokchung,Nagaland,Mokokchung
nagaland|mon,Nagaland,Mon
nagaland|niuland,Nagaland,Niuland
nagaland|noklak,Nagaland,Noklak
nagaland|peren,Nagaland,Peren
nagaland|phek,Nagaland,Phek
nagaland|shamator,Nagaland,Shamator
nagaland|tseminyu,Nagaland,Tseminyu
nagaland|tuensang,Nagaland,Tuensang
nagaland|wokha,Nagaland,Wokha
nagaland|zunheboto,Nagaland,Zunheboto
odisha|angul,Odisha,Angul
odisha|balangir,Odisha,Balangir
odisha|balasore,Odisha,Balasore
odisha|bargarh,Odisha,Bargarh
odisha|bhadrak,Odisha,Bhadrak
odisha|boudh,Odisha,Boudh
odisha|cuttack,Odisha,Cuttack
odisha|deogarh,Odisha,Deogarh
odisha|dhenkanal,Odisha,Dhenkanal
odisha|gajapati,Odisha,Gajapati
odisha|ganjam,Odisha,Ganjam
odisha|jagatsinghpur,Odisha,Jagatsinghpur
odisha|jajpur,Odisha,Jajpur
odisha|jharsuguda,Odisha,Jharsuguda
odisha|kalahandi,Odisha,Kalahandi
odisha|kandhamal,Odisha,Kandhamal
odisha|kendrapara,Odisha,Kendrapara
odisha|kendujhar,Odisha,Kendujhar
odisha|khordha,Odisha,Khordha
odisha|koraput,Odisha,Koraput
odisha|malkangiri,Odisha,Malkangiri
odisha|mayurbhanj,Odisha,Mayurbhanj
odisha|nabarangpur,Odisha,Nabarangpur
odisha|nayagarh,Odisha,Nayagarh
odisha|nuapada,Odisha,Nuapada
odisha|puri,Odisha,Puri
odisha|rayagada,Odisha,Rayagada
odisha|sambalpur,Odisha,Sambalpur
odisha|subarnapur,Odisha,Subarnapur
odisha|sundargarh,Odisha,Sundargarh
puducherry|karaikal,Puducherry,Karaikal
puducherry|mahe,Puducherry,Mahe
puducherry|puducherry,Puducherry,Puducherry
puducherry|yanam,Puducherry,Yanam
punjab|amritsar,Punjab,Amritsar
punjab|barnala,Punjab,Barnala
punjab|bathinda,Punjab,Bathinda
punjab|faridkot,Punjab,Faridkot
punjab|fatehgarh sahib,Punjab,Fatehgarh Sahib
punjab|fazilka,Punjab,Fazilka
punjab|ferozepur,Punjab,Ferozepur
punjab|gurdaspur,Punjab,Gurdaspur
punjab|hoshiarpur,Punjab,Hoshiarpur
punjab|jalandhar,Punjab,Jalandhar
punjab|kapurthala,Punjab,Kapurthala
punjab|ludhiana,Punjab,Ludhiana
punjab|malerkotla,Punjab,Malerkotla
punjab|mansa,Punjab,Mansa
punjab|moga,Punjab,Moga
punjab|pathankot,Punjab,Pathankot
punjab|patiala,Punjab,Patiala
punjab|rupnagar,Punjab,Rupnagar
punjab|sangrur,Punjab,Sangrur
punjab|sas nagar,Punjab,Sas Nagar
punjab|shaheed bhagat singh nagar,Punjab,Shaheed Bhagat Singh Nagar
punjab|sri muktsar sahib,Punjab,Sri Muktsar Sahib
punjab|tarn taran,Punjab,Tarn Taran
rajasthan|ajmer,Rajasthan,Ajmer
rajasthan|alwar,Rajasthan,Alwar
rajasthan|balotra,Rajasthan,Balotra
rajasthan|banswara,Rajasthan,Banswara
rajasthan|baran,Rajasthan,Baran
rajasthan|barmer,Rajasthan,Barmer
rajasthan|beawar,Rajasthan,Beawar
rajasthan|bharatpur,Rajasthan,Bharatpur
rajasthan|bhilwara,Rajasthan,Bhilwara
rajasthan|bikaner,Rajasthan,Bikaner
rajasthan|bundi,Rajasthan,Bundi
rajasthan|chittorgarh,Rajasthan,Chittorgarh
rajasthan|churu,Rajasthan,Churu
rajasthan|dausa,Rajasthan,Dausa
rajasthan|deedwana kuchaman,Rajasthan,Deedwana Kuchaman
rajasthan|deeg,Rajasthan,Deeg
rajasthan|dholpur,Rajasthan,Dholpur
rajasthan|dungarpur,Rajasthan,Dungarpur
rajasthan|hanumangarh,Rajasthan,Hanumangarh
rajasthan|jaipur,Rajasthan,Jaipur
rajasthan|jaisalmer,Rajasthan,Jaisalmer
rajasthan|jalore,Rajasthan,Jalore
rajasthan|jhalawar,Rajasthan,Jhalawar
rajasthan|jhunjhunu,Rajasthan,Jhunjhunu
rajasthan|jodhpur,Rajasthan,Jodhpur
rajasthan|karauli,Rajasthan,Karauli
rajasthan|khairthal tijara,Rajasthan,Khairthal Tijara
rajasthan|kota,Rajasthan,Kota
rajasthan|kotputli behror,Rajasthan,Kotputli Behror
rajasthan|nagaur,Rajasthan,Nagaur
rajasthan|pali,Rajasthan,Pali
rajasthan|phalodi,Rajasthan,Phalodi
rajasthan|pratapgarh,Rajasthan,Pratapgarh
rajasthan|rajsamand,Rajasthan,Rajsamand
rajasthan|salumber,Rajasthan,Salumber
rajasthan|sawai madhopur,Rajasthan,Sawai Madhopur
rajasthan|sikar,Rajasthan,Sikar
rajasthan|sirohi,Rajasthan,Sirohi
rajasthan|sri ganganagar,Rajasthan,Sri Ganganagar
rajasthan|tonk,Rajasthan,Tonk
rajasthan|udaipur,Rajasthan,Udaipur
sikkim|gangtok,Sikkim,Gangtok
sikkim|gyalshing,Sikkim,Gyalshing
sikkim|mangan,Sikkim,Mangan
sikkim|namchi,Sikkim,Namchi
sikkim|pakyong,Sikkim,Pakyong
sikkim|soreng,Sikkim,Soreng
tamil nadu|ariyalur,Tamil Nadu,Ariyalur
tamil nadu|chengalpattu,Tamil Nadu,Chengalpattu
tamil nadu|chennai,Tamil Nadu,Chennai
tamil nadu|coimbatore,Tamil Nadu,Coimbatore
tamil nadu|cuddalore,Tamil Nadu,Cuddalore
tamil nadu|dharmapuri,Tamil Nadu,Dharmapuri
tamil nadu|dindigul,Tamil Nadu,Dindigul
tamil nadu|erode,Tamil Nadu,Erode
tamil nadu|kallakurichi,Tamil Nadu,Kallakurichi
tamil nadu|kancheepuram,Tamil Nadu,Kancheepuram
tamil nadu|kanniyakumari,Tamil Nadu,Kanniyakumari
tamil nadu|karur,Tamil Nadu,Karur
tamil nadu|krishnagiri,Tamil Nadu,Krishnagiri
tamil nadu|madurai,Tamil Nadu,Madurai
tamil nadu|mayiladuthurai,Tamil Nadu,Mayiladuthurai
tamil nadu|nagapattinam,Tamil Nadu,Nagapattinam
tamil nadu|namakkal,Tamil Nadu,Namakkal
tamil nadu|perambalur,Tamil Nadu,Perambalur
tamil nadu|pudukkottai,Tamil Nadu,Pudukkottai
tamil nadu|ramanathapuram,Tamil Nadu,Ramanathapuram
tamil nadu|ranipet,Tamil Nadu,Ranipet
tamil nadu|salem,Tamil Nadu,Salem
tamil nadu|sivaganga,Tamil Nadu,Sivaganga
tamil nadu|tenkasi,Tamil Nadu,Tenkasi
tamil nadu|thanjavur,Tamil Nadu,Thanjavur
tamil nadu|the nilgiris,Tamil Nadu,The Nilgiris
tamil nadu|theni,Tamil Nadu,Theni
tamil nadu|thoothukudi,Tamil Nadu,Thoothukudi
tamil nadu|tiruchirappalli,Tamil Nadu,Tiruchirappalli
tamil nadu|tirunelveli,Tamil Nadu,Tirunelveli
tamil nadu|tirupathur,Tamil Nadu,Tirupathur
tamil nadu|tiruppur,Tamil Nadu,Tiruppur
tamil nadu|tiruvallur,Tamil Nadu,Tiruvallur
tamil nadu|tiruvannamalai,Tamil Nadu,Tiruvannamalai
tamil nadu|tiruvarur,Tamil Nadu,Tiruvarur
tamil nadu|vellore,Tamil Nadu,Vellore
tamil nadu|viluppuram,Tamil Nadu,Viluppuram
tamil nadu|virudhunagar,Tamil Nadu,Virudhunagar
telangana|adilabad,Telangana,Adilabad
telangana|bhadradri kothagudem,Telangana,Bhadradri Kothagudem
telangana|hanumakonda,Telangana,Hanumakonda
telangana|hyderabad,Telangana,Hyderabad
telangana|jagtial,Telangana,Jagtial
telangana|jangaon,Telangana,Jangaon
telangana|jayashankar bhupalpally,Telangana,Jayashankar Bhupalpally
telangana|jogulamba gadwal,Telangana,Jogulamba Gadwal
telangana|kamareddy,Telangana,Kamareddy
telangana|karimnagar,Telangana,Karimnagar
telangana|khammam,Telangana,Khammam
telangana|kumuram bheem asifabad,Telangana,Kumuram Bheem Asifabad
telangana|mahabubabad,Telangana,Mahabubabad
telangana|mahabubnagar,Telangana,Mahabubnagar
telangana|mancherial,Telangana,Mancherial
telangana|medak,Telangana,Medak
telangana|medchal malkajgiri,Telangana,Medchal Malkajgiri
telangana|mulugu,Telangana,Mulugu
telangana|nagarkurnool,Telangana,Nagarkurnool
telangana|nalgonda,Telangana,Nalgonda
telangana|narayanpet,Telangana,Narayanpet
telangana|nirmal,Telangana,Nirmal
telangana|nizamabad,Telangana,Nizamabad
telangana|peddapalli,Telangana,Peddapalli
telangana|rajanna sircilla,Telangana,Rajanna Sircilla
telangana|rangareddy,Telangana,Rangareddy
telangana|sangareddy,Telangana,Sangareddy
telangana|siddipet,Telangana,Siddipet
telangana|suryapet,Telangana,Suryapet
telangana|vikarabad,Telangana,Vikarabad
telangana|wanaparthy,Telangana,Wanaparthy
telangana|warangal,Telangana,Warangal
telangana|yadadri bhuvanagiri,Telangana,Yadadri Bhuvanagiri
tripura|dhalai,Tripura,Dhalai
tripura|gomati,Tripura,Gomati
tripura|khowai,Tripura,Khowai
tripura|north tripura,Tripura,North Tripura
tripura|sepahijala,Tripura,Sepahijala
tripura|south tripura,Tripura,South Tripura
tripura|unakoti,Tripura,Unakoti
tripura|west tripura,Tripura,West Tripura
uttar pradesh|agra,Uttar Pradesh,Agra
uttar pradesh|aligarh,Uttar Pradesh,Aligarh
uttar pradesh|ambedkar nagar,Uttar Pradesh,Ambedkar Nagar
uttar pradesh|amethi,Uttar Pradesh,Amethi
uttar pradesh|amroha,Uttar Pradesh,Amroha
uttar pradesh|auraiya,Uttar Pradesh,Auraiya
uttar pradesh|ayodhya,Uttar Pradesh,Ayodhya
uttar pradesh|azamgarh,Uttar Pradesh,Azamgarh
uttar pradesh|bagpat,Uttar Pradesh,Bagpat
uttar pradesh|bahraich,Uttar Pradesh,Bahraich
uttar pradesh|ballia,Uttar Pradesh,Ballia
uttar pradesh|balrampur,Uttar Pradesh,Balrampur
uttar pradesh|banda,Uttar Pradesh,Banda
uttar pradesh|barabanki,Uttar Pradesh,Barabanki
uttar pradesh|bareilly,Uttar Pradesh,Bareilly
uttar pradesh|basti,Uttar Pradesh,Basti
uttar pradesh|bhadohi,Uttar Pradesh,Bhadohi
uttar pradesh|bijnor,Uttar Pradesh,Bijnor
uttar pradesh|budaun,Uttar Pradesh,Budaun
uttar pradesh|bulandshahr,Uttar Pradesh,Bulandshahr
uttar pradesh|chandauli,Uttar Pradesh,Chandauli
uttar pradesh|chitrakoot,Uttar Pradesh,Chitrakoot
uttar pradesh|deoria,Uttar Pradesh,Deoria
uttar pradesh|etah,Uttar Pradesh,Etah
uttar pradesh|etawah,Uttar Pradesh,Etawah
uttar pradesh|farrukhabad,Uttar Pradesh,Farrukhabad
uttar pradesh|fatehpur,Uttar Pradesh,Fatehpur
uttar pradesh|firozabad,Uttar Pradesh,Firozabad
uttar pradesh|gautambuddha nagar,Uttar Pradesh,Gautambuddha Nagar
uttar pradesh|ghaziabad,Uttar Pradesh,Ghaziabad
uttar pradesh|ghazipur,Uttar Pradesh,Ghazipur
uttar pradesh|gonda,Uttar Pradesh,Gonda
uttar pradesh|gorakhpur,Uttar Pradesh,Gorakhpur
uttar pradesh|hamirpur,Uttar Pradesh,Hamirpur
uttar pradesh|hapur,Uttar Pradesh,Hapur
uttar pradesh|hardoi,Uttar Pradesh,Hardoi
uttar pradesh|hathras,Uttar Pradesh,Hathras
uttar pradesh|jalaun,Uttar Pradesh,Jalaun
uttar pradesh|jaunpur,Uttar Pradesh,Jaunpur
uttar pradesh|jhansi,Uttar Pradesh,Jhansi
uttar pradesh|kannauj,Uttar Pradesh,Kannauj
uttar pradesh|kanpur dehat,Uttar Pradesh,Kanpur Dehat
uttar pradesh|kanpur nagar,Uttar Pradesh,Kanpur Nagar
uttar pradesh|kasganj,Uttar Pradesh,Kasganj
uttar pradesh|kaushambi,Uttar Pradesh,Kaushambi
uttar pradesh|kushinagar,Uttar Pradesh,Kushinagar
uttar pradesh|lakhimpur kheri,Uttar Pradesh,Lakhimpur Kheri
uttar pradesh|lalitpur,Uttar Pradesh,Lalitpur
uttar pradesh|lucknow,Uttar Pradesh,Lucknow
uttar pradesh|maharajganj,Uttar Pradesh,Maharajganj
uttar pradesh|mahoba,Uttar Pradesh,Mahoba
uttar pradesh|mainpuri,Uttar Pradesh,Mainpuri
uttar pradesh|mathura,Uttar Pradesh,Mathura
uttar pradesh|mau,Uttar Pradesh,Mau
uttar pradesh|meerut,Uttar Pradesh,Meerut
uttar pradesh|mirzapur,Uttar Pradesh,Mirzapur
uttar pradesh|moradabad,Uttar Pradesh,Moradabad
uttar pradesh|muzaffarnagar,Uttar Pradesh,Muzaffarnagar
uttar pradesh|pilibhit,Uttar Pradesh,Pilibhit
uttar pradesh|pratapgarh,Uttar Pradesh,Pratapgarh
uttar pradesh|prayagraj,Uttar Pradesh,Prayagraj
uttar pradesh|raebareli,Uttar Pradesh,Raebareli
uttar pradesh|rampur,Uttar Pradesh,Rampur
uttar pradesh|saharanpur,Uttar Pradesh,Saharanpur
uttar pradesh|sambhal,Uttar Pradesh,Sambhal
uttar pradesh|sant kabir nagar,Uttar Pradesh,Sant Kabir Nagar
uttar pradesh|shahjahanpur,Uttar Pradesh,Shahjahanpur
uttar pradesh|shamli,Uttar Pradesh,Shamli
uttar pradesh|shravasti,Uttar Pradesh,Shravasti
uttar pradesh|siddharthnagar,Uttar Pradesh,Siddharthnagar
uttar pradesh|sitapur,Uttar Pradesh,Sitapur
uttar pradesh|sonbhadra,Uttar Pradesh,Sonbhadra
uttar pradesh|sultanpur,Uttar Pradesh,Sultanpur
uttar pradesh|unnao,Uttar Pradesh,Unnao
uttar pradesh|varanasi,Uttar Pradesh,Varanasi
uttarakhand|almora,Uttarakhand,Almora
uttarakhand|bageshwar,Uttarakhand,Bageshwar
uttarakhand|chamoli,Uttarakhand,Chamoli
uttarakhand|champawat,Uttarakhand,Champawat
uttarakhand|dehradun,Uttarakhand,Dehradun
uttarakhand|haridwar,Uttarakhand,Haridwar
uttarakhand|nainital,Uttarakhand,Nainital
uttarakhand|pauri garhwal,Uttarakhand,Pauri Garhwal
uttarakhand|pithoragarh,Uttarakhand,Pithoragarh
uttarakhand|rudraprayag,Uttarakhand,Rudraprayag
uttarakhand|tehri garhwal,Uttarakhand,Tehri Garhwal
uttarakhand|udham singh nagar,Uttarakhand,Udham Singh Nagar
uttarakhand|uttarkashi,Uttarakhand,Uttarkashi
west bengal|alipurduar,West Bengal,Alipurduar
west bengal|bankura,West Bengal,Bankura
west bengal|birbhum,West Bengal,Birbhum
west bengal|cooch behar,West Bengal,Cooch Behar
west bengal|dakshin dinajpur,West Bengal,Dakshin Dinajpur
west bengal|darjeeling,West Bengal,Darjeeling
west bengal|hooghly,West Bengal,Hooghly
west bengal|howrah,West Bengal,Howrah
west bengal|jalpaiguri,West Bengal,Jalpaiguri
west bengal|jhargram,West Bengal,Jhargram
west bengal|kalimpong,West Bengal,Kalimpong
west bengal|kolkata,West Bengal,Kolkata
west bengal|malda,West Bengal,Malda
west bengal|murshidabad,West Bengal,Murshidabad
west bengal|nadia,West Bengal,Nadia
west bengal|north twenty four parganas,West Bengal,North Twenty Four Parganas
west bengal|paschim bardhaman,West Bengal,Paschim Bardhaman
west bengal|paschim medinipur,West Bengal,Paschim Medinipur
west bengal|purba bardhaman,West Bengal,Purba Bardhaman
west bengal|purba medinipur,West Bengal,Purba Medinipur
west bengal|purulia,West Bengal,Purulia
west bengal|south twenty four parganas,West Bengal,South Twenty Four Parganas
west bengal|uttar dinajpur,West Bengal,Uttar Dinajpur
