District Key,Score,YoY Growth,Users per Merchant,Transactions per Merchant,Users,Merchants,Segment,National Rank,Low Penetration Percentile,Growth Percentile,Equal Weight Rank,No Intensity Rank
gujarat|dahod,78.7039764359352,0.357,32.93055,909.56604,613068,18617,EXPAND,15,0.9617083946980854,0.9602356406480118,24,1
andhra pradesh|west godavari,86.67893961708396,0.30533,24.61701,2407.16263,1195968,48583,EXPAND,1,0.9057437407952872,0.8070692194403535,1,2
gujarat|jamnagar,73.519882179676,0.43115,22.44937,659.87201,728437,32448,EXPAND,44,0.8527245949926362,0.9926362297496318,53,3
telangana|sangareddy,86.2739322533137,0.32341,18.01938,1948.39297,1849509,102640,EXPAND,2,0.695139911634757,0.8792341678939617,2,4
gujarat|bharuch,79.1458026509573,0.29797,23.02817,998.12597,1267931,55060,EXPAND,14,0.8674521354933726,0.7761413843888071,14,5
andhra pradesh|dr br ambedkar konaseema,84.99263622974962,0.32959,20.3837,1987.59562,930577,45653,EXPAND,3,0.8070692194403535,0.9086892488954345,5,6
andhra pradesh|east godavari,84.4918998527246,0.32186,18.27581,1837.57135,1370485,74989,EXPAND,4,0.7172312223858616,0.8748159057437408,4,7
andhra pradesh|alluri sitharama raju,83.64506627393226,0.37871,36.60389,1991.9575,411684,11247,EXPAND,6,0.9720176730486008,0.9823269513991164,12,8
andhra pradesh|sri potti sriramulu nellore,84.11634756995582,0.30487,18.48564,1787.7786,1729942,93583,EXPAND,5,0.727540500736377,0.8055964653902798,3,9
karnataka|dakshina kannada,80.23564064801178,0.268,28.88138,1208.42405,1572822,54458,EXPAND,11,0.9410898379970544,0.6303387334315169,8,10
gujarat|kachchh,77.88659793814432,0.27231,24.92914,1001.54862,1507864,60486,EXPAND,17,0.9131075110456554,0.6524300441826215,15,11
bihar|bhagalpur,74.57290132547864,0.30988,17.90907,842.18133,1447411,80820,EXPAND,36,0.6907216494845361,0.8173784977908689,31,12
maharashtra|nanded,79.9779086892489,0.30068,17.54509,1302.91044,1764475,100568,EXPAND,12,0.6656848306332842,0.7952871870397643,11,13
meghalaya|east khasi hills,75.39027982326951,0.42282,37.64942,989.44573,253230,6726,EXPAND,28,0.979381443298969,0.9896907216494846,55,14
bihar|jehanabad,77.23122238586157,0.43401,23.295,1144.06111,416235,17868,EXPAND,18,0.8777614138438881,0.9955817378497792,39,15
andhra pradesh|tirupati,82.30486008836525,0.28171,18.66422,1894.89962,2219362,118910,EXPAND,7,0.7349042709867453,0.7010309278350515,6,16
maharashtra|raigad,75.13254786450662,0.28117,18.23004,913.7233,2644996,145090,EXPAND,29,0.7142857142857143,0.6980854197349042,23,17
assam|dibrugarh,68.68924889543446,0.32896,23.88163,668.98069,518303,21703,EXPAND,76,0.8851251840942562,0.9072164948453608,98,18
gujarat|panchmahals,65.19882179675994,0.32556,22.65436,550.95557,598664,26426,EXPAND,112,0.8571428571428571,0.8910162002945509,135,19
karnataka|mandya,81.08247422680412,0.28215,23.76374,1921.05941,975953,41069,EXPAND,9,0.8836524300441826,0.7069219440353461,9,20
andhra pradesh|eluru,81.35493372606774,0.29156,18.91242,1951.02847,1279217,67639,EXPAND,8,0.7466863033873343,0.7466863033873343,7,21
maharashtra|satara,76.14138438880708,0.27526,19.36494,1081.99067,1737945,89747,EXPAND,24,0.7658321060382917,0.6642120765832106,19,22
karnataka|hassan,80.26509572901327,0.26413,26.22027,2079.51045,1110612,42357,EXPAND,10,0.9234167893961708,0.5994108983799705,9,23
jharkhand|deoghar,68.16642120765832,0.29415,19.68811,690.54839,942391,47866,EXPAND,85,0.7776141384388807,0.759941089837997,88,24
andhra pradesh|annamayya,79.52871870397644,0.2756,21.65235,1927.87453,1083722,50051,EXPAND,13,0.833578792341679,0.6671575846833578,13,25
west bengal|darjeeling,65.20618556701031,0.34299,15.56739,588.81978,1141432,73322,EXPAND,111,0.5051546391752577,0.93519882179676,117,26
bihar|patna,72.81296023564065,0.26798,17.43948,942.11939,4677723,268226,EXPAND,48,0.6597938144329897,0.6288659793814433,31,27
sikkim|gangtok,74.36671575846833,0.34452,31.52701,1240.8916,178569,5664,EXPAND,37,0.9543446244477172,0.9396170839469808,64,28
maharashtra|yavatmal,75.91310751104565,0.25695,24.11358,1289.26156,1276959,52956,EXPAND,26,0.8895434462444771,0.5478645066273933,21,29
andhra pradesh|guntur,77.95287187039764,0.31367,15.16541,1502.75055,2002926,132072,DEFEND,16,0.4683357879234168,0.8379970544918999,17,30
karnataka|mysuru,77.01767304860087,0.26568,18.13647,1378.7326,2414508,133130,EXPAND,20,0.7025036818851251,0.614138438880707,16,31
maharashtra|buldhana,76.21502209131074,0.26896,19.44038,1314.63685,1350212,69454,EXPAND,23,0.7717231222385862,0.6377025036818851,22,32
kerala|kannur,57.48895434462445,0.29271,17.5944,356.27755,1167934,66381,DEVELOP,206,0.6715758468335787,0.7496318114874816,205,33
maharashtra|ratnagiri,71.72312223858616,0.28644,37.04371,977.93524,524576,14161,EXPAND,56,0.9734904270986744,0.7245949926362297,65,34
assam|tinsukia,61.759941089838,0.33758,19.02846,541.6455,488784,25687,EXPAND,152,0.7569955817378498,0.9278350515463918,182,35
maharashtra|sindhudurg,68.76288659793815,0.31448,31.98049,814.8965,296619,9275,EXPAND,74,0.9572901325478644,0.845360824742268,104,36
uttar pradesh|kushinagar,65.35346097201767,0.3617,14.07787,633.24161,1386079,98458,DEFEND,108,0.3667157584683357,0.9690721649484536,114,37
maharashtra|parbhani,75.0,0.29803,17.84606,1293.95097,907133,50831,EXPAND,31,0.6877761413843888,0.7790868924889544,36,38
andhra pradesh|srikakulam,77.19440353460972,0.27145,19.3356,1654.36427,1148380,59392,EXPAND,19,0.7628865979381443,0.6494845360824743,18,39
maharashtra|latur,75.03681885125184,0.30946,15.72165,1274.67033,1416945,90127,EXPAND,30,0.5169366715758469,0.8159057437407953,27,40
maharashtra|sangli,70.46391752577318,0.26661,18.19626,887.14322,1580036,86833,EXPAND,63,0.7083946980854198,0.6215022091310751,52,41
gujarat|mahisagar,63.15905743740795,0.3158,28.86016,626.90439,282541,9790,EXPAND,137,0.9396170839469808,0.8527245949926362,172,41
maharashtra|gadchiroli,72.93814432989691,0.29501,27.03238,1180.69123,463308,17139,EXPAND,45,0.9293078055964654,0.7658321060382917,58,43
gujarat|valsad,71.53902798232696,0.25222,23.98518,993.91008,1252554,52222,EXPAND,58,0.8865979381443299,0.5110456553755522,44,44
telangana|mahabubnagar,76.90721649484537,0.31724,18.22259,1807.93595,650091,35675,EXPAND,21,0.7128129602356407,0.8586156111929307,29,45
andhra pradesh|kakinada,76.75994108983801,0.29229,16.13305,1601.34484,1518007,94093,EXPAND,22,0.5552282768777614,0.748159057437408,19,46
telangana|narayanpet,76.0898379970545,0.36121,20.58752,1788.95344,248512,12071,EXPAND,25,0.8114874815905744,0.96759941089838,50,47
punjab|tarn taran,54.65390279823269,0.36454,18.53567,339.18195,360111,19428,DEVELOP,243,0.7304860088365243,0.9720176730486008,306,48
assam|sribhumi,65.09572901325478,0.32343,20.0506,707.94178,431489,21520,EXPAND,113,0.7908689248895434,0.8807069219440353,145,49
gujarat|gandhinagar,66.7378497790869,0.26347,18.42114,739.97666,1507310,81825,EXPAND,95,0.7216494845360825,0.593519882179676,83,50
jharkhand|dumka,69.08689248895435,0.2903,27.6969,932.79586,435783,15734,EXPAND,72,0.93519882179676,0.7437407952871871,91,51
maharashtra|ahilyanagar,72.9381443298969,0.27652,15.84839,1156.01508,3056663,192869,EXPAND,46,0.5287187039764359,0.6745213549337261,33,52
west bengal|jalpaiguri,62.92341678939617,0.30259,17.30244,624.8099,849446,49094,EXPAND,143,0.6480117820324006,0.7997054491899853,147,53
telangana|khammam,75.62592047128129,0.33302,15.15172,1553.03021,954846,63019,DEVELOP,27,0.4639175257731959,0.9175257731958762,35,54
telangana|nizamabad,73.5419734904271,0.37637,14.02382,1254.2415,1064071,75876,DEVELOP,43,0.3608247422680412,0.979381443298969,47,55
gujarat|aravalli,62.95287187039765,0.33554,18.70476,652.89903,404397,21620,EXPAND,142,0.7393225331369662,0.9263622974963182,175,56
punjab|ludhiana,56.00147275405008,0.25676,17.57003,372.093,2834380,161319,DEVELOP,221,0.6701030927835051,0.5449189985272459,194,57
maharashtra|jalgaon,69.81590574374079,0.28676,15.37343,912.41737,2154509,140145,DEFEND,68,0.4889543446244477,0.7304860088365243,57,58
telangana|vikarabad,74.97790868924889,0.33513,17.91855,1599.06782,479805,26777,EXPAND,32,0.6921944035346097,0.9234167893961708,49,59
andhra pradesh|sri sathyasai,74.76435935198822,0.26573,19.20716,1533.78008,1068571,55634,EXPAND,35,0.7614138438880707,0.6156111929307806,26,60
assam|cachar,61.56848306332843,0.32361,16.48316,598.3902,716688,43480,EXPAND,156,0.5846833578792342,0.882179675994109,170,61
assam|nagaon,59.76435935198822,0.37753,14.77997,532.34031,813711,55055,DEVELOP,175,0.4315169366715758,0.9808541973490428,200,62
uttar pradesh|siddharthnagar,64.30044182621502,0.32649,15.75253,688.25297,830190,52702,EXPAND,120,0.5184094256259205,0.8939617083946981,136,63
gujarat|surat,59.447717231222384,0.28073,14.9705,508.42829,5936087,396519,DEFEND,180,0.4536082474226804,0.695139911634757,155,64
karnataka|udupi,68.24742268041237,0.27307,20.50377,910.09697,782137,38146,EXPAND,83,0.8100147275405007,0.6553755522827688,86,65
bihar|nalanda,62.746686303387335,0.27693,17.07272,652.55083,1207639,70735,EXPAND,145,0.6347569955817378,0.6759941089837997,130,66
bihar|aurangabad,68.66715758468335,0.29494,16.53689,922.44243,995686,60210,EXPAND,77,0.5891016200294551,0.7643593519882179,80,67
telangana|nalgonda,74.78645066273933,0.32681,14.84956,1587.03073,988045,66537,DEVELOP,34,0.4374079528718704,0.8969072164948454,38,68
west bengal|south twenty four parganas,58.60088365243005,0.29514,14.05056,495.45447,3352814,238625,DEFEND,187,0.3652430044182621,0.7673048600883653,174,69
telangana|siddipet,74.8159057437408,0.3203,16.50783,1743.00154,698859,42335,EXPAND,33,0.5876288659793815,0.865979381443299,41,70
andhra pradesh|nandyal,73.71134020618557,0.28831,16.54743,1476.28921,1064099,64306,EXPAND,40,0.5905743740795287,0.7349042709867453,40,71
maharashtra|hingoli,69.97054491899853,0.3269,17.08383,1108.04118,538841,31541,EXPAND,67,0.6362297496318114,0.898379970544919,90,72
madhya pradesh|morena,65.4123711340206,0.3301,14.84722,761.43873,883974,59538,DEVELOP,107,0.4359351988217967,0.910162002945508,121,73
kerala|kasargod,53.57142857142856,0.32795,16.74256,355.72312,575308,34362,DEVELOP,259,0.6067746686303387,0.9042709867452136,303,73
andhra pradesh|anakapalli,74.08689248895433,0.28689,16.61332,1604.53453,1005920,60549,EXPAND,38,0.5979381443298969,0.7319587628865979,37,75
maharashtra|beed,71.8262150220913,0.27941,16.08282,1257.85347,1411573,87769,EXPAND,55,0.5508100147275405,0.6877761413843888,46,76
bihar|pashchim champaran,66.25920471281297,0.32114,13.17635,789.61418,1743350,132309,DEFEND,100,0.2916053019145803,0.8689248895434463,93,77
jharkhand|pakur,68.53460972017673,0.30423,24.30805,1065.52543,259537,10677,EXPAND,78,0.8939617083946981,0.8041237113402062,109,78
andhra pradesh|ntr,73.91752577319588,0.2901,14.52392,1530.03899,2258324,155490,DEFEND,39,0.4005891016200295,0.7422680412371134,30,79
telangana|nirmal,72.58468335787923,0.34903,17.20334,1497.7921,404313,23502,EXPAND,49,0.6421207658321061,0.95139911634757,70,80
gujarat|devbhumi dwarka,52.44477172312224,0.35209,18.68953,347.73847,239469,12813,DEVELOP,282,0.7363770250368189,0.9543446244477172,351,81
maharashtra|kolhapur,63.71134020618556,0.24974,17.82744,708.5719,2174003,121947,EXPAND,130,0.6863033873343152,0.4918998527245949,100,82
andhra pradesh|palnadu,72.15022091310752,0.30388,15.05483,1303.0468,1145432,76084,DEVELOP,53,0.4624447717231222,0.8026509572901326,51,83
telangana|jagtial,71.95139911634757,0.33988,16.10948,1347.18603,584597,36289,EXPAND,54,0.5522827687776142,0.930780559646539,68,84
assam|hojai,63.19587628865979,0.41102,16.28774,712.39764,442831,27188,EXPAND,136,0.5640648011782032,0.9867452135493372,171,85
madhya pradesh|ratlam,68.19587628865979,0.27338,18.31732,977.54355,852323,46531,EXPAND,84,0.7201767304860088,0.658321060382916,84,86
karnataka|chamarajanagar,72.54786450662739,0.27975,24.95356,1559.37671,429301,17204,EXPAND,50,0.9160530191458026,0.6892488954344624,62,87
jharkhand|godda,65.33136966126656,0.31415,18.23911,822.53459,458276,25126,EXPAND,110,0.7157584683357879,0.8409425625920471,139,88
uttar pradesh|gorakhpur,57.90132547864506,0.31041,13.29666,498.9974,2244276,168785,DEFEND,199,0.2989690721649484,0.8217967599410898,186,89
punjab|kapurthala,55.89837997054492,0.43308,16.55858,482.02471,364471,22011,DEVELOP,222,0.593519882179676,0.9941089837997056,287,90
bihar|gaya,67.03240058910163,0.25113,17.65655,894.14364,1850142,104785,EXPAND,93,0.6759941089837997,0.5007363770250368,73,91
goa|north goa,72.23858615611192,0.24577,34.63693,1547.81052,722076,20847,EXPAND,52,0.96759941089838,0.4786450662739323,45,92
kerala|kozhikode,52.70250368188512,0.26072,16.80999,343.62585,1633191,97156,DEVELOP,277,0.6111929307805597,0.5743740795287187,252,93
andhra pradesh|chittoor,73.67452135493373,0.24228,22.09522,1887.85365,1126392,50979,EXPAND,42,0.845360824742268,0.455081001472754,27,94
assam|golaghat,58.85861561119293,0.28463,22.85035,602.95087,425542,18623,DEVELOP,186,0.8630338733431517,0.7172312223858616,221,95
west bengal|kalimpong,67.05449189985272,0.30015,35.46515,1046.18081,102778,2898,EXPAND,92,0.9690721649484536,0.7908689248895434,130,96
bihar|banka,61.52430044182622,0.30606,16.97437,676.12269,653038,38472,EXPAND,157,0.6244477172312224,0.8085419734904271,169,97
punjab|hoshiarpur,50.7879234167894,0.31273,17.04727,294.53267,566617,33238,DEVELOP,309,0.6332842415316642,0.8350515463917526,339,98
maharashtra|solapur,71.32547864506627,0.26809,15.05053,1311.67643,2688732,178647,DEFEND,60,0.4609720176730486,0.6318114874815906,43,99
nagaland|chumoukedima,61.65684830633285,0.30001,30.78991,725.59959,104347,3389,EXPAND,154,0.9528718703976436,0.7893961708394698,198,100
haryana|jhajjar,68.32106038291606,0.24434,23.27307,1110.96589,876045,37642,EXPAND,81,0.8748159057437408,0.4742268041237113,71,101
uttar pradesh|varanasi,55.640648011782034,0.31527,12.5847,458.38836,2544739,202209,DEFEND,226,0.2164948453608247,0.8497790868924889,232,102
telangana|rangareddy,73.71134020618557,0.25474,15.99048,1869.71442,7229570,452117,EXPAND,40,0.5419734904270986,0.5287187039764359,24,103
assam|karbi anglong,56.4138438880707,0.31417,20.21089,546.09345,250231,12381,DEVELOP,217,0.801178203240059,0.8424153166421208,273,104
west bengal|hooghly,55.85419734904272,0.2998,13.11126,473.49372,2429162,185273,DEFEND,224,0.2812960235640648,0.7864506627393225,222,105
telangana|bhadradri kothagudem,71.60530191458027,0.33195,14.87344,1511.96503,706875,47526,DEVELOP,57,0.4418262150220913,0.9131075110456554,66,106
karnataka|bengaluru rural,72.82032400589102,0.25585,16.9992,1738.563,1550735,91224,EXPAND,47,0.6288659793814433,0.5375552282768777,34,107
karnataka|chikkamagaluru,71.53902798232696,0.25739,23.23651,1603.82895,675439,29068,EXPAND,58,0.8733431516936672,0.5522827687776142,54,108
jharkhand|sahibganj,67.9160530191458,0.28204,22.3016,1167.81497,417642,18727,EXPAND,87,0.8497790868924889,0.7025036818851251,101,109
gujarat|sabarkantha,61.5758468335788,0.27066,20.04389,712.83128,637937,31827,EXPAND,155,0.7893961708394698,0.6435935198821797,158,110
andhra pradesh|vizianagaram,72.23858615611194,0.25535,18.70171,1728.32437,1027416,54937,EXPAND,51,0.7378497790868925,0.5346097201767305,41,111
tamil nadu|krishnagiri,66.63475699558174,0.22784,20.62548,973.80641,1558111,75543,EXPAND,96,0.812960235640648,0.3652430044182621,71,112
gujarat|mahesana,60.47864506627393,0.23892,20.70067,672.75167,1174556,56740,EXPAND,169,0.8144329896907216,0.4285714285714285,146,113
bihar|purbi champaran,65.44182621502209,0.28395,13.91151,847.72916,2309199,165992,DEFEND,106,0.3505154639175257,0.7157584683357879,92,114
andhra pradesh|kurnool,70.03681885125184,0.28087,14.96185,1285.80008,1445853,96636,DEFEND,66,0.4521354933726068,0.6966126656848306,59,115
andhra pradesh|krishna,70.81001472754049,0.28072,16.33765,1460.69494,944398,57805,EXPAND,61,0.5699558173784978,0.6936671575846833,60,116
uttar pradesh|kaushambi,54.06480117820324,0.36735,15.63021,470.44714,437646,28000,DEVELOP,251,0.508100147275405,0.9734904270986744,309,117
uttarakhand|rudraprayag,69.60972017673048,0.28768,37.36721,1530.02893,100742,2696,EXPAND,70,0.9779086892488954,0.7334315169366715,97,118
uttar pradesh|deoria,57.54050073637702,0.31602,13.12806,567.639,1276888,97264,DEFEND,205,0.2827687776141384,0.8556701030927835,211,119
uttar pradesh|azamgarh,53.76288659793816,0.34248,11.37707,426.78357,1681167,147768,DEFEND,256,0.1222385861561119,0.9337260677466864,260,120
andhra pradesh|parvathipuram manyam,70.53755522827687,0.27839,23.12285,1648.85509,362705,15686,EXPAND,62,0.8703976435935199,0.6818851251840943,79,121
haryana|sonipat,63.15169366715758,0.2394,18.9085,805.21516,1337266,70723,EXPAND,138,0.7452135493372607,0.4359351988217967,113,122
bihar|arwal,63.10014727540501,0.37057,16.79834,840.5378,237075,14113,EXPAND,139,0.6097201767304861,0.9764359351988218,182,123
maharashtra|amravati,64.66863033873342,0.26056,15.92683,884.40436,1621144,101787,EXPAND,116,0.5331369661266568,0.572901325478645,94,124
punjab|jalandhar,49.88217967599411,0.26506,16.55341,314.16116,1105536,66786,DEVELOP,334,0.5920471281296024,0.6097201767304861,314,125
maharashtra|washim,66.19293078055965,0.29883,16.84797,1054.51214,585804,34770,EXPAND,101,0.6126656848306333,0.7849779086892489,116,126
maharashtra|chandrapur,64.76435935198822,0.25216,17.97326,918.31029,1141464,63509,EXPAND,114,0.6936671575846833,0.5095729013254786,99,127
telangana|kumuram bheem asifabad,67.66568483063328,0.33976,17.11607,1255.67471,250254,14621,EXPAND,89,0.6391752577319587,0.9293078055964654,126,128
assam|kamrup metropolitan,58.08541973490428,0.31182,12.63429,599.15819,1676886,132725,DEFEND,196,0.2223858615611192,0.8321060382916053,190,129
assam|kamrup,55.31664212076584,0.41858,13.29629,528.728,710607,53444,DEVELOP,232,0.2974963181148748,0.9882179675994108,271,130
andhra pradesh|ysr kadapa,70.39027982326952,0.24286,17.80388,1534.0238,1407575,79060,EXPAND,64,0.6833578792341679,0.4639175257731959,48,131
maharashtra|dharashiv,68.46833578792342,0.29293,15.36217,1283.36914,866411,56399,DEVELOP,80,0.487481590574374,0.7525773195876289,85,132
uttar pradesh|sitapur,48.57142857142857,0.32678,12.35828,248.49979,1345990,108914,DEFEND,350,0.1914580265095729,0.8954344624447718,359,133
west bengal|howrah,55.810014727540505,0.26593,14.51622,543.42891,2608014,179662,DEFEND,225,0.3991163475699558,0.6170839469808542,205,134
maharashtra|chhatrapati sambhaji nagar,68.4977908689249,0.26222,14.75664,1247.67827,3285314,222633,DEFEND,79,0.422680412371134,0.5802650957290133,63,135
andhra pradesh|prakasam,69.76435935198822,0.26163,15.95961,1478.66678,1391582,87194,EXPAND,69,0.5360824742268041,0.5787923416789397,56,136
nagaland|dimapur,53.80706921944035,0.31022,19.73377,533.94551,183603,9304,DEVELOP,254,0.780559646539028,0.8188512518409425,319,137
bihar|muzaffarpur,62.36377025036819,0.26282,14.85705,794.7082,2261303,152204,DEFEND,149,0.4403534609720176,0.5832106038291606,118,138
tamil nadu|kancheepuram,66.62739322533137,0.20751,40.08904,1190.5399,1058912,26414,EXPAND,97,0.9852724594992636,0.2488954344624447,75,139
maharashtra|dhule,64.71281296023564,0.2675,16.28481,957.49875,1026399,63028,EXPAND,115,0.561119293078056,0.625920471281296,111,140
telangana|peddapalli,70.08100147275404,0.29272,17.37318,1801.81013,508652,29278,EXPAND,65,0.6539027982326951,0.7511045655375552,81,141
maharashtra|nandurbar,63.37260677466864,0.25727,20.16803,931.34984,656167,32535,EXPAND,135,0.7982326951399117,0.5508100147275405,134,142
uttar pradesh|rampur,57.4300441826215,0.29681,14.81254,635.22897,865393,58423,DEVELOP,207,0.4344624447717231,0.7746686303387335,222,143
madhya pradesh|raisen,64.56553755522827,0.2754,16.93806,998.10652,724170,42754,EXPAND,118,0.6185567010309279,0.6656848306332842,125,144
uttar pradesh|etawah,56.553755522827686,0.32319,14.44838,607.25972,692265,47913,DEVELOP,215,0.3932253313696612,0.8777614138438881,245,145
bihar|saharsa,61.40648011782033,0.29564,15.03273,790.0269,822035,54683,DEVELOP,159,0.4594992636229749,0.7702503681885126,160,146
odisha|sambalpur,68.79234167893962,0.24253,23.50855,1549.72607,679444,28902,EXPAND,73,0.8807069219440353,0.4594992636229749,74,147
bihar|begusarai,57.761413843888064,0.30836,12.99133,643.9493,1240451,95483,DEFEND,202,0.2665684830633284,0.812960235640648,203,148
chhattisgarh|raigarh,67.48159057437407,0.2353,24.52806,1365.10121,721223,29404,EXPAND,90,0.90279823269514,0.4094256259204712,82,149
madhya pradesh|narmadapuram,63.55670103092783,0.26726,17.3618,948.25924,723310,41661,EXPAND,131,0.6524300441826215,0.6244477172312224,133,150
telangana|mancherial,69.44771723122238,0.28659,17.08933,1764.92449,542518,31746,EXPAND,71,0.6377025036818851,0.727540500736377,87,151
telangana|jogulamba gadwal,68.1222385861561,0.31025,17.50845,1530.25391,301478,17219,EXPAND,86,0.6627393225331369,0.8203240058910162,112,152
karnataka|kodagu,65.94992636229749,0.26374,24.39225,1259.67568,353712,14501,EXPAND,102,0.8954344624447718,0.5979381443298969,120,153
rajasthan|banswara,63.90279823269515,0.23532,29.21029,1049.7509,639092,21879,EXPAND,125,0.9440353460972016,0.4108983799705449,118,154
uttar pradesh|etah,54.49926362297496,0.33407,13.78839,555.72292,678168,49184,DEVELOP,246,0.3402061855670103,0.91899852724595,282,154
punjab|sas nagar,52.03976435935198,0.25346,15.82381,469.91285,1555702,98314,DEVELOP,286,0.5257731958762887,0.5213549337260678,257,156
punjab|gurdaspur,46.40648011782032,0.35804,14.04089,254.1301,538763,38371,MONITOR,385,0.3622974963181148,0.9631811487481592,456,157
tamil nadu|tiruvallur,59.52871870397644,0.18876,24.86421,743.68091,1997839,80350,DEVELOP,177,0.9116347569955816,0.1472754050073637,129,158
uttar pradesh|maharajganj,50.93519882179676,0.32264,12.89965,417.94725,969112,75127,DEVELOP,305,0.2488954344624447,0.8762886597938144,325,159
madhya pradesh|ujjain,60.62592047128129,0.33247,11.18649,756.66048,1368511,122336,DEFEND,167,0.1075110456553755,0.9160530191458026,164,160
bihar|purnea,61.81885125184093,0.2688,14.56338,827.41197,1472576,101115,DEFEND,151,0.4079528718703976,0.6362297496318114,136,161
gujarat|ahmedabad,53.53460972017674,0.27098,13.05457,506.08797,6724772,515128,DEFEND,261,0.2754050073637702,0.6450662739322534,239,162
telangana|nagarkurnool,68.31369661266568,0.31941,16.0418,1583.34498,412595,25720,EXPAND,82,0.5493372606774669,0.8630338733431517,108,163
chhattisgarh|kabirdham,57.58468335787924,0.32156,16.39347,695.80877,325935,19882,DEVELOP,204,0.5743740795287187,0.8718703976435935,251,164
assam|sonitpur,52.79823269513992,0.34767,14.18725,518.62448,528844,37276,DEVELOP,274,0.374079528718704,0.9484536082474226,325,165
karnataka|kolar,68.75552282768778,0.22957,19.10001,1641.21238,1166361,61066,EXPAND,75,0.7584683357879234,0.3726067746686303,60,166
uttar pradesh|bahraich,47.87923416789396,0.309,13.21962,316.45238,1023926,77455,MONITOR,361,0.2930780559646539,0.8144329896907216,374,167
assam|tamulpur,50.52282768777614,0.35547,16.49215,469.66344,148083,8979,DEVELOP,321,0.5861561119293078,0.9587628865979382,399,168
jammu & kashmir|poonch,56.22238586156112,0.28555,21.23789,670.32069,183644,8647,DEVELOP,218,0.8276877761413843,0.7216494845360825,268,169
punjab|sangrur,44.83799705449189,0.33088,15.02773,192.1215,437953,29143,MONITOR,422,0.4580265095729013,0.9116347569955816,492,169
madhya pradesh|dhar,64.10162002945509,0.24499,16.9649,1071.90921,1178501,69467,EXPAND,122,0.6229749631811488,0.4771723122238586,104,171
maharashtra|wardha,62.54050073637703,0.24379,21.37325,971.40285,665734,31148,EXPAND,146,0.8291605301914581,0.4698085419734904,140,171
maharashtra|nashik,63.87334315169366,0.2564,14.23717,986.39077,4715835,331234,DEFEND,126,0.3770250368188512,0.5434462444771723,95,173
uttar pradesh|ambedkar nagar,50.567010309278345,0.34456,12.55691,437.39164,820870,65372,DEVELOP,319,0.2135493372606774,0.9410898379970544,335,174
arunachal pradesh|itanagar capital complex,60.81737849779088,0.32034,17.01577,882.97342,229815,13506,EXPAND,166,0.6303387334315169,0.8674521354933726,215,175
assam|udalguri,49.801178203240056,0.43114,14.92448,442.30922,285968,19161,DEVELOP,335,0.4462444771723122,0.9911634756995582,403,176
assam|jorhat,50.67746686303387,0.27992,18.94095,488.80627,359897,19001,DEVELOP,312,0.7496318114874816,0.6907216494845361,344,177
karnataka|kalaburagi,67.34167893961708,0.2368,17.02769,1432.0611,1442143,84694,EXPAND,91,0.6318114874815906,0.4212076583210604,68,178
karnataka|belagavi,64.52135493372606,0.22571,16.9585,1104.72197,2597822,153187,EXPAND,119,0.6215022091310751,0.3475699558173785,89,179
gujarat|vadodara,50.63328424153166,0.25571,14.7166,442.95123,2202693,149674,DEFEND,313,0.4197349042709867,0.5360824742268041,276,180
punjab|amritsar,45.832106038291606,0.31472,12.16638,231.87212,1219911,100269,DEFEND,402,0.1796759941089838,0.8483063328424153,410,180
punjab|bathinda,46.00883652430044,0.32706,13.71752,275.30287,652707,47582,MONITOR,397,0.3328424153166421,0.8998527245949927,440,182
punjab|barnala,44.374079528718696,0.3527,15.88812,212.40061,208611,13130,MONITOR,433,0.5316642120765832,0.9558173784977908,519,183
chhattisgarh|raipur,62.99705449189985,0.24583,15.31809,955.15475,2143139,139909,DEFEND,140,0.4845360824742268,0.4815905743740795,110,184
tamil nadu|thanjavur,46.02356406480118,0.25097,17.70063,287.77545,867508,49010,MONITOR,396,0.6774668630338734,0.4992636229749632,385,185
madhya pradesh|ashoknagar,57.79086892488955,0.34537,14.78578,718.14285,382035,25838,DEVELOP,201,0.4329896907216495,0.942562592047128,248,186
bihar|katihar,61.31075110456554,0.25842,15.29293,865.23189,1315773,86038,DEFEND,162,0.4830633284241531,0.5567010309278351,141,187
telangana|adilabad,64.21944035346097,0.3351,15.02397,1169.12627,374803,24947,DEVELOP,121,0.4565537555228277,0.9219440353460971,156,188
karnataka|tumakuru,66.31075110456554,0.22642,17.38341,1322.23119,1670563,96101,EXPAND,98,0.6568483063328424,0.353460972017673,75,189
odisha|sundargarh,63.52724594992636,0.21931,19.89193,1090.70386,1180407,59341,EXPAND,133,0.7849779086892489,0.3122238586156112,102,190
karnataka|raichur,67.69513991163475,0.22176,21.11469,1664.06776,987196,46754,EXPAND,88,0.8203240058910162,0.3298969072164948,67,191
madhya pradesh|harda,60.30927835051546,0.33238,15.7059,866.92625,276204,17586,EXPAND,170,0.5139911634756995,0.914580265095729,225,192
west bengal|malda,53.67452135493374,0.31615,10.23665,553.83579,1861790,181875,DEFEND,257,0.0500736377025036,0.8571428571428571,253,193
andhra pradesh|bapatla,65.33873343151694,0.2961,14.08461,1258.67463,832865,59133,DEVELOP,109,0.3681885125184094,0.7717231222385862,115,194
west bengal|cooch behar,50.47128129602356,0.32713,11.10031,451.98622,1223787,110248,DEFEND,323,0.0957290132547864,0.9013254786450664,327,195
uttar pradesh|kasganj,51.04565537555228,0.34654,13.56904,498.71996,540645,39844,DEVELOP,304,0.321060382916053,0.9455081001472754,354,196
gujarat|tapi,58.961708394698086,0.25593,28.0047,833.08326,268397,9584,DEVELOP,185,0.9381443298969072,0.5390279823269514,213,197
bihar|kishanganj,59.54344624447717,0.28989,15.16396,813.58835,687898,45364,DEVELOP,176,0.4668630338733431,0.7407952871870398,189,198
uttar pradesh|kanpur dehat,50.72164948453608,0.32481,14.0469,494.02876,582286,41453,DEVELOP,311,0.3637702503681885,0.8880706921944035,350,198
uttar pradesh|mathura,52.35640648011783,0.32465,9.691,514.68878,1700916,175515,DEFEND,283,0.0265095729013254,0.8865979381443299,283,200
maharashtra|akola,59.48453608247423,0.28666,13.91458,799.1372,987281,70953,DEVELOP,178,0.3519882179675994,0.7290132547864506,178,201
uttar pradesh|amethi,50.58173784977909,0.35046,13.25992,491.15392,553416,41736,DEVELOP,318,0.2960235640648012,0.9528718703976436,365,202
telangana|wanaparthy,66.30338733431516,0.32502,15.70949,1546.79267,291788,18574,EXPAND,99,0.5154639175257731,0.8895434462444771,138,203
uttar pradesh|unnao,46.2518409425626,0.28942,13.98832,325.75861,887209,63425,MONITOR,390,0.3564064801178203,0.7393225331369662,402,204
kerala|idukki,44.46244477172313,0.27903,16.65438,270.93078,541617,32521,MONITOR,429,0.6008836524300442,0.6848306332842415,466,205
haryana|sirsa,48.8438880706922,0.25269,18.18088,451.05003,690128,37959,MONITOR,345,0.7039764359351989,0.5184094256259205,335,206
gujarat|chhotaudepur,53.807069219440365,0.25466,39.8601,653.64914,198583,4982,DEVELOP,253,0.98379970544919,0.5272459499263623,297,207
bihar|supaul,54.72017673048602,0.33548,11.4297,626.26298,936778,81960,DEVELOP,242,0.1281296023564064,0.9248895434462444,262,208
uttar pradesh|shahjahanpur,46.20765832106038,0.32768,11.44148,309.24897,1011541,88410,MONITOR,392,0.1310751104565537,0.90279823269514,419,209
karnataka|uttara kannada,62.99705449189985,0.22695,22.12486,1162.97472,757002,34215,EXPAND,140,0.8483063328424153,0.3564064801178203,122,210
telangana|suryapet,65.89101620029454,0.31127,14.3184,1463.12434,616636,43066,DEVELOP,104,0.3829160530191458,0.8306332842415317,124,211
tamil nadu|pudukkottai,47.71723122238586,0.23906,24.28347,427.74535,521706,21484,MONITOR,366,0.8910162002945509,0.4329896907216495,371,212
assam|charaideo,54.10162002945508,0.26306,26.49806,667.02122,163599,6174,DEVELOP,250,0.9263622974963182,0.5905743740795287,300,213
rajasthan|dungarpur,53.954344624447714,0.25074,22.61615,652.99964,445900,19716,DEVELOP,252,0.8556701030927835,0.4977908689248895,270,214
uttar pradesh|raebareli,48.00441826215022,0.30349,13.40712,399.9784,823720,61439,MONITOR,358,0.3092783505154639,0.801178203240059,380,215
bihar|jamui,58.5861561119293,0.27029,16.31177,806.22333,673203,41271,DEVELOP,189,0.5670103092783505,0.6406480117820325,198,216
odisha|malkangiri,65.9278350515464,0.25435,30.62217,1675.41737,244763,7993,EXPAND,103,0.9499263622974964,0.5257731958762887,123,217
uttar pradesh|jaunpur,47.34167893961708,0.31408,10.61207,363.60249,1605649,151304,DEFEND,375,0.0618556701030927,0.8394698085419735,369,218
gujarat|banaskantha,56.78939617083947,0.24968,16.90848,720.58395,918807,54340,DEVELOP,212,0.6170839469808542,0.4904270986745213,203,219
assam|morigaon,51.63475699558175,0.45517,13.16637,555.18038,432252,32830,DEVELOP,291,0.2901325478645066,0.9970544918998528,358,220
madhya pradesh|guna,57.29749631811488,0.28562,14.85571,748.57687,711351,47884,DEVELOP,208,0.438880706921944,0.7231222385861561,228,221
uttar pradesh|balrampur,48.5419734904271,0.31576,14.22954,447.16394,569395,40015,MONITOR,351,0.3755522827687776,0.8512518409425626,393,221
karnataka|vijayapura,63.85861561119294,0.23872,16.45494,1223.93119,1324162,80472,EXPAND,127,0.5787923416789397,0.4270986745213549,103,223
madhya pradesh|pandhurna,61.34756995581737,0.26365,24.55855,1091.16553,168840,6875,EXPAND,161,0.9042709867452136,0.5964653902798233,184,224
bihar|darbhanga,56.45066273932253,0.25476,14.57059,700.52961,1583605,108685,DEFEND,216,0.4094256259204712,0.5301914580265096,194,225
uttar pradesh|mainpuri,50.7879234167894,0.31105,13.10937,520.00615,796709,60774,DEVELOP,309,0.2798232695139911,0.8262150220913107,329,226
uttar pradesh|sultanpur,47.5699558173785,0.34546,11.29173,392.13656,844802,74816,MONITOR,368,0.117820324005891,0.9440353460972016,401,227
telangana|mulugu,64.63917525773195,0.3547,15.45229,1453.29416,150289,9726,DEVELOP,117,0.4948453608247423,0.9572901325478644,163,228
uttar pradesh|budaun,47.35640648011782,0.30666,12.44916,385.40472,1034114,83067,MONITOR,373,0.203240058910162,0.8100147275405007,382,229
karnataka|bengaluru south,66.86303387334316,0.21258,22.86198,2075.45609,858513,37552,EXPAND,94,0.865979381443299,0.2783505154639175,77,230
bihar|gopalganj,58.09278350515464,0.25827,15.16853,796.93545,1098808,72440,DEVELOP,195,0.4698085419734904,0.5552282768777614,180,231
bihar|siwan,58.54933726067746,0.24227,15.75742,817.68134,1376348,87346,DEVELOP,190,0.5213549337260678,0.4536082474226804,161,232
bihar|nawada,58.41678939617084,0.22826,19.41044,840.74828,836648,43103,DEVELOP,192,0.7702503681885126,0.3681885125184094,176,233
maharashtra|jalna,62.533136966126655,0.25528,15.44181,1136.06218,1090655,70630,DEVELOP,147,0.4933726067746686,0.5331369661266568,127,234
madhya pradesh|jhabua,59.47717231222386,0.25223,21.88503,945.37522,407346,18613,DEVELOP,179,0.8394698085419735,0.5125184094256259,192,235
jammu & kashmir|jammu,50.84683357879234,0.24386,16.23997,548.5215,1077002,66318,DEVELOP,308,0.5596465390279823,0.4727540500736377,288,236
uttar pradesh|fatehpur,44.78645066273933,0.41062,11.10084,304.18702,730302,65788,MONITOR,423,0.09720176730486,0.9852724594992636,472,237
tamil nadu|chengalpattu,53.070692194403534,0.17316,20.73703,629.74514,2706058,130494,DEVELOP,269,0.8159057437407953,0.0898379970544919,207,238
madhya pradesh|sagar,52.87923416789396,0.27511,13.45027,607.38696,1149850,85489,DEVELOP,273,0.3107511045655375,0.6627393225331369,263,239
bihar|sheikhpura,56.68630338733433,0.26416,21.12474,806.21118,244878,11592,DEVELOP,214,0.8217967599410898,0.6008836524300442,248,240
gujarat|navsari,50.62592047128129,0.23201,24.93037,580.58917,482976,19373,DEVELOP,314,0.914580265095729,0.3888070692194403,316,241
west bengal|nadia,49.22680412371135,0.27569,11.74221,475.03694,2331051,198519,DEFEND,343,0.1575846833578792,0.6701030927835051,312,242
uttar pradesh|jalaun,51.46539027982328,0.27238,15.38276,585.74927,682487,44367,DEVELOP,293,0.4904270986745213,0.6539027982326951,309,243
chhattisgarh|bilaspur,61.03829160530192,0.21726,18.59708,1079.19576,1094847,58872,EXPAND,164,0.7334315169366715,0.3019145802650957,132,244
jammu & kashmir|reasi,51.44329896907216,0.2948,17.72782,612.08114,161465,9108,DEVELOP,294,0.678939617083947,0.7628865979381443,364,244
punjab|patiala,43.32106038291605,0.27476,14.02145,262.85926,962685,68658,MONITOR,452,0.3593519882179676,0.6612665684830633,459,246
kerala|palakkad,42.62150220913108,0.28304,12.91587,201.31995,1136377,87983,MONITOR,464,0.2533136966126657,0.7098674521354934,469,246
bihar|araria,54.528718703976445,0.29797,12.14741,667.64034,1128215,92877,DEVELOP,245,0.1782032400589101,0.7761413843888071,248,248
karnataka|chitradurga,63.99116347569955,0.22023,20.03274,1440.84971,857762,42818,EXPAND,123,0.7879234167893961,0.3195876288659793,106,249
andhra pradesh|ananthapuramu,63.75552282768777,0.25251,14.33549,1290.36796,1555974,108540,DEFEND,128,0.3858615611192931,0.5169366715758469,106,250
telangana|mahabubabad,63.5419734904271,0.34901,13.63257,1359.75473,369170,27080,DEVELOP,132,0.3254786450662739,0.9499263622974964,166,251
telangana|rajanna sircilla,63.51988217967599,0.31114,15.28179,1396.66712,339164,22194,DEVELOP,134,0.4801178203240059,0.8276877761413843,159,252
telangana|medak,62.22385861561119,0.35994,12.93142,1223.14701,452561,34997,DEVELOP,150,0.2562592047128129,0.9646539027982328,179,253
bihar|sitamarhi,52.46686303387335,0.26774,13.56354,611.45128,1218209,89815,DEFEND,281,0.3195876288659793,0.6273932253313697,267,254
bihar|bhojpur,54.3078055964654,0.26225,14.68118,680.07176,1035757,70550,DEVELOP,247,0.4182621502209131,0.5817378497790869,241,255
west bengal|uttar dinajpur,50.02209131075111,0.30018,11.20282,522.89956,1268350,113217,DEFEND,332,0.1134020618556701,0.792341678939617,322,256
kerala|thiruvananthapuram,43.55670103092783,0.22112,16.45088,287.83253,1697961,103214,MONITOR,448,0.5773195876288659,0.3254786450662739,392,257
kerala|malappuram,42.64359351988218,0.28487,11.19803,205.49696,1843408,164619,DEFEND,462,0.1104565537555228,0.7201767304860088,450,258
uttar pradesh|auraiya,48.17378497790869,0.34337,12.69899,488.38459,544431,42872,MONITOR,356,0.2268041237113402,0.9381443298969072,410,259
bihar|vaishali,53.54933726067747,0.25905,13.83165,655.81232,1456708,105317,DEFEND,260,0.3416789396170839,0.561119293078056,241,260
uttar pradesh|aligarh,49.896907216494846,0.27645,11.83715,522.80076,1827241,154365,DEFEND,333,0.1634756995581738,0.6730486008836525,304,261
odisha|kalahandi,61.51693667157585,0.22046,22.38141,1230.43438,681984,30471,EXPAND,158,0.8512518409425626,0.321060382916053,143,262
uttar pradesh|basti,48.68924889543446,0.29984,12.4509,496.84996,920943,73966,MONITOR,347,0.2047128129602356,0.7879234167893961,362,263
haryana|panipat,49.5360824742268,0.24582,15.53487,534.71347,1103364,71025,DEVELOP,339,0.5022091310751104,0.4801178203240059,308,264
tamil nadu|tirunelveli,44.24153166421208,0.2636,15.63447,355.30712,722203,46193,MONITOR,435,0.5095729013254786,0.5949926362297496,437,265
telangana|medchal malkajgiri,65.7437407952872,0.24034,13.86748,1667.12975,6313836,455298,DEFEND,105,0.3460972017673048,0.4418262150220913,77,266
assam|biswanath,47.48159057437408,0.30741,15.81365,496.74046,265100,16764,MONITOR,372,0.524300441826215,0.8114874815905744,431,267
odisha|koraput,62.81296023564066,0.22082,23.45536,1403.23657,613733,26166,EXPAND,144,0.8792341678939617,0.3240058910162003,128,268
uttar pradesh|pilibhit,45.33136966126657,0.31838,12.67693,382.57486,681943,53794,MONITOR,410,0.2253313696612665,0.8600883652430045,453,269
odisha|ganjam,58.60088365243005,0.24209,14.63499,900.03929,1688000,115340,DEFEND,187,0.4167893961708395,0.4521354933726068,157,270
uttar pradesh|lakhimpur kheri,42.5699558173785,0.27121,12.55698,251.45466,1504025,119776,DEFEND,467,0.2150220913107511,0.6480117820324006,450,271
assam|hailakandi,51.2518409425626,0.31966,15.18418,632.09482,247578,16305,DEVELOP,299,0.4727540500736377,0.8645066273932254,366,272
chhattisgarh|korba,60.57437407952872,0.22539,20.28287,1181.39236,681484,33599,EXPAND,168,0.8026509572901326,0.3431516936671576,153,273
uttar pradesh|gonda,43.94698085419735,0.3158,10.78176,334.81724,1036138,96101,MONITOR,439,0.0736377025036818,0.8527245949926362,461,274
uttar pradesh|barabanki,42.7540500736377,0.32601,9.39418,272.30599,1048794,111643,MONITOR,460,0.0235640648011782,0.8924889543446245,491,275
tamil nadu|tenkasi,42.41531664212077,0.26032,17.73864,323.37419,440344,24824,MONITOR,468,0.6804123711340206,0.5684830633284241,504,276
haryana|panchkula,46.37702503681885,0.25856,17.60624,472.43466,474365,26943,MONITOR,386,0.6730486008836525,0.5596465390279823,415,277
telangana|kamareddy,60.05154639175257,0.36174,12.26686,1083.89854,498746,40658,DEVELOP,172,0.1855670103092783,0.9705449189985272,218,278
andhra pradesh|visakhapatnam,63.73343151693667,0.25146,13.1034,1425.69657,2800236,213703,DEFEND,129,0.2783505154639175,0.5036818851251841,96,279
bihar|samastipur,51.13402061855671,0.26423,12.66296,594.72286,1693494,133736,DEFEND,302,0.2238586156111929,0.6023564064801178,279,280
west bengal|paschim bardhaman,51.35493372606774,0.25153,13.63804,607.02539,1737895,127430,DEFEND,296,0.3269513991163476,0.5066273932253313,265,281
telangana|karimnagar,62.40058910162003,0.29355,12.83359,1290.41857,851085,66317,DEVELOP,148,0.2430044182621502,0.7555228276877761,149,282
telangana|yadadri bhuvanagiri,63.91752577319587,0.27862,15.20965,1646.68532,554483,36456,DEVELOP,124,0.4756995581737849,0.6833578792341679,142,283
odisha|bargarh,56.9661266568483,0.24357,18.0345,894.02775,599124,33221,DEVELOP,210,0.6966126656848306,0.4683357879234168,220,284
bihar|madhepura,49.73490427098674,0.33459,10.67733,559.44823,824589,77228,DEVELOP,336,0.0633284241531664,0.9204712812960236,360,285
madhya pradesh|bhind,51.32547864506628,0.28894,13.98526,634.48288,653769,46747,DEVELOP,297,0.3549337260677467,0.7378497790868925,322,286
tamil nadu|perambalur,47.26067746686303,0.24244,26.27342,533.22135,233597,8891,MONITOR,377,0.9248895434462444,0.4580265095729013,407,287
uttar pradesh|sant kabir nagar,45.89837997054492,0.32157,12.74908,443.06522,586802,46027,MONITOR,401,0.2341678939617084,0.8733431516936672,449,288
assam|dhemaji,43.78497790868925,0.32409,14.47853,381.45529,285951,19750,MONITOR,443,0.3961708394698085,0.8836524300441826,515,289
uttar pradesh|pratapgarh,44.5360824742268,0.31467,10.75526,377.03352,1007843,93707,MONITOR,427,0.0692194403534609,0.8468335787923417,444,290
assam|baksa,46.59057437407953,0.3244,14.93416,497.29542,198012,13259,MONITOR,383,0.4491899852724595,0.8851251840942562,471,291
tamil nadu|kallakurichi,44.88954344624448,0.26341,16.39773,425.08416,541240,33007,MONITOR,420,0.5758468335787923,0.5920471281296024,440,292
gujarat|rajkot,42.18703976435936,0.21697,15.96908,289.70453,1844876,115528,MONITOR,474,0.5375552282768777,0.2989690721649484,417,293
tamil nadu|tiruchirappalli,42.59941089837997,0.20974,17.51579,332.82981,1242623,70943,MONITOR,466,0.6642120765832106,0.2650957290132548,418,294
bihar|buxar,51.52430044182621,0.27034,14.92594,654.90922,656368,43975,DEVELOP,292,0.4477172312223859,0.6421207658321061,309,295
odisha|kendrapara,59.896907216494846,0.24796,17.17019,1180.55397,628446,36601,DEVELOP,173,0.6406480117820325,0.487481590574374,173,296
uttar pradesh|ghazipur,46.49484536082474,0.28169,11.62029,459.85727,1344805,115729,DEFEND,384,0.1458026509572901,0.6995581737849779,379,297
tamil nadu|kanniyakumari,41.87039764359352,0.26288,14.94114,294.71155,775938,51933,MONITOR,479,0.4506627393225331,0.5846833578792342,493,297
odisha|balangir,58.99116347569956,0.2121,21.40414,1109.21879,708006,33078,DEVELOP,184,0.8306332842415317,0.2768777614138439,162,299
assam|chirang,50.02945508100147,0.2982,16.01675,630.34111,216130,13494,DEVELOP,330,0.5478645066273933,0.7820324005891016,385,299
uttar pradesh|bareilly,45.13254786450663,0.28208,10.48991,397.41057,2011083,191716,DEFEND,413,0.0559646539027982,0.7039764359351989,395,301
jharkhand|simdega,58.10751104565537,0.23903,40.70809,1107.13021,143496,3525,DEVELOP,194,0.9896907216494846,0.4315169366715758,231,302
assam|sivasagar,45.09572901325478,0.27563,17.29029,464.02254,255464,14775,MONITOR,414,0.646539027982327,0.6686303387334315,476,303
karnataka|bidar,61.71575846833579,0.25631,14.77639,1314.98678,920924,62324,DEVELOP,153,0.4300441826215022,0.5419734904270986,144,304
uttar pradesh|lucknow,46.2518409425626,0.2712,10.50874,451.97066,4467992,425169,DEFEND,390,0.0574374079528718,0.646539027982327,363,305
odisha|rayagada,59.41826215022091,0.24306,18.78162,1204.17585,456600,24311,DEVELOP,181,0.7407952871870398,0.4668630338733431,185,306
maharashtra|nagpur,54.27835051546391,0.24051,13.15152,747.33485,4040766,307247,DEFEND,248,0.2871870397643593,0.4432989690721649,217,307
himachal pradesh|kullu,46.156111929307805,0.26905,17.33479,514.92449,266297,15362,MONITOR,393,0.6509572901325479,0.6391752577319587,443,308
uttar pradesh|banda,42.12812960235641,0.34317,11.74933,334.9137,530964,45191,MONITOR,475,0.1590574374079528,0.9366715758468336,530,309
assam|nalbari,44.189985272459495,0.37474,12.92008,421.37096,285495,22097,MONITOR,436,0.2547864506627393,0.9779086892488954,516,310
rajasthan|barmer,59.38880706921944,0.2027,20.15902,1184.42229,868007,43058,DEVELOP,182,0.7967599410898379,0.2209131075110456,151,311
chhattisgarh|manendragarh chirmiri bharatpur,55.309278350515456,0.25676,21.43764,900.62611,155037,7232,DEVELOP,233,0.8321060382916053,0.5449189985272459,274,312
kerala|kollam,40.18409425625921,0.23671,15.39428,239.44415,1114869,72421,MONITOR,501,0.4918998527245949,0.4197349042709867,493,313
tamil nadu|salem,44.87481590574374,0.18988,17.56277,450.08743,1763372,100404,MONITOR,421,0.6686303387334315,0.1575846833578792,341,314
jammu & kashmir|rajouri,47.54786450662739,0.26154,18.42224,579.04815,249474,13542,MONITOR,369,0.7245949926362297,0.5773195876288659,414,315
rajasthan|jaisalmer,60.14727540500736,0.22746,21.21232,1335.12064,493547,23267,DEVELOP,171,0.8247422680412371,0.3593519882179676,164,316
karnataka|chikkaballapur,60.96465390279824,0.23583,16.59433,1385.69565,804875,48503,EXPAND,165,0.5949926362297496,0.4138438880706921,148,317
assam|darrang,49.145802650957286,0.5245,11.5876,606.73741,412727,35618,MONITOR,344,0.1428571428571428,1.0,409,317
uttar pradesh|agra,46.32547864506628,0.25712,11.89702,487.40119,2675497,224888,DEFEND,389,0.166421207658321,0.5493372606774669,346,319
bihar|rohtas,52.51104565537554,0.25413,13.6622,711.54578,1210717,88618,DEVELOP,280,0.3284241531664212,0.5228276877761414,257,320
madhya pradesh|chhatarpur,48.61561119293079,0.2654,13.84159,590.79166,836724,60450,MONITOR,349,0.3431516936671576,0.6111929307805597,340,321
jharkhand|ranchi,54.56553755522828,0.23592,13.49657,803.94247,2376732,176099,DEFEND,244,0.3136966126656848,0.4153166421207658,211,322
tamil nadu|tiruvarur,38.564064801178205,0.26717,16.45966,236.07638,363956,22112,MONITOR,530,0.5817378497790869,0.6229749631811488,568,323
telangana|jayashankar bhupalpally,61.37702503681886,0.30068,15.24475,1615.71396,211902,13900,DEVELOP,160,0.4786450662739323,0.7952871870397643,197,324
kerala|ernakulam,42.20176730486009,0.17209,17.73896,373.12229,2553505,143949,MONITOR,473,0.6818851251840943,0.0854197349042709,388,325
rajasthan|dholpur,53.10014727540501,0.29826,13.29783,779.50175,523190,39344,DEVELOP,268,0.3004418262150221,0.7835051546391752,304,326
chhattisgarh|bemetara,50.40500736377025,0.26546,16.98708,689.55456,293299,17266,DEVELOP,325,0.625920471281296,0.6126656848306333,352,327
bihar|madhubani,50.39764359351988,0.24057,13.74893,653.74185,1548198,112605,DEFEND,326,0.3357879234167893,0.4477172312223859,281,328
uttar pradesh|hathras,45.75110456553755,0.31054,12.24254,502.15165,650495,53134,MONITOR,404,0.1840942562592047,0.8232695139911634,434,329
odisha|nabarangpur,56.79675994108984,0.22006,23.98624,1086.84121,430505,17948,DEVELOP,211,0.8880706921944035,0.3166421207658321,222,330
gujarat|kheda,41.14138438880708,0.23441,16.59753,354.03567,757478,45638,MONITOR,487,0.5964653902798233,0.4050073637702504,490,331
uttar pradesh|chandauli,43.298969072164944,0.31125,11.07295,404.78659,804893,72690,MONITOR,453,0.0927835051546391,0.8291605301914581,485,332
west bengal|dakshin dinajpur,40.456553755522826,0.36096,9.15577,290.56864,651149,71119,MONITOR,496,0.01620029455081,0.9661266568483065,550,332
rajasthan|jalore,55.13991163475699,0.19339,21.22083,919.26318,840748,39619,DEVELOP,235,0.8262150220913107,0.1723122238586156,209,334
uttar pradesh|ayodhya,43.81443298969072,0.29674,10.78578,416.24744,1018415,94422,MONITOR,442,0.0751104565537555,0.7731958762886598,458,335
himachal pradesh|solan,50.02945508100147,0.18946,26.11141,680.13168,679941,26040,DEVELOP,330,0.9219440353460971,0.1546391752577319,295,336
tamil nadu|thoothukudi,41.19293078055964,0.22555,18.19125,371.29971,677424,37239,MONITOR,486,0.7069219440353461,0.3460972017673048,488,337
odisha|nuapada,59.85272459499264,0.22411,31.63246,1509.12706,257425,8138,DEVELOP,174,0.9558173784977908,0.3387334315169367,181,338
tripura|west tripura,41.59057437407953,0.24719,17.6476,386.22289,442037,25048,MONITOR,484,0.6745213549337261,0.4860088365243004,509,339
odisha|mayurbhanj,54.22680412371135,0.19625,19.36769,864.4754,897828,46357,DEVELOP,249,0.7673048600883653,0.187039764359352,226,340
tamil nadu|tiruppur,47.33431516936671,0.12481,19.02331,582.78214,2018773,106121,MONITOR,376,0.7555228276877761,0.0191458026509572,293,341
odisha|jharsuguda,61.17083946980855,0.20768,27.84271,1937.15413,431562,15500,EXPAND,163,0.9366715758468336,0.251840942562592,152,342
jharkhand|lohardaga,57.66568483063328,0.23028,27.65993,1259.91997,192845,6972,DEVELOP,203,0.9337260677466864,0.3799705449189985,230,343
madhya pradesh|gwalior,52.79823269513992,0.25121,12.71514,763.37002,1674749,131713,DEFEND,274,0.2282768777614138,0.5022091310751104,246,344
uttar pradesh|mirzapur,40.60382916053019,0.2934,11.28211,333.14923,875729,77621,MONITOR,495,0.1163475699558173,0.7540500736377025,520,345
uttar pradesh|farrukhabad,42.6141384388807,0.30038,11.61169,407.91383,715245,61597,MONITOR,465,0.1443298969072164,0.7938144329896907,501,346
madhya pradesh|shivpuri,50.33873343151695,0.24286,15.28875,695.92833,811527,53080,DEVELOP,327,0.4815905743740795,0.4639175257731959,307,347
uttar pradesh|hardoi,39.263622974963184,0.28348,11.04925,266.46813,1096682,99254,MONITOR,518,0.0913107511045655,0.7128129602356407,530,348
west bengal|purba bardhaman,42.0839469808542,0.26601,10.75063,378.79285,1848710,171963,DEFEND,477,0.0677466863033873,0.6185567010309279,454,349
maharashtra|mumbai,47.84241531664212,0.21328,14.56103,595.55827,2820660,193713,DEFEND,362,0.406480117820324,0.2812960235640648,301,350
punjab|rupnagar,39.07952871870397,0.27622,15.66608,311.46501,300679,19193,MONITOR,520,0.5125184094256259,0.6715758468335787,567,351
madhya pradesh|mauganj,51.40648011782032,0.28209,16.01079,779.81274,195796,12229,DEVELOP,295,0.5449189985272459,0.7054491899852725,347,352
tamil nadu|sivaganga,40.69955817378498,0.22323,20.14356,388.64859,480988,23878,MONITOR,493,0.7952871870397643,0.3357879234167893,510,353
uttar pradesh|kanpur nagar,41.6421207658321,0.25147,11.73535,373.02352,2597690,221356,DEFEND,483,0.1561119293078056,0.5051546391752577,438,354
tripura|north tripura,46.6421207658321,0.23431,25.11559,629.59261,142104,5658,MONITOR,382,0.91899852724595,0.4035346097201767,421,355
manipur|imphal west,36.907216494845365,0.2438,19.3945,241.3681,250480,12915,MONITOR,558,0.7687776141384389,0.471281296023564,585,356
jharkhand|khunti,53.77025036818851,0.22757,32.52169,962.6006,140949,4334,DEVELOP,255,0.9602356406480118,0.3622974963181148,286,357
uttar pradesh|mau,42.1060382916053,0.29816,10.81279,407.0086,846977,78331,MONITOR,476,0.0780559646539028,0.780559646539028,503,358
uttar pradesh|ballia,43.637702503681886,0.27781,10.76637,464.87481,1234052,114621,DEFEND,447,0.0706921944035346,0.6804123711340206,433,359
maharashtra|thane,43.94698085419735,0.24976,11.2585,467.35978,8346491,741350,DEFEND,439,0.1148748159057437,0.4933726067746686,388,360
punjab|shaheed bhagat singh nagar,37.26067746686304,0.25061,19.70369,279.0368,174023,8832,MONITOR,554,0.7790868924889544,0.4963181148748159,588,361
jharkhand|giridih,52.93814432989691,0.21657,16.12808,835.1312,1062615,65886,DEVELOP,270,0.5537555228276878,0.2960235640648012,240,362
bihar|lakhisarai,47.80559646539028,0.28875,14.18154,649.06504,383951,27074,MONITOR,363,0.3726067746686303,0.7363770250368189,413,363
bihar|khagaria,45.7879234167894,0.32155,10.77562,556.42511,646160,59965,MONITOR,403,0.0721649484536082,0.8703976435935199,444,363
west bengal|purba medinipur,47.18703976435935,0.23759,12.90205,591.42948,2152939,166868,DEFEND,378,0.2503681885125184,0.422680412371134,328,365
odisha|kendujhar,58.541973490427104,0.17619,21.65527,1394.3382,863006,39852,DEVELOP,191,0.8350515463917526,0.1030927835051546,154,366
telangana|hanumakonda,59.10898379970545,0.28473,11.79203,1357.87547,801280,67951,DEVELOP,183,0.1620029455081001,0.7187039764359352,188,366
gujarat|anand,37.702503681885126,0.22435,16.63907,266.73086,788309,47377,MONITOR,545,0.5994108983799705,0.3402061855670103,537,368
chhattisgarh|mungeli,50.434462444771725,0.26048,17.25839,769.57681,248400,14393,DEVELOP,324,0.6435935198821797,0.5699558173784978,353,369
chhattisgarh|bastar,56.089837997054495,0.21004,24.69519,1192.32436,372527,15085,DEVELOP,219,0.9086892488954345,0.2665684830633284,233,370
karnataka|shivamogga,55.54491899852725,0.23641,14.40962,1015.05714,1109281,76982,DEVELOP,230,0.390279823269514,0.4182621502209131,213,371
karnataka|yadgiri,58.29160530191457,0.22022,19.44505,1426.17023,499174,25671,DEVELOP,193,0.7731958762886598,0.3181148748159057,186,372
haryana|rohtak,48.80706921944035,0.20707,18.12501,681.93092,785846,43357,MONITOR,346,0.7010309278350515,0.2474226804123711,315,373
jharkhand|gumla,57.17967599410898,0.20506,44.75316,1337.99393,272860,6097,DEVELOP,209,0.9941089837997056,0.235640648011782,219,374
haryana|rewari,55.61855670103093,0.19553,18.04973,1087.16998,959217,53143,DEVELOP,229,0.6980854197349042,0.1811487481590574,196,375
gujarat|morbi,53.659793814433,0.09757,40.5777,949.09577,731697,18032,DEVELOP,258,0.9882179675994108,0.0073637702503681,227,375
uttar pradesh|firozabad,40.02209131075111,0.28298,9.72704,345.93415,1184617,121786,MONITOR,504,0.0294550810014727,0.7083946980854198,514,377
madhya pradesh|agar malwa,54.77908689248896,0.27771,15.17083,1053.28304,293677,19358,DEVELOP,240,0.471281296023564,0.678939617083947,284,378
madhya pradesh|alirajpur,49.64653902798233,0.23173,22.79742,762.62179,215732,9463,DEVELOP,337,0.8600883652430045,0.3873343151693667,354,379
bihar|kaimur,44.71281296023564,0.29397,12.55126,548.31407,585303,46633,MONITOR,425,0.2120765832106038,0.7584683357879234,465,380
gujarat|vav tharad,53.40942562592047,0.19142,19.96348,938.54719,782868,39215,DEVELOP,263,0.7864506627393225,0.1634756995581738,236,381
goa|south goa,57.93814432989692,0.15457,40.23038,1474.67963,625864,15557,DEVELOP,198,0.9867452135493372,0.0559646539027982,168,382
west bengal|paschim medinipur,45.08836524300442,0.24056,12.51775,544.75566,1918896,153294,DEFEND,416,0.2106038291605302,0.4447717231222385,370,383
west bengal|bankura,40.832106038291606,0.25912,12.03465,389.34137,1239593,103002,DEFEND,492,0.1723122238586156,0.5625920471281296,489,384
uttar pradesh|moradabad,45.09572901325478,0.24056,12.93862,554.89198,1476607,114124,DEFEND,414,0.2592047128129602,0.4447717231222385,378,385
madhya pradesh|vidisha,42.209131075110456,0.31314,9.19405,459.622,737979,80267,MONITOR,472,0.0176730486008836,0.8365243004418262,507,386
jharkhand|garhwa,55.13254786450664,0.22526,17.90518,1131.48707,555347,31016,DEVELOP,236,0.6892488954344624,0.3416789396170839,236,387
jharkhand|seraikela kharsawan,51.782032400589095,0.21977,18.80134,863.09535,517394,27519,DEVELOP,288,0.7422680412371134,0.3151693667157584,289,388
madhya pradesh|katni,49.359351988217966,0.23274,16.78225,728.50456,595770,35500,MONITOR,341,0.6082474226804123,0.3932253313696612,330,389
uttarakhand|tehri garhwal,47.74668630338733,0.2502,18.10321,697.76179,243271,13438,MONITOR,364,0.6995581737849779,0.4948453608247423,400,390
karnataka|bagalkote,56.69366715758469,0.18687,18.1881,1271.4256,1014150,55759,DEVELOP,213,0.7054491899852725,0.1369661266568483,177,391
telangana|warangal,55.06627393225332,0.31879,10.04913,1067.07754,644742,64159,DEVELOP,237,0.0397643593519882,0.8615611192930781,268,392
uttar pradesh|kannauj,38.402061855670105,0.31423,10.06395,327.0648,669253,66500,MONITOR,535,0.0427098674521354,0.8438880706921944,570,393
telangana|hyderabad,58.02650957290132,0.21347,13.47314,1319.82089,5840094,433462,DEFEND,197,0.3122238586156112,0.284241531664212,150,394
haryana|gurugram,55.88365243004419,0.19586,14.77358,1133.13223,5282943,357594,DEFEND,223,0.4285714285714285,0.1840942562592047,167,395
rajasthan|phalodi,53.31369661266569,0.21536,20.74802,1021.6864,413508,19930,DEVELOP,264,0.8173784977908689,0.2901325478645066,266,396
uttar pradesh|gautambuddha nagar,54.77908689248895,0.21747,13.14643,1011.04465,5609621,426703,DEFEND,241,0.2857142857142857,0.3033873343151693,192,397
tamil nadu|erode,39.72754050073638,0.16873,18.4477,398.85521,1135364,61545,MONITOR,510,0.7260677466863034,0.0780559646539028,464,398
karnataka|haveri,55.4418262150221,0.19375,18.98927,1198.26237,737809,38854,DEVELOP,231,0.7540500736377025,0.1752577319587628,209,399
maharashtra|bhandara,48.240058910162006,0.23388,16.89616,711.11311,539714,31943,MONITOR,355,0.6156111929307806,0.3976435935198821,357,400
maharashtra|palghar,41.1340206185567,0.24114,11.55831,413.46846,2729334,236136,DEFEND,488,0.1384388807069219,0.4506627393225331,446,400
west bengal|murshidabad,39.86745213549337,0.25852,8.46444,371.77796,3131835,369999,DEFEND,508,0.0044182621502209,0.5581737849779087,487,402
gujarat|patan,43.04860088365243,0.24264,15.18777,530.57121,655094,43133,MONITOR,458,0.4742268041237113,0.4609720176730486,463,403
chhattisgarh|surguja,52.65095729013255,0.21031,20.14049,969.5317,481559,23910,DEVELOP,278,0.7938144329896907,0.268041237113402,272,404
chhattisgarh|rajnandgaon,51.701030927835056,0.20781,22.11859,921.3755,419103,18948,DEVELOP,290,0.8468335787923417,0.2533136966126657,292,405
kerala|wayanad,36.9440353460972,0.30233,12.60513,291.04618,426923,33869,MONITOR,556,0.219440353460972,0.7982326951399117,595,406
chhattisgarh|janjgir champa,51.22974963181149,0.22221,18.42149,881.79219,476214,25851,DEVELOP,300,0.7231222385861561,0.3313696612665684,302,407
tamil nadu|coimbatore,39.69072164948454,0.18895,15.15812,384.25949,3153601,208047,DEFEND,511,0.4653902798232695,0.1487481590574374,440,408
odisha|angul,55.63328424153167,0.19808,18.21377,1243.31846,760844,41773,DEVELOP,227,0.711340206185567,0.1973490427098674,207,409
telangana|jangaon,57.86450662739322,0.27908,14.57507,1570.47107,294708,20220,DEVELOP,200,0.4108983799705449,0.6863033873343152,238,410
punjab|mansa,34.47717231222386,0.34069,11.71297,123.04727,255495,21813,MONITOR,580,0.1531664212076583,0.9322533136966128,622,411
chhattisgarh|jashpur,55.16200294550809,0.19222,35.6997,1287.0774,345466,9677,DEVELOP,234,0.9705449189985272,0.1678939617083946,235,412
assam|bongaigaon,43.36524300441826,0.36965,9.96123,549.08972,364372,36579,MONITOR,451,0.0368188512518409,0.974963181148748,525,413
andaman & nicobar islands|south andaman,54.78645066273932,0.20899,34.00733,1282.817,180817,5317,DEVELOP,239,0.9661266568483065,0.2592047128129602,254,414
himachal pradesh|kangra,38.11487481590574,0.19715,18.96031,379.098,678305,35775,MONITOR,537,0.7511045655375552,0.1914580265095729,526,414
jharkhand|jamtara,52.26067746686304,0.18919,42.5052,1004.24309,335026,7882,DEVELOP,284,0.9911634756995582,0.150220913107511,276,416
gujarat|narmada,52.6362297496318,0.20659,44.64228,1078.34622,170846,3827,DEVELOP,279,0.9926362297496318,0.2400589101620029,294,417
tamil nadu|ranipet,43.17378497790869,0.18741,23.28792,569.06747,556069,23878,MONITOR,456,0.8762886597938144,0.1384388807069219,427,417
uttar pradesh|prayagraj,39.44771723122239,0.25328,9.71278,377.29136,2902034,298785,DEFEND,514,0.0279823269513991,0.5198821796759941,495,419
rajasthan|pali,50.30191458026509,0.19027,18.20112,827.53657,828897,45541,DEVELOP,328,0.7098674521354934,0.1605301914580265,280,420
gujarat|surendranagar,44.44771723122239,0.14745,29.96949,620.81991,624714,20845,MONITOR,430,0.946980854197349,0.0441826215022091,390,421
chhattisgarh|balrampur ramanujganj,53.48306332842415,0.20017,29.34998,1147.79577,286133,9749,DEVELOP,262,0.9455081001472754,0.2120765832106038,263,422
uttar pradesh|saharanpur,40.19882179675994,0.26299,9.29823,407.73295,1662653,178814,DEFEND,500,0.0191458026509572,0.5861561119293078,496,423
maharashtra|pune,53.13696612665684,0.2305,11.69257,943.18499,14753740,1261805,DEFEND,265,0.1516936671575846,0.3814432989690721,228,424
kerala|thrissur,35.1840942562592,0.23893,12.8874,196.72767,1327312,102993,DEFEND,572,0.2474226804123711,0.4300441826215022,563,425
uttar pradesh|bagpat,45.58173784977909,0.26299,13.74908,641.9012,591733,43038,MONITOR,408,0.337260677466863,0.5861561119293078,422,426
uttarakhand|haridwar,40.9720176730486,0.25607,10.80447,462.15186,1508985,139663,DEFEND,491,0.0765832106038291,0.540500736377025,474,427
rajasthan|bikaner,50.89837997054492,0.16941,16.68218,855.40935,1507919,90391,DEVELOP,307,0.6038291605301914,0.0795287187039764,243,428
uttar pradesh|sambhal,37.56259204712813,0.29539,8.6885,340.28017,819195,94285,MONITOR,546,0.0058910162002945,0.7687776141384389,568,429
jharkhand|palamu,52.886597938144334,0.20869,16.17348,1025.4417,872834,53967,DEVELOP,272,0.5567010309278351,0.2562592047128129,243,430
west bengal|birbhum,40.21354933726068,0.25514,11.1787,437.29288,1399953,125234,DEFEND,499,0.1060382916053019,0.5316642120765832,497,431
madhya pradesh|dewas,51.31811487481591,0.25174,13.05077,888.9747,865214,66296,DEVELOP,298,0.2739322533136966,0.508100147275405,291,432
odisha|puri,48.65979381443298,0.28063,9.49171,726.5897,968686,102056,MONITOR,348,0.0250368188512518,0.6921944035346097,342,433
chhattisgarh|north bastar kanker,48.49779086892488,0.20698,22.85117,800.66632,325355,14238,MONITOR,354,0.8645066273932254,0.2444771723122238,347,434
jharkhand|west singhbhum,52.76877761413844,0.18434,33.95493,1116.70218,393232,11581,DEVELOP,276,0.9646539027982328,0.1281296023564064,261,435
tamil nadu|madurai,35.91310751104565,0.22056,13.59168,272.3601,1497042,110144,DEFEND,567,0.3240058910162003,0.3225331369661267,543,436
punjab|fatehgarh sahib,34.76435935198822,0.32841,11.20281,243.57936,308884,27572,MONITOR,578,0.1119293078055964,0.9057437407952872,616,437
madhya pradesh|mandla,48.12223858615611,0.19706,22.47593,786.08364,443113,19715,MONITOR,357,0.8541973490427098,0.1899852724594992,338,438
uttar pradesh|sonbhadra,42.37113402061856,0.26446,12.47958,535.36195,746953,59854,MONITOR,470,0.2076583210603829,0.605301914580265,484,439
bihar|saran,45.19882179675994,0.23986,12.01906,619.3963,1566925,130370,DEFEND,412,0.1708394698085419,0.4403534609720176,372,440
tamil nadu|dharmapuri,43.91752577319588,0.23818,14.59816,596.05085,750112,51384,MONITOR,441,0.4123711340206185,0.4241531664212076,426,440
rajasthan|baran,47.34167893961709,0.23949,15.58299,723.58239,543301,34865,MONITOR,374,0.5066273932253313,0.438880706921944,377,442
tamil nadu|ramanathapuram,36.31811487481591,0.19744,20.75444,365.38199,484803,23359,MONITOR,562,0.8188512518409425,0.1944035346097201,564,443
west bengal|north twenty four parganas,42.07658321060383,0.22979,11.55236,514.71532,6080783,526367,DEFEND,478,0.1369661266568483,0.374079528718704,415,444
chhattisgarh|balod,46.03092783505154,0.21706,20.34577,710.6848,286794,14096,MONITOR,395,0.8055964653902798,0.3004418262150221,410,445
punjab|faridkot,33.4020618556701,0.35773,11.09387,160.6316,228922,20635,MONITOR,597,0.0942562592047128,0.9617083946980854,634,446
tamil nadu|cuddalore,35.0220913107511,0.20472,15.84198,279.15146,979145,61807,MONITOR,577,0.5272459499263623,0.2297496318114874,558,447
west bengal|kolkata,43.5419734904271,0.21806,12.62339,569.6705,3957483,313504,DEFEND,449,0.2209131075110456,0.304860088365243,380,448
karnataka|koppal,55.63328424153167,0.17861,19.12818,1466.3202,722414,37767,DEVELOP,227,0.759941089837997,0.1134020618556701,201,449
punjab|sri muktsar sahib,33.11487481590575,0.31211,11.83885,147.09147,323828,27353,MONITOR,603,0.1649484536082474,0.833578792341679,627,450
odisha|jajpur,55.06627393225332,0.16811,17.54855,1336.93452,1078499,61458,DEVELOP,237,0.6671575846833578,0.0736377025036818,191,451
west bengal|purulia,38.63033873343152,0.25761,11.57661,410.55561,998795,86277,MONITOR,529,0.1413843888070692,0.5537555228276878,532,452
madhya pradesh|umaria,47.49631811487482,0.22917,18.83337,795.46345,247075,13119,MONITOR,371,0.7437407952871871,0.3696612665684831,393,453
maharashtra|gondia,45.98674521354933,0.21182,17.26167,710.15626,589555,34154,MONITOR,398,0.6450662739322534,0.2739322533136966,384,454
odisha|subarnapur,51.06038291605303,0.22262,19.88343,1053.26171,243572,12250,DEVELOP,303,0.7835051546391752,0.3343151693667157,320,455
rajasthan|nagaur,49.55817378497791,0.12821,19.58248,884.46125,881192,44999,DEVELOP,338,0.7761413843888071,0.0235640648011782,276,456
assam|lakhimpur,37.28276877761414,0.26642,13.84642,398.78169,423368,30576,MONITOR,553,0.3446244477172312,0.6200294550810015,581,457
west bengal|alipurduar,37.72459499263624,0.29143,11.00717,398.58417,621707,56482,MONITOR,544,0.0854197349042709,0.7452135493372607,574,458
rajasthan|deeg,44.13107511045655,0.17426,20.20119,657.76463,666700,33003,MONITOR,437,0.7997054491899853,0.0957290132547864,397,459
gujarat|porbandar,32.61413843888071,0.26303,15.94754,210.68554,161118,10103,MONITOR,607,0.5346097201767305,0.5891016200294551,628,460
odisha|cuttack,51.22238586156112,0.22794,12.39343,935.99708,1711793,138121,DEFEND,301,0.1973490427098674,0.3667157584683357,256,461
punjab|ferozepur,33.136966126656844,0.29387,12.40971,206.4723,386612,31154,MONITOR,602,0.2002945508100147,0.7569955817378498,621,462
odisha|bhadrak,49.47717231222386,0.26122,12.21508,842.27376,794945,65079,DEVELOP,340,0.182621502209131,0.5758468335787923,331,463
uttarakhand|dehradun,40.41973490427099,0.22331,12.48014,495.51949,1944680,155822,DEFEND,497,0.2091310751104565,0.337260677466863,460,464
madhya pradesh|sidhi,47.50368188512519,0.25429,14.75733,789.07344,443502,30053,MONITOR,370,0.4241531664212076,0.524300441826215,391,465
bihar|munger,39.58762886597938,0.28322,11.68896,489.30413,553098,47318,MONITOR,512,0.150220913107511,0.711340206185567,549,466
uttar pradesh|meerut,38.8880706921944,0.24493,10.06975,434.70317,1999429,198558,DEFEND,522,0.0441826215022091,0.4756995581737849,504,467
himachal pradesh|shimla,47.7319587628866,0.13138,45.47139,836.118,434661,9559,MONITOR,365,0.9955817378497792,0.0279823269513991,333,468
madhya pradesh|rajgarh,45.9499263622975,0.26825,11.29354,698.7899,752285,66612,MONITOR,399,0.1192930780559646,0.6332842415316642,408,469
ladakh|leh ladakh,56.03829160530192,0.19023,109.23818,4159.40086,177949,1629,DEVELOP,220,1.0,0.1590574374079528,234,470
tripura|gomati,34.167893961708394,0.21183,24.30709,345.8977,129970,5347,MONITOR,585,0.8924889543446245,0.2754050073637702,604,471
jharkhand|latehar,52.061855670103085,0.1892,25.02321,1239.34249,298677,11936,DEVELOP,285,0.9175257731958762,0.1516936671575846,285,472
tamil nadu|chennai,38.15169366715759,0.1573,14.89286,430.51546,6215686,417360,DEFEND,536,0.4432989690721649,0.0618556701030927,468,473
madhya pradesh|seoni,46.9440353460972,0.22154,16.00241,780.82151,609996,38119,MONITOR,379,0.5434462444771723,0.3269513991163476,368,474
mizoram|aizawl,32.05449189985273,0.48255,10.00567,149.78485,164163,16407,MONITOR,612,0.0382916053019145,0.9985272459499264,645,475
tamil nadu|the nilgiris,37.96023564064801,0.2335,16.99828,477.03117,306989,18060,MONITOR,538,0.6273932253313697,0.3946980854197349,565,476
karnataka|dharwad,51.89248895434463,0.21563,13.24853,1077.88846,1462055,110356,DEFEND,287,0.2945508100147275,0.2916053019145803,247,477
assam|bajali,37.37113402061855,0.38235,10.85228,439.81379,116152,10703,MONITOR,550,0.0795287187039764,0.98379970544919,609,478
madhya pradesh|chhindwara,46.35493372606775,0.20492,15.52434,747.69367,882155,56824,MONITOR,387,0.4992636229749632,0.2326951399116347,345,479
assam|barpeta,41.83357879234168,0.28645,10.06308,574.97486,677950,67370,MONITOR,480,0.0412371134020618,0.7260677466863034,511,480
uttar pradesh|shravasti,32.03240058910162,0.34671,8.98752,166.94249,267873,29805,MONITOR,613,0.0132547864506627,0.946980854197349,641,481
kerala|kottayam,32.54050073637703,0.18102,16.8871,245.74215,888447,52611,MONITOR,608,0.614138438880707,0.1192930780559646,588,482
dadra & nagar haveli & daman & diu|daman,50.59646539027983,0.19602,24.67342,1139.6835,237457,9624,DEVELOP,317,0.9072164948453608,0.1855670103092783,317,483
tamil nadu|viluppuram,33.821796759941094,0.20678,16.21322,311.38194,711501,43884,MONITOR,588,0.5581737849779087,0.2415316642120765,586,483
uttar pradesh|amroha,43.71134020618557,0.23124,14.10099,661.55026,769082,54541,MONITOR,446,0.3696612665684831,0.3843888070692194,424,485
assam|kokrajhar,39.0500736377025,0.26835,13.37168,515.14381,370984,27744,MONITOR,521,0.3033873343151693,0.6347569955817378,562,486
chhattisgarh|surajpur,48.49779086892489,0.18487,24.46804,944.25302,327627,13390,MONITOR,353,0.898379970544919,0.1310751104565537,334,487
madhya pradesh|jabalpur,40.14727540500736,0.23941,10.92988,521.13339,1602539,146620,DEFEND,503,0.0824742268041237,0.4374079528718704,479,488
assam|goalpara,42.628865979381445,0.26485,12.99688,639.1806,482678,37138,MONITOR,463,0.2695139911634757,0.6067746686303387,501,489
rajasthan|jhalawar,46.35493372606775,0.21619,15.79236,784.62691,664353,42068,MONITOR,387,0.5228276877761414,0.2945508100147275,374,490
jammu & kashmir|srinagar,38.637702503681886,0.23932,14.27,498.82678,628879,44070,MONITOR,527,0.3799705449189985,0.4344624447717231,540,491
madhya pradesh|indore,50.4860088365243,0.21945,11.50522,949.39846,4118995,358011,DEFEND,322,0.134020618556701,0.3136966126656848,255,492
madhya pradesh|panna,44.48453608247423,0.23254,16.47001,713.60949,362752,22025,MONITOR,428,0.5832106038291606,0.3917525773195876,446,493
rajasthan|pratapgarh,48.52724594992636,0.18264,23.54524,948.69332,366670,15573,MONITOR,352,0.882179675994109,0.1251840942562592,332,494
maharashtra|mumbai suburban,36.19293078055964,0.22986,10.17106,376.13784,7625449,749720,DEFEND,563,0.0471281296023564,0.3755522827687776,529,495
uttar pradesh|bulandshahr,39.96318114874816,0.23247,11.63384,525.06626,1498671,128820,DEFEND,506,0.1472754050073637,0.390279823269514,480,496
chhattisgarh|balodabazar bhatapara,46.759941089838,0.20002,18.49023,831.50524,448499,24256,MONITOR,381,0.7290132547864506,0.2106038291605302,373,497
chhattisgarh|sarangarh bilaigarh,45.25036818851252,0.22584,17.80519,775.19488,257463,14460,MONITOR,411,0.6848306332842415,0.3505154639175257,430,498
jammu & kashmir|pulwama,44.74226804123712,0.20474,22.07277,759.89736,230528,10444,MONITOR,424,0.8438880706921944,0.2312223858615611,432,499
madhya pradesh|mandsaur,45.71428571428572,0.22578,14.36961,756.15889,784250,54577,MONITOR,405,0.3873343151693667,0.3490427098674521,382,500
tamil nadu|karur,33.75552282768778,0.21899,16.73278,351.61402,453542,27105,MONITOR,592,0.605301914580265,0.3107511045655375,602,501
jharkhand|east singhbhum,41.78939617083947,0.22677,12.58764,596.38966,1272271,101073,DEFEND,481,0.2179675994108983,0.3549337260677467,434,502
chhattisgarh|khairagarh chhuikhadan gandai,45.93519882179676,0.20167,24.80054,829.1234,127822,5154,MONITOR,400,0.910162002945508,0.2179675994108983,420,503
uttarakhand|udham singh nagar,38.55670103092784,0.20142,14.26703,497.44075,1249806,87601,DEFEND,531,0.3784977908689249,0.2164948453608247,499,504
chandigarh|chandigarh,35.68483063328424,0.241,12.88539,390.65451,829123,64346,MONITOR,568,0.2459499263622974,0.4491899852724595,573,505
bihar|sheohar,42.79823269513991,0.2773,13.69672,669.69232,217997,15916,MONITOR,459,0.3298969072164948,0.6774668630338734,522,506
madhya pradesh|rewa,43.77025036818851,0.24695,12.3873,677.50093,841494,67932,MONITOR,444,0.1944035346097201,0.4845360824742268,428,507
chhattisgarh|kondagaon,50.04418262150221,0.17796,37.09188,1171.32473,218397,5888,DEVELOP,329,0.974963181148748,0.1104565537555228,320,508
odisha|khordha,53.10751104565538,0.19732,12.93291,1286.45528,3062384,236790,DEFEND,267,0.2577319587628865,0.1929307805596465,216,509
kerala|alappuzha,31.50220913107511,0.22734,13.35392,206.1805,910417,68176,MONITOR,620,0.3019145802650957,0.3578792341678939,605,510
delhi|north,44.293078055964656,0.186,14.01827,698.5318,2039167,145465,DEFEND,434,0.3578792341678939,0.134020618556701,356,511
dadra & nagar haveli & daman & diu|dadra and nagar haveli,50.61119293078056,0.15688,24.51266,1240.23634,423162,17263,DEVELOP,315,0.8998527245949927,0.0589101620029455,295,512
uttar pradesh|hapur,42.7540500736377,0.23408,13.51332,663.86313,755084,55877,MONITOR,460,0.3151693667157584,0.4005891016200295,454,513
rajasthan|balotra,50.91310751104565,0.10393,23.09567,1246.33621,558892,24199,DEVELOP,306,0.8689248895434463,0.0103092783505154,274,514
haryana|fatehabad,31.929307805596466,0.2524,13.73655,285.45139,479172,34883,MONITOR,614,0.3343151693667157,0.5154639175257731,620,515
odisha|kandhamal,52.91605301914581,0.14474,39.82427,1619.63854,286456,7193,DEVELOP,271,0.9823269513991164,0.0412371134020618,259,516
himachal pradesh|sirmaur,38.71870397643594,0.17059,27.20711,577.16795,286899,10545,MONITOR,524,0.930780559646539,0.0839469808541973,534,517
gujarat|amreli,31.288659793814432,0.18504,20.13141,287.65322,434295,21573,MONITOR,623,0.792341678939617,0.1325478645066274,612,518
uttarakhand|chamoli,47.930780559646536,0.18112,37.1496,1054.14118,145515,3917,MONITOR,360,0.9764359351988218,0.1207658321060382,367,519
manipur|imphal east,30.17673048600884,0.19978,23.21797,262.67427,152751,6579,MONITOR,631,0.8718703976435935,0.2076583210603829,632,519
rajasthan|jodhpur,46.156111929307805,0.18001,13.75814,801.7572,2341306,170176,DEFEND,393,0.3387334315169367,0.1163475699558173,317,521
karnataka|bengaluru urban,53.11487481590574,0.17317,13.53615,1392.5752,20543058,1517644,DEFEND,266,0.3166421207658321,0.0913107511045655,201,522
tamil nadu|namakkal,33.15905743740795,0.1727,16.95403,359.37098,828052,48841,MONITOR,600,0.6200294550810015,0.0883652430044182,580,523
odisha|deogarh,50.60382916053019,0.18794,32.34615,1342.79159,108489,3354,DEVELOP,316,0.9587628865979382,0.1428571428571428,322,524
tamil nadu|dindigul,33.100147275405014,0.20109,14.74482,354.17789,932728,63258,MONITOR,604,0.4212076583210604,0.2150220913107511,584,525
uttar pradesh|bhadohi,30.353460972017672,0.29439,7.22663,199.65679,522081,72244,MONITOR,630,0.0014727540500736,0.7614138438880707,640,526
uttarakhand|pauri garhwal,39.96318114874816,0.18973,22.00017,640.97071,265938,12088,MONITOR,506,0.8409425625920471,0.1561119293078056,520,527
tamil nadu|tiruvannamalai,33.821796759941094,0.20651,14.55939,380.31587,883828,60705,MONITOR,588,0.4035346097201767,0.2385861561119293,579,528
rajasthan|udaipur,43.748159057437405,0.18404,14.45666,717.63751,1439898,99601,DEFEND,445,0.3946980854197349,0.1266568483063328,376,529
uttar pradesh|ghaziabad,38.82916053019146,0.2187,10.71526,543.43137,4061254,379016,DEFEND,523,0.06480117820324,0.3078055964653903,480,530
uttar pradesh|chitrakoot,31.61266568483063,0.31091,9.82887,304.64195,304813,31012,MONITOR,617,0.03240058910162,0.8247422680412371,638,531
himachal pradesh|mandi,31.84830633284242,0.13261,24.52486,370.88552,378762,15444,MONITOR,615,0.9013254786450664,0.0309278350515463,605,532
madhya pradesh|maihar,44.38144329896907,0.21334,17.3347,818.98912,301225,17377,MONITOR,432,0.6494845360824743,0.2827687776141384,434,533
assam|dhubri,37.511045655375554,0.25936,11.1027,528.65556,704855,63485,MONITOR,548,0.0986745213549337,0.5655375552282769,558,534
chhattisgarh|dhamtari,39.734904270986746,0.19359,19.49172,648.86341,297814,15279,MONITOR,509,0.7746686303387335,0.1737849779086892,524,535
chhattisgarh|gariaband,45.59646539027983,0.17512,26.68224,933.75019,211270,7918,MONITOR,407,0.9278350515463918,0.09720176730486,406,536
madhya pradesh|niwari,40.39764359351988,0.23423,16.6669,665.62466,167319,10039,MONITOR,498,0.6023564064801178,0.4020618556701031,540,537
madhya pradesh|anuppur,39.15316642120766,0.26502,12.94331,605.2443,325563,25153,MONITOR,519,0.2606774668630339,0.6082474226804123,560,538
delhi|new delhi,47.96759941089839,0.17409,13.94464,992.84475,1776422,127391,DEFEND,359,0.353460972017673,0.0942562592047128,290,539
uttar pradesh|jhansi,36.18556701030928,0.2386,11.02493,482.65436,1127343,102254,MONITOR,564,0.0898379970544919,0.4256259204712813,551,540
uttar pradesh|bijnor,33.57879234167894,0.2358,10.56912,380.71291,1286473,121720,DEFEND,594,0.0589101620029455,0.4123711340206185,583,541
madhya pradesh|balaghat,42.304860088365245,0.20438,14.90373,714.72594,737407,49478,MONITOR,471,0.4447717231222385,0.2268041237113402,438,542
rajasthan|chittorgarh,45.6259204712813,0.17362,15.87034,892.70442,881264,55529,MONITOR,406,0.5301914580265096,0.0927835051546391,347,543
madhya pradesh|khandwa,43.37260677466863,0.23468,13.57367,777.01985,590699,43518,MONITOR,450,0.3225331369661267,0.4079528718703976,457,543
madhya pradesh|shajapur,43.240058910162,0.25928,12.47295,779.13622,474022,38004,MONITOR,454,0.2061855670103092,0.5640648011782032,486,545
tamil nadu|ariyalur,30.8100147275405,0.17655,22.0688,370.23588,267209,12108,MONITOR,626,0.8424153166421208,0.1045655375552282,619,546
chhattisgarh|dantewada,51.737849779086886,0.14988,52.62681,2474.35226,123252,2342,DEVELOP,289,0.9970544918998528,0.0500736377025036,298,547
assam|south salmara mankachar,40.61855670103093,0.27205,13.1375,689.20394,164915,12553,MONITOR,494,0.284241531664212,0.6509572901325479,552,548
karnataka|ballari,49.27835051546392,0.19676,14.31065,1244.9337,945047,66038,MONITOR,342,0.3814432989690721,0.1885125184094256,298,549
tamil nadu|vellore,34.23416789396171,0.18639,15.48207,465.67029,821262,53046,MONITOR,584,0.4977908689248895,0.1354933726067746,572,549
jammu & kashmir|kathua,38.43151693667158,0.17264,22.8481,646.79949,260377,11396,MONITOR,534,0.8615611192930781,0.0868924889543446,539,551
punjab|moga,27.997054491899853,0.28363,11.13784,147.64738,319177,28657,MONITOR,642,0.1030927835051546,0.7142857142857143,656,552
rajasthan|ajmer,45.029455081001466,0.20493,12.39299,846.53748,1477232,119199,DEFEND,418,0.1958762886597938,0.2341678939617084,361,553
rajasthan|sirohi,43.20324005891016,0.16963,18.31502,827.168,498425,27214,MONITOR,455,0.7187039764359352,0.08100147275405,425,554
rajasthan|bharatpur,44.079528718703976,0.19962,15.00835,841.22894,709955,47304,MONITOR,438,0.455081001472754,0.2047128129602356,404,555
haryana|ambala,30.014727540500736,0.23447,12.98478,300.23868,650109,50067,MONITOR,632,0.2636229749631811,0.406480117820324,625,556
chhattisgarh|gaurela pendra marwahi,41.09720176730486,0.19983,19.8723,753.6237,148923,7494,MONITOR,489,0.7820324005891016,0.2091310751104565,513,557
madhya pradesh|khargone,39.99263622974963,0.23384,12.3785,665.49271,795653,64277,MONITOR,505,0.1929307805596465,0.3961708394698085,506,558
odisha|jagatsinghpur,47.62150220913107,0.19918,15.6466,1168.70372,606478,38761,MONITOR,367,0.5110456553755522,0.2017673048600883,335,559
tamil nadu|nagapattinam,27.97496318114875,0.27334,12.722,233.4992,207623,16320,MONITOR,643,0.2297496318114874,0.6568483063328424,658,560
uttarakhand|uttarkashi,39.41089837997055,0.16845,29.05413,706.67594,117001,4027,MONITOR,516,0.942562592047128,0.0751104565537555,535,561
punjab|malerkotla,27.378497790868924,0.26051,13.90131,209.71789,155514,11187,MONITOR,648,0.3490427098674521,0.5714285714285714,659,562
rajasthan|karauli,45.02209131075111,0.20417,15.2272,943.38088,605403,39758,MONITOR,419,0.4771723122238586,0.2253313696612665,397,563
karnataka|davanagere,44.42562592047128,0.22749,11.43401,844.90868,1037636,90750,MONITOR,431,0.1296023564064801,0.3608247422680412,396,564
tripura|dhalai,35.13254786450663,0.13535,39.29728,568.75476,115534,2940,MONITOR,573,0.9808541973490428,0.0338733431516936,590,565
tamil nadu|virudhunagar,28.659793814432987,0.18184,15.9771,280.99574,685785,42923,MONITOR,637,0.5390279823269514,0.1222385861561119,623,565
himachal pradesh|bilaspur,33.77025036818851,0.14298,30.32456,525.83231,162388,5355,MONITOR,591,0.9484536082474226,0.0353460972017673,599,567
chhattisgarh|bijapur,50.53019145802651,0.12046,85.75965,4009.17846,106685,1244,DEVELOP,320,0.9985272459499264,0.01620029455081,313,568
rajasthan|churu,38.54933726067748,0.11711,15.5244,648.66132,1087096,70025,MONITOR,532,0.5007363770250368,0.0132547864506627,483,569
delhi|west,37.511045655375554,0.191,12.17528,585.16184,2163729,177715,DEFEND,548,0.1811487481590574,0.1620029455081001,500,570
odisha|gajapati,44.675994108983794,0.19569,18.54831,1000.11736,230741,12440,MONITOR,426,0.7319587628865979,0.182621502209131,428,571
tripura|sepahijala,27.80559646539028,0.18837,21.85661,298.38304,121938,5579,MONITOR,644,0.8379970544918999,0.1443298969072164,646,572
uttar pradesh|muzaffarnagar,32.65095729013255,0.2316,9.35093,413.11952,1259729,134717,DEFEND,606,0.0220913107511045,0.3858615611192931,592,573
tamil nadu|tirupathur,33.32106038291606,0.20832,14.62966,488.21991,611315,41786,MONITOR,598,0.4153166421207658,0.2547864506627393,596,574
karnataka|vijayanagara,46.93667157584683,0.19886,14.77162,1168.60353,697767,47237,MONITOR,380,0.4256259204712813,0.2002945508100147,343,575
madhya pradesh|bhopal,38.63770250368188,0.21109,8.09686,637.35758,2930803,361968,DEFEND,528,0.0029455081001472,0.2709867452135493,482,576
haryana|faridabad,36.421207658321066,0.20915,9.32217,562.58165,2760927,296168,DEFEND,561,0.0206185567010309,0.2606774668630339,522,577
jammu & kashmir|doda,42.40795287187039,0.08222,33.66841,913.85162,147939,4394,MONITOR,469,0.9631811487481592,0.0044182621502209,470,578
uttar pradesh|lalitpur,31.21502209131075,0.26431,10.60377,402.50096,501972,47339,MONITOR,624,0.0603829160530191,0.6038291605301914,628,578
jharkhand|koderma,45.49337260677467,0.20051,16.45845,1128.43715,370924,22537,MONITOR,409,0.5802650957290133,0.2135493372606774,404,580
madhya pradesh|damoh,32.90868924889543,0.23,13.54012,489.76674,495257,36577,MONITOR,605,0.3181148748159057,0.3770250368188512,607,581
madhya pradesh|barwani,38.50515463917525,0.21443,14.59827,678.38992,514005,35210,MONITOR,533,0.4138438880706921,0.2857142857142857,536,582
uttar pradesh|mahoba,31.325478645066276,0.27388,10.87621,421.17877,346353,31845,MONITOR,622,0.08100147275405,0.6597938144329897,634,583
madhya pradesh|dindori,35.60382916053019,0.17541,19.35075,615.48916,263383,13611,MONITOR,570,0.7643593519882179,0.0986745213549337,577,584
uttarakhand|almora,34.36671575846834,0.09031,25.89669,584.64244,180992,6989,MONITOR,582,0.9204712812960236,0.0058910162002945,591,585
odisha|balasore,40.1620029455081,0.20243,12.3392,717.47228,1217410,98662,DEFEND,502,0.1885125184094256,0.219440353460972,467,586
delhi|north west,35.24300441826215,0.18249,12.03934,557.21633,2150430,178617,DEFEND,571,0.1737849779086892,0.1237113402061855,533,587
karnataka|gadag,45.0441826215022,0.15388,17.38504,1136.77614,513867,29558,MONITOR,417,0.658321060382916,0.0530191458026509,387,588
delhi|shahdara,33.75552282768777,0.20882,11.11807,509.37385,1370880,123302,DEFEND,593,0.1001472754050073,0.2577319587628865,571,589
madhya pradesh|tikamgarh,34.43298969072165,0.22222,14.4208,568.06291,418578,29026,MONITOR,581,0.3917525773195876,0.3328424153166421,597,590
jammu & kashmir|ramban,43.08541973490427,0.08123,30.73339,1040.97693,110548,3597,MONITOR,457,0.95139911634757,0.0029455081001472,461,591
madhya pradesh|betul,35.92783505154639,0.19976,13.88626,609.10698,729487,52533,MONITOR,566,0.3475699558173785,0.2061855670103092,553,592
haryana|bhiwani,34.14580265095729,0.16451,16.28501,567.50762,635555,39027,MONITOR,586,0.5625920471281296,0.0677466863033873,575,593
manipur|thoubal,25.11045655375552,0.10266,27.43128,255.94643,121356,4424,MONITOR,659,0.9322533136966128,0.0088365243004418,657,594
jharkhand|hazaribag,41.01620029455081,0.19797,12.73677,799.40625,1040823,81718,MONITOR,490,0.2326951399116347,0.1958762886597938,450,595
jammu & kashmir|budgam,33.254786450662735,0.15705,18.98342,563.30023,295344,15558,MONITOR,599,0.7525773195876289,0.0603829160530191,599,596
himachal pradesh|chamba,28.4020618556701,-0.0262,24.42402,398.36316,182594,7476,MONITOR,639,0.8969072164948454,0.0,637,597
rajasthan|sikar,39.41089837997055,0.14537,12.99094,713.88325,1831450,140979,DEFEND,516,0.2650957290132548,0.0427098674521354,446,598
jammu & kashmir|samba,33.48306332842415,0.2104,16.30959,567.9277,226948,13915,MONITOR,595,0.5655375552282769,0.2695139911634757,608,599
kerala|pathanamthitta,25.294550810014726,0.19494,15.55045,228.86462,487491,31349,MONITOR,658,0.5036818851251841,0.1796759941089838,652,600
jammu & kashmir|udhampur,37.09867452135493,0.14455,21.13041,703.39354,229751,10873,MONITOR,555,0.8232695139911634,0.0397643593519882,555,601
meghalaya|west garo hills,37.87923416789396,0.12692,22.75545,737.2163,198200,8710,MONITOR,540,0.8586156111929307,0.0206185567010309,545,602
jharkhand|dhanbad,31.826215022091308,0.21673,9.0763,463.091,1460404,160903,DEFEND,616,0.0147275405007363,0.2974963181148748,593,603
rajasthan|kota,35.125184094256255,0.21319,8.94205,570.06194,1566004,175128,DEFEND,574,0.0117820324005891,0.2798232695139911,547,604
punjab|pathankot,27.40058910162003,0.24239,12.99421,339.32139,332301,25573,MONITOR,647,0.268041237113402,0.4565537555228277,651,605
rajasthan|rajsamand,38.69661266568483,0.16575,16.34447,747.34999,575113,35187,MONITOR,525,0.5714285714285714,0.0706921944035346,512,606
delhi|central,37.54786450662739,0.19145,10.95877,660.41448,2295062,209427,DEFEND,547,0.0839469808541973,0.1649484536082474,498,607
haryana|charkhi dadri,37.76877761413844,0.11748,20.46857,740.99609,261445,12773,MONITOR,543,0.8085419734904271,0.0147275405007363,544,608
madhya pradesh|sehore,37.96023564064801,0.23611,10.73946,697.40327,747638,69616,MONITOR,538,0.0662739322533137,0.4167893961708395,542,609
madhya pradesh|satna,33.78497790868925,0.23027,11.47287,564.17542,704595,61414,MONITOR,590,0.1325478645066274,0.3784977908689249,594,610
haryana|karnal,27.7319587628866,0.20471,12.43064,344.36488,925983,74492,MONITOR,645,0.2017673048600883,0.2282768777614138,631,611
chhattisgarh|durg,35.63328424153166,0.20751,11.16092,621.93593,1150479,103081,MONITOR,569,0.1045655375552282,0.2488954344624447,546,612
tamil nadu|theni,26.458026509572907,0.22626,12.97737,310.00816,516798,39823,MONITOR,652,0.2621502209131075,0.3519882179675994,649,613
assam|dima hasao,37.349042709867454,0.156,21.68627,759.98461,102858,4743,MONITOR,552,0.8365243004418262,0.0574374079528718,561,614
delhi|south west,35.103092783505154,0.18006,11.00964,599.21902,2807436,254998,DEFEND,575,0.0868924889543446,0.117820324005891,528,615
rajasthan|deedwana kuchaman,37.36377025036819,0.16433,14.39515,708.14608,871497,60541,MONITOR,551,0.3888070692194403,0.0662739322533137,516,616
rajasthan|kotputli behror,41.759941089838,0.14409,14.77327,944.18953,851871,57663,MONITOR,482,0.4270986745213549,0.0382916053019145,423,617
madhya pradesh|singrauli,41.28129602356407,0.19335,14.55968,935.96759,598461,41104,MONITOR,485,0.4050073637702504,0.1708394698085419,473,618
jharkhand|bokaro,36.42857142857143,0.20614,11.3445,675.51905,1045849,92190,MONITOR,560,0.1207658321060382,0.2371134020618556,538,619
madhya pradesh|sheopur,30.52282768777614,0.26022,11.42266,502.05693,266068,23293,MONITOR,627,0.1266568483063328,0.5670103092783505,638,620
delhi|south east,33.43151693667158,0.1939,8.87117,566.1341,2525338,284668,DEFEND,596,0.0088365243004418,0.1767304860088365,557,621
punjab|fazilka,23.65979381443299,0.21893,13.0193,227.12383,502467,38594,MONITOR,661,0.2724594992636229,0.3092783505154639,662,622
gujarat|junagadh,23.04860088365243,0.22767,12.81724,155.2954,447860,34942,MONITOR,666,0.2415316642120765,0.3637702503681885,668,623
madhya pradesh|narsinghpur,31.50220913107511,0.2294,11.97599,536.60175,559578,46725,MONITOR,620,0.1678939617083946,0.3711340206185567,615,624
haryana|mahendragarh,37.76877761413844,0.12799,16.37498,787.46677,549446,33554,MONITOR,542,0.572901325478645,0.0220913107511045,526,625
madhya pradesh|neemuch,36.64948453608248,0.19953,14.55014,721.91525,487255,33488,MONITOR,559,0.4020618556701031,0.203240058910162,556,626
uttar pradesh|shamli,28.232695139911637,0.24847,8.85317,409.48437,602945,68105,MONITOR,640,0.0073637702503681,0.4889543446244477,643,627
odisha|dhenkanal,39.57290132547865,0.21524,12.90527,857.46676,574091,44485,MONITOR,513,0.251840942562592,0.2886597938144329,518,628
uttarakhand|pithoragarh,27.628865979381445,0.10767,20.29379,457.95692,172416,8496,MONITOR,646,0.8041237113402062,0.0117820324005891,643,629
west bengal|jhargram,28.586156111929306,0.2254,13.3757,462.28027,364140,27224,MONITOR,638,0.304860088365243,0.3446244477172312,642,630
haryana|hisar,27.098674521354937,0.19422,11.52392,376.82573,1127535,97843,MONITOR,650,0.1354933726067746,0.1782032400589101,630,631
rajasthan|khairthal tijara,39.42562592047128,0.16872,13.37905,844.31836,940761,70316,MONITOR,515,0.3063328424153166,0.0765832106038291,477,632
tripura|south tripura,23.20324005891016,0.16998,18.93893,280.79158,120944,6386,MONITOR,663,0.748159057437408,0.0824742268041237,667,633
madhya pradesh|shahdol,32.18703976435935,0.23396,11.72385,580.73076,493527,42096,MONITOR,610,0.1546391752577319,0.3991163475699558,613,634
rajasthan|alwar,36.93667157584684,0.1343,12.85326,739.92879,1286894,100122,DEFEND,557,0.2444771723122238,0.03240058910162,507,635
rajasthan|bhilwara,38.68924889543446,0.17753,11.40001,807.55705,1480816,129896,DEFEND,526,0.1237113402061855,0.1089837997054491,478,636
rajasthan|sri ganganagar,33.939617083946985,0.14938,12.76261,642.69149,1227393,96171,DEFEND,587,0.2371134020618556,0.04860088365243,554,637
haryana|kaithal,22.459499263622973,0.25238,8.9039,155.6233,492920,55360,MONITOR,668,0.0103092783505154,0.5139911634756995,670,637
haryana|jind,23.24742268041237,0.22165,11.65178,257.0434,607617,52148,MONITOR,662,0.1487481590574374,0.3284241531664212,663,639
delhi|south,34.36671575846834,0.17733,11.18784,657.6435,1483295,132581,DEFEND,582,0.1089837997054491,0.1075110456553755,547,640
jammu & kashmir|ganderbal,26.266568483063324,0.18466,17.38294,436.58732,128599,7398,MONITOR,653,0.6553755522827688,0.1296023564064801,654,641
rajasthan|jaipur,37.79086892488954,0.15913,9.8309,783.16705,7999367,813696,DEFEND,541,0.0338733431516936,0.0633284241531664,474,642
rajasthan|jhunjhunu,32.135493372606774,0.12926,12.8081,593.67626,1242437,97004,DEFEND,611,0.2400589101620029,0.0265095729013254,577,643
gujarat|gir somnath,22.297496318114877,0.21505,13.39641,247.09355,395797,29545,MONITOR,669,0.3078055964653903,0.2871870397643593,669,644
haryana|yamunanagar,23.0559646539028,0.20285,12.72298,286.16461,626454,49238,MONITOR,665,0.2312223858615611,0.2238586156111929,661,645
rajasthan|beawar,36.023564064801185,0.20973,12.29692,771.71429,618043,50260,MONITOR,565,0.187039764359352,0.2636229749631811,566,646
uttarakhand|nainital,25.47864506627393,0.20681,12.07758,398.69172,653240,54087,MONITOR,657,0.1767304860088365,0.2430044182621502,648,647
madhya pradesh|datia,29.47717231222386,0.21605,13.15684,564.64288,354340,26932,MONITOR,634,0.2886597938144329,0.2930780559646539,636,648
chhattisgarh|mahasamund,30.86156111929308,0.18761,14.48673,618.74369,450856,31122,MONITOR,625,0.3976435935198821,0.1399116347569955,614,649
rajasthan|hanumangarh,29.256259204712816,0.14992,12.76305,549.15635,945946,74116,MONITOR,635,0.2385861561119293,0.0515463917525773,610,650
odisha|boudh,35.08100147275405,0.14871,17.46838,821.94589,168203,9629,MONITOR,576,0.6612665684830633,0.0471281296023564,587,651
delhi|north east,27.216494845360828,0.1877,10.18931,474.48485,1227659,120485,DEFEND,649,0.04860088365243,0.1413843888070692,624,652
puducherry|puducherry,23.89543446244477,0.16532,14.32524,382.10533,585100,40844,MONITOR,660,0.3843888070692194,0.0692194403534609,655,653
uttar pradesh|hamirpur,25.90574374079529,0.19328,14.14276,471.09822,409645,28965,MONITOR,655,0.3711340206185567,0.1693667157584683,650,654
haryana|palwal,32.40058910162003,0.21116,9.78897,667.21248,797664,81486,MONITOR,609,0.0309278350515463,0.2724594992636229,599,655
gujarat|bhavnagar,20.331369661266567,0.13172,12.75953,204.49765,956952,74999,MONITOR,672,0.235640648011782,0.0294550810014727,664,656
delhi|east,29.94108983799705,0.17589,10.13086,580.64553,1410783,139256,DEFEND,633,0.0456553755522827,0.1001472754050073,603,657
rajasthan|bundi,31.57584683357879,0.20698,12.39404,665.14577,528271,42623,MONITOR,618,0.198821796759941,0.2444771723122238,611,658
himachal pradesh|una,20.905743740795288,0.17665,15.97805,299.95429,229301,14351,MONITOR,671,0.540500736377025,0.1060382916053019,672,659
tamil nadu|mayiladuthurai,19.55817378497791,0.23091,11.99382,192.39019,295000,24596,MONITOR,673,0.1693667157584683,0.3829160530191458,675,660
rajasthan|sawai madhopur,31.53166421207658,0.12904,13.71388,677.60162,691207,50402,MONITOR,619,0.3313696612665684,0.0250368188512518,598,661
jharkhand|ramgarh,34.48453608247423,0.18945,13.09642,805.87723,535722,40906,MONITOR,579,0.2768777614138439,0.1531664212076583,581,662
madhya pradesh|burhanpur,22.245949926362297,0.24642,6.90639,369.55357,343006,49665,MONITOR,670,0.0,0.4830633284241531,671,663
rajasthan|salumber,25.99410898379971,0.17833,15.7574,530.10479,187970,11929,MONITOR,654,0.5198821796759941,0.1119293078055964,653,664
chhattisgarh|korea,30.52282768777614,0.17612,16.32219,683.0915,125942,7716,MONITOR,627,0.5684830633284241,0.101620029455081,626,665
chhattisgarh|sakti,30.39027982326952,0.15426,15.47617,675.83489,312402,20186,MONITOR,629,0.4963181148748159,0.0544918998527245,618,666
jammu & kashmir|shopian,25.52282768777614,0.24267,11.56425,509.59816,136065,11766,MONITOR,656,0.1399116347569955,0.4624447717231222,665,667
rajasthan|dausa,33.144329896907216,0.14762,12.06806,779.52299,876805,72655,MONITOR,601,0.1752577319587628,0.0456553755522827,575,668
himachal pradesh|hamirpur,18.18851251840942,0.14305,16.01378,272.20682,220830,13790,MONITOR,676,0.5463917525773195,0.0368188512518409,676,669
haryana|kurukshetra,18.195876288659797,0.20959,10.4032,257.66191,557185,53559,MONITOR,675,0.0530191458026509,0.2621502209131075,674,670
gujarat|botad,19.0279823269514,-0.00338,15.33751,340.09445,317962,20731,MONITOR,674,0.4860088365243004,0.0014727540500736,673,671
jharkhand|chatra,29.057437407952868,0.2028,12.34753,681.02653,388651,31476,MONITOR,636,0.1899852724594992,0.2223858615611192,633,672
jammu & kashmir|kupwara,23.136966126656848,0.19174,13.00653,506.98185,314641,24191,MONITOR,664,0.2709867452135493,0.166421207658321,666,673
odisha|nayagarh,27.03976435935199,0.21853,10.48202,640.48598,413390,39438,MONITOR,651,0.0544918998527245,0.3063328424153166,647,674
haryana|nuh,28.195876288659797,0.12167,11.0228,708.26849,858037,77842,MONITOR,641,0.0883652430044182,0.0176730486008836,617,675
rajasthan|tonk,22.540500736377023,0.1606,9.92369,587.2423,687950,69324,MONITOR,667,0.0353460972017673,0.06480117820324,660,676
jammu & kashmir|baramulla,15.441826215022092,0.17863,11.12008,356.11944,452576,40699,MONITOR,677,0.101620029455081,0.1148748159057437,677,677
jammu & kashmir|kulgam,15.427098674521355,0.19828,11.42016,409.39893,180724,15825,MONITOR,678,0.1251840942562592,0.198821796759941,678,678
jammu & kashmir|anantnag,13.29896907216495,0.18858,10.25281,329.50526,396835,38705,MONITOR,679,0.0515463917525773,0.1458026509572901,679,679
jammu & kashmir|bandipore,11.656848306332842,0.16672,11.78157,404.93592,143040,12141,MONITOR,680,0.1605301914580265,0.0721649484536082,680,680
