State,Period ID,Retail Transactions
andaman & nicobar islands,8072,6656
andaman & nicobar islands,8073,10462
andaman & nicobar islands,8074,13138
andaman & nicobar islands,8075,18359
andaman & nicobar islands,8076,24638
andaman & nicobar islands,8077,27418
andaman & nicobar islands,8078,21707
andaman & nicobar islands,8079,18325
andaman & nicobar islands,8080,23473
andaman & nicobar islands,8081,43610
andaman & nicobar islands,8082,76639
andaman & nicobar islands,8083,132834
andaman & nicobar islands,8084,86168
andaman & nicobar islands,8085,123565
andaman & nicobar islands,8086,169369
andaman & nicobar islands,8087,259587
andaman & nicobar islands,8088,396140
andaman & nicobar islands,8089,629016
andaman & nicobar islands,8090,866124
andaman & nicobar islands,8091,1130336
andaman & nicobar islands,8092,1254352
andaman & nicobar islands,8093,1593082
andaman & nicobar islands,8094,1795799
andaman & nicobar islands,8095,2204624
andaman & nicobar islands,8096,2483253
andaman & nicobar islands,8097,2830230
andaman & nicobar islands,8098,3128743
andaman & nicobar islands,8099,3637868
andaman & nicobar islands,8100,3813109
andaman & nicobar islands,8101,3953793
andaman & nicobar islands,8102,4184644
andaman & nicobar islands,8103,4719538
andaman & nicobar islands,8104,4993199
andaman & nicobar islands,8105,4915599
andhra pradesh,8072,6888562
andhra pradesh,8073,8191674
andhra pradesh,8074,9823208
andhra pradesh,8075,14242724
andhra pradesh,8076,21565529
andhra pradesh,8077,29006645
andhra pradesh,8078,38574125
andhra pradesh,8079,48905204
andhra pradesh,8080,58613484
andhra pradesh,8081,58995509
andhra pradesh,8082,90557252
andhra pradesh,8083,118472460
andhra pradesh,8084,122228605
andhra pradesh,8085,137701586
andhra pradesh,8086,195005296
andhra pradesh,8087,223299270
andhra pradesh,8088,295596425
andhra pradesh,8089,357185042
andhra pradesh,8090,425082142
andhra pradesh,8091,468020065
andhra pradesh,8092,526737073
andhra pradesh,8093,613447829
andhra pradesh,8094,730559498
andhra pradesh,8095,800499764
andhra pradesh,8096,907194749
andhra pradesh,8097,1043588059
andhra pradesh,8098,1154960340
andhra pradesh,8099,1284541504
andhra pradesh,8100,1349213113
andhra pradesh,8101,1445602514
andhra pradesh,8102,1575163628
andhra pradesh,8103,1696774348
andhra pradesh,8104,1812911085
andhra pradesh,8105,1978617733
arunachal pradesh,8072,40846
arunachal pradesh,8073,69003
arunachal pradesh,8074,102215
arunachal pradesh,8075,141727
arunachal pradesh,8076,175799
arunachal pradesh,8077,235969
arunachal pradesh,8078,246085
arunachal pradesh,8079,245850
arunachal pradesh,8080,284879
arunachal pradesh,8081,407472
arunachal pradesh,8082,466194
arunachal pradesh,8083,498430
arunachal pradesh,8084,268630
arunachal pradesh,8085,357066
arunachal pradesh,8086,445416
arunachal pradesh,8087,624665
arunachal pradesh,8088,974159
arunachal pradesh,8089,1560097
arunachal pradesh,8090,2127733
arunachal pradesh,8091,2753357
arunachal pradesh,8092,3193883
arunachal pradesh,8093,4518172
arunachal pradesh,8094,5692334
arunachal pradesh,8095,6707771
arunachal pradesh,8096,7729487
arunachal pradesh,8097,9939346
arunachal pradesh,8098,12397130
arunachal pradesh,8099,13968413
arunachal pradesh,8100,15250004
arunachal pradesh,8101,17910730
arunachal pradesh,8102,21332176
arunachal pradesh,8103,20914837
arunachal pradesh,8104,20987088
arunachal pradesh,8105,24690742
assam,8072,917663
assam,8073,1336377
assam,8074,1729859
assam,8075,2764241
assam,8076,2757939
assam,8077,3193461
assam,8078,3051698
assam,8079,2890501
assam,8080,3406812
assam,8081,4571702
assam,8082,4773287
assam,8083,5154466
assam,8084,3579513
assam,8085,4119253
assam,8086,6486596
assam,8087,10034417
assam,8088,16994856
assam,8089,24578300
assam,8090,34972826
assam,8091,41152378
assam,8092,49721049
assam,8093,62198937
assam,8094,80789947
assam,8095,93896583
assam,8096,108690485
assam,8097,143706811
assam,8098,159283968
assam,8099,178000773
assam,8100,202129241
assam,8101,228314633
assam,8102,257785154
assam,8103,262799498
assam,8104,280234793
assam,8105,314710936
bihar,8072,4816218
bihar,8073,6197442
bihar,8074,6195903
bihar,8075,8778363
bihar,8076,10134940
bihar,8077,13444865
bihar,8078,14352593
bihar,8079,13833728
bihar,8080,16415988
bihar,8081,18443012
bihar,8082,26489558
bihar,8083,37187582
bihar,8084,33189718
bihar,8085,42188486
bihar,8086,60516429
bihar,8087,80117478
bihar,8088,110204201
bihar,8089,149362668
bihar,8090,172516214
bihar,8091,219181745
bihar,8092,256728191
bihar,8093,339365938
bihar,8094,364225692
bihar,8095,471333078
bihar,8096,544022949
bihar,8097,693433446
bihar,8098,710563604
bihar,8099,820470734
bihar,8100,800286778
bihar,8101,980327979
bihar,8102,1002602349
bihar,8103,1119034346
bihar,8104,1152850594
bihar,8105,1295213536
chandigarh,8072,135274
chandigarh,8073,171635
chandigarh,8074,197262
chandigarh,8075,279421
chandigarh,8076,360000
chandigarh,8077,534131
chandigarh,8078,746995
chandigarh,8079,812438
chandigarh,8080,890041
chandigarh,8081,500782
chandigarh,8082,925689
chandigarh,8083,1450083
chandigarh,8084,1728889
chandigarh,8085,1673769
chandigarh,8086,2650201
chandigarh,8087,2956450
chandigarh,8088,3654287
chandigarh,8089,4970069
chandigarh,8090,5882444
chandigarh,8091,6381514
chandigarh,8092,6679868
chandigarh,8093,8001836
chandigarh,8094,9100188
chandigarh,8095,9344696
chandigarh,8096,9276490
chandigarh,8097,11519996
chandigarh,8098,12269851
chandigarh,8099,12890043
chandigarh,8100,13786138
chandigarh,8101,14246760
chandigarh,8102,15506364
chandigarh,8103,15785608
chandigarh,8104,15927532
chandigarh,8105,17838348
chhattisgarh,8072,1589599
chhattisgarh,8073,2124217
chhattisgarh,8074,2435063
chhattisgarh,8075,3372461
chhattisgarh,8076,4062272
chhattisgarh,8077,5256226
chhattisgarh,8078,6394057
chhattisgarh,8079,7244686
chhattisgarh,8080,8600738
chhattisgarh,8081,8614241
chhattisgarh,8082,12030721
chhattisgarh,8083,18163320
chhattisgarh,8084,19091610
chhattisgarh,8085,19178737
chhattisgarh,8086,33321770
chhattisgarh,8087,42220296
chhattisgarh,8088,57726019
chhattisgarh,8089,73440835
chhattisgarh,8090,87352711
chhattisgarh,8091,102175844
chhattisgarh,8092,113977816
chhattisgarh,8093,136171929
chhattisgarh,8094,158512662
chhattisgarh,8095,183166600
chhattisgarh,8096,209330663
chhattisgarh,8097,241644172
chhattisgarh,8098,260777393
chhattisgarh,8099,296276945
chhattisgarh,8100,292745236
chhattisgarh,8101,320942200
chhattisgarh,8102,346929895
chhattisgarh,8103,369466099
chhattisgarh,8104,381331900
chhattisgarh,8105,402505854
dadra & nagar haveli & daman & diu,8072,124310
dadra & nagar haveli & daman & diu,8073,150355
dadra & nagar haveli & daman & diu,8074,190778
dadra & nagar haveli & daman & diu,8075,240461
dadra & nagar haveli & daman & diu,8076,285372
dadra & nagar haveli & daman & diu,8077,324440
dadra & nagar haveli & daman & diu,8078,371757
dadra & nagar haveli & daman & diu,8079,375567
dadra & nagar haveli & daman & diu,8080,459843
dadra & nagar haveli & daman & diu,8081,483124
dadra & nagar haveli & daman & diu,8082,633739
dadra & nagar haveli & daman & diu,8083,1023837
dadra & nagar haveli & daman & diu,8084,969125
dadra & nagar haveli & daman & diu,8085,1065450
dadra & nagar haveli & daman & diu,8086,1727177
dadra & nagar haveli & daman & diu,8087,2297983
dadra & nagar haveli & daman & diu,8088,3219540
dadra & nagar haveli & daman & diu,8089,4326687
dadra & nagar haveli & daman & diu,8090,5333300
dadra & nagar haveli & daman & diu,8091,6545310
dadra & nagar haveli & daman & diu,8092,7186722
dadra & nagar haveli & daman & diu,8093,8303022
dadra & nagar haveli & daman & diu,8094,9373489
dadra & nagar haveli & daman & diu,8095,11546558
dadra & nagar haveli & daman & diu,8096,13145056
dadra & nagar haveli & daman & diu,8097,14877323
dadra & nagar haveli & daman & diu,8098,15976900
dadra & nagar haveli & daman & diu,8099,18263646
dadra & nagar haveli & daman & diu,8100,18323342
dadra & nagar haveli & daman & diu,8101,19481392
dadra & nagar haveli & daman & diu,8102,21544940
dadra & nagar haveli & daman & diu,8103,22194792
dadra & nagar haveli & daman & diu,8104,23012051
dadra & nagar haveli & daman & diu,8105,22891864
delhi,8072,2985448
delhi,8073,3933398
delhi,8074,7857195
delhi,8075,16093319
delhi,8076,20659076
delhi,8077,25329627
delhi,8078,32091616
delhi,8079,31670633
delhi,8080,33050230
delhi,8081,25679771
delhi,8082,36733987
delhi,8083,50818263
delhi,8084,56615267
delhi,8085,54742475
delhi,8086,82693069
delhi,8087,91396064
delhi,8088,118196322
delhi,8089,159256415
delhi,8090,193226144
delhi,8091,213906227
delhi,8092,241528649
delhi,8093,293401714
delhi,8094,339588954
delhi,8095,373762989
delhi,8096,411667423
delhi,8097,509081017
delhi,8098,552938672
delhi,8099,597843647
delhi,8100,618162326
delhi,8101,662259192
delhi,8102,714113988
delhi,8103,727159498
delhi,8104,729639080
delhi,8105,802878308
goa,8072,115688
goa,8073,155786
goa,8074,206471
goa,8075,301078
goa,8076,405891
goa,8077,527008
goa,8078,625843
goa,8079,742233
goa,8080,920792
goa,8081,763049
goa,8082,966368
goa,8083,1953066
goa,8084,2615744
goa,8085,2174178
goa,8086,3288618
goa,8087,5639629
goa,8088,7310623
goa,8089,8797632
goa,8090,10069731
goa,8091,13577360
goa,8092,14541027
goa,8093,16228200
goa,8094,16701945
goa,8095,21043935
goa,8096,22126561
goa,8097,23876060
goa,8098,23713527
goa,8099,30230530
goa,8100,32194383
goa,8101,30469355
goa,8102,30620188
goa,8103,35239184
goa,8104,36831929
goa,8105,37488228
gujarat,8072,4636584
gujarat,8073,5503458
gujarat,8074,6110333
gujarat,8075,8704983
gujarat,8076,11548425
gujarat,8077,15025058
gujarat,8078,21282425
gujarat,8079,18884739
gujarat,8080,22371270
gujarat,8081,21301458
gujarat,8082,28750957
gujarat,8083,37351915
gujarat,8084,36594813
gujarat,8085,41144828
gujarat,8086,61450401
gujarat,8087,71950994
gujarat,8088,98716618
gujarat,8089,126999953
gujarat,8090,157589389
gujarat,8091,179290320
gujarat,8092,204120466
gujarat,8093,245264196
gujarat,8094,282686065
gujarat,8095,323807182
gujarat,8096,369258483
gujarat,8097,441428904
gujarat,8098,473594132
gujarat,8099,522588190
gujarat,8100,569309965
gujarat,8101,602292300
gujarat,8102,684049224
gujarat,8103,672395110
gujarat,8104,720203459
gujarat,8105,757197417
haryana,8072,3258301
haryana,8073,4054740
haryana,8074,4806047
haryana,8075,7602117
haryana,8076,10298565
haryana,8077,14367720
haryana,8078,19464332
haryana,8079,21364196
haryana,8080,25036070
haryana,8081,20771849
haryana,8082,32099499
haryana,8083,44510568
haryana,8084,46819759
haryana,8085,52047541
haryana,8086,77143949
haryana,8087,85064659
haryana,8088,112255341
haryana,8089,148317828
haryana,8090,182189584
haryana,8091,197287674
haryana,8092,219069526
haryana,8093,273061935
haryana,8094,306428250
haryana,8095,339854772
haryana,8096,373122494
haryana,8097,476635703
haryana,8098,513982387
haryana,8099,546237947
haryana,8100,552381807
haryana,8101,627408882
haryana,8102,676587870
haryana,8103,679431344
haryana,8104,682240539
haryana,8105,768184781
himachal pradesh,8072,374817
himachal pradesh,8073,495410
himachal pradesh,8074,591381
himachal pradesh,8075,826781
himachal pradesh,8076,1063259
himachal pradesh,8077,1399651
himachal pradesh,8078,1483897
himachal pradesh,8079,1623659
himachal pradesh,8080,1973218
himachal pradesh,8081,2214649
himachal pradesh,8082,2795882
himachal pradesh,8083,3543029
himachal pradesh,8084,2729674
himachal pradesh,8085,3324890
himachal pradesh,8086,4599348
himachal pradesh,8087,5779795
himachal pradesh,8088,7493598
himachal pradesh,8089,11288487
himachal pradesh,8090,12331466
himachal pradesh,8091,15080061
himachal pradesh,8092,15826198
himachal pradesh,8093,21622495
himachal pradesh,8094,20360373
himachal pradesh,8095,25051506
himachal pradesh,8096,24834607
himachal pradesh,8097,34599835
himachal pradesh,8098,31103167
himachal pradesh,8099,33892927
himachal pradesh,8100,36211260
himachal pradesh,8101,41619250
himachal pradesh,8102,38757665
himachal pradesh,8103,39612159
himachal pradesh,8104,39046196
himachal pradesh,8105,47984389
jammu & kashmir,8072,389224
jammu & kashmir,8073,571507
jammu & kashmir,8074,484480
jammu & kashmir,8075,673367
jammu & kashmir,8076,772422
jammu & kashmir,8077,989235
jammu & kashmir,8078,432043
jammu & kashmir,8079,75857
jammu & kashmir,8080,285108
jammu & kashmir,8081,830419
jammu & kashmir,8082,1130325
jammu & kashmir,8083,2498216
jammu & kashmir,8084,1821330
jammu & kashmir,8085,2461450
jammu & kashmir,8086,3104332
jammu & kashmir,8087,4460916
jammu & kashmir,8088,6333871
jammu & kashmir,8089,10304279
jammu & kashmir,8090,13247341
jammu & kashmir,8091,18526673
jammu & kashmir,8092,21801222
jammu & kashmir,8093,31290114
jammu & kashmir,8094,35773150
jammu & kashmir,8095,41933534
jammu & kashmir,8096,45932216
jammu & kashmir,8097,68626394
jammu & kashmir,8098,72576759
jammu & kashmir,8099,77050079
jammu & kashmir,8100,80196524
jammu & kashmir,8101,98320985
jammu & kashmir,8102,101539363
jammu & kashmir,8103,98610091
jammu & kashmir,8104,93587796
jammu & kashmir,8105,117475120
jharkhand,8072,1726726
jharkhand,8073,2116672
jharkhand,8074,2349945
jharkhand,8075,3314423
jharkhand,8076,3804061
jharkhand,8077,5681873
jharkhand,8078,8952523
jharkhand,8079,7431278
jharkhand,8080,9031137
jharkhand,8081,8793799
jharkhand,8082,13724440
jharkhand,8083,20202143
jharkhand,8084,21235684
jharkhand,8085,22645520
jharkhand,8086,35362822
jharkhand,8087,46792105
jharkhand,8088,62624486
jharkhand,8089,79513404
jharkhand,8090,93843062
jharkhand,8091,112033002
jharkhand,8092,127450739
jharkhand,8093,157909691
jharkhand,8094,177337898
jharkhand,8095,211872201
jharkhand,8096,240172406
jharkhand,8097,290437854
jharkhand,8098,302180456
jharkhand,8099,339852753
jharkhand,8100,343440347
jharkhand,8101,394139963
jharkhand,8102,415102736
jharkhand,8103,441921141
jharkhand,8104,455474383
jharkhand,8105,498662306
karnataka,8072,6950094
karnataka,8073,8777546
karnataka,8074,11393430
karnataka,8075,22411453
karnataka,8076,39499009
karnataka,8077,64951290
karnataka,8078,103434009
karnataka,8079,136538824
karnataka,8080,155213652
karnataka,8081,106019637
karnataka,8082,155688887
karnataka,8083,232139007
karnataka,8084,278444938
karnataka,8085,240282738
karnataka,8086,382783587
karnataka,8087,428409513
karnataka,8088,573122892
karnataka,8089,722776073
karnataka,8090,878792459
karnataka,8091,973811552
karnataka,8092,1108594530
karnataka,8093,1254350536
karnataka,8094,1474542255
karnataka,8095,1599837426
karnataka,8096,1769743226
karnataka,8097,1944859250
karnataka,8098,2093950803
karnataka,8099,2233293582
karnataka,8100,2427111761
karnataka,8101,2452632899
karnataka,8102,2545361507
karnataka,8103,2703392355
karnataka,8104,2825330293
karnataka,8105,3033113369
kerala,8072,1222873
kerala,8073,1454296
kerala,8074,1718134
kerala,8075,2322398
kerala,8076,2906623
kerala,8077,3887749
kerala,8078,4827707
kerala,8079,5655198
kerala,8080,7087979
kerala,8081,7591045
kerala,8082,10639866
kerala,8083,16554145
kerala,8084,17500843
kerala,8085,16995197
kerala,8086,26792845
kerala,8087,35632663
kerala,8088,49169365
kerala,8089,57745367
kerala,8090,72429593
kerala,8091,81180394
kerala,8092,85084073
kerala,8093,90888495
kerala,8094,100655472
kerala,8095,108215077
kerala,8096,109820926
kerala,8097,120226924
kerala,8098,131732251
kerala,8099,143632641
kerala,8100,153309373
kerala,8101,150007968
kerala,8102,165209747
kerala,8103,177673616
kerala,8104,180100477
kerala,8105,191946358
ladakh,8072,5556
ladakh,8073,11482
ladakh,8074,18155
ladakh,8075,25020
ladakh,8076,31236
ladakh,8077,52308
ladakh,8078,51154
ladakh,8079,35256
ladakh,8080,50689
ladakh,8081,62740
ladakh,8082,93272
ladakh,8083,147929
ladakh,8084,110768
ladakh,8085,196095
ladakh,8086,269662
ladakh,8087,285865
ladakh,8088,333285
ladakh,8089,587810
ladakh,8090,710428
ladakh,8091,773705
ladakh,8092,794686
ladakh,8093,1437079
ladakh,8094,1693969
ladakh,8095,1624260
ladakh,8096,1611509
ladakh,8097,2943855
ladakh,8098,3592229
ladakh,8099,3075686
ladakh,8100,2532508
ladakh,8101,4345406
ladakh,8102,4892557
ladakh,8103,3470604
ladakh,8104,3180624
ladakh,8105,5270609
lakshadweep,8072,548
lakshadweep,8073,1202
lakshadweep,8074,1481
lakshadweep,8075,1800
lakshadweep,8076,2458
lakshadweep,8077,3217
lakshadweep,8078,2520
lakshadweep,8079,2626
lakshadweep,8080,4060
lakshadweep,8081,6329
lakshadweep,8082,7289
lakshadweep,8083,7929
lakshadweep,8084,3956
lakshadweep,8085,3416
lakshadweep,8086,4919
lakshadweep,8087,5279
lakshadweep,8088,6831
lakshadweep,8089,7795
lakshadweep,8090,8822
lakshadweep,8091,8933
lakshadweep,8092,11319
lakshadweep,8093,15989
lakshadweep,8094,22701
lakshadweep,8095,46222
lakshadweep,8096,65567
lakshadweep,8097,103328
lakshadweep,8098,119755
lakshadweep,8099,151047
lakshadweep,8100,186433
lakshadweep,8101,197029
lakshadweep,8102,210108
lakshadweep,8103,219710
lakshadweep,8104,229831
lakshadweep,8105,248709
madhya pradesh,8072,5540953
madhya pradesh,8073,6493926
madhya pradesh,8074,7152252
madhya pradesh,8075,10163524
madhya pradesh,8076,13270690
madhya pradesh,8077,19025755
madhya pradesh,8078,29189777
madhya pradesh,8079,31573884
madhya pradesh,8080,36937883
madhya pradesh,8081,28763727
madhya pradesh,8082,44812503
madhya pradesh,8083,67928541
madhya pradesh,8084,79551215
madhya pradesh,8085,68475966
madhya pradesh,8086,124505570
madhya pradesh,8087,154372079
madhya pradesh,8088,208119201
madhya pradesh,8089,254146400
madhya pradesh,8090,298169767
madhya pradesh,8091,346579011
madhya pradesh,8092,395551751
madhya pradesh,8093,468684552
madhya pradesh,8094,555828663
madhya pradesh,8095,636732492
madhya pradesh,8096,747491424
madhya pradesh,8097,859901226
madhya pradesh,8098,926585300
madhya pradesh,8099,1024836894
madhya pradesh,8100,1040983000
madhya pradesh,8101,1143273346
madhya pradesh,8102,1244302556
madhya pradesh,8103,1317761396
madhya pradesh,8104,1369000689
madhya pradesh,8105,1456576342
maharashtra,8072,10256681
maharashtra,8073,13039678
maharashtra,8074,16189479
maharashtra,8075,23240057
maharashtra,8076,33977457
maharashtra,8077,54030628
maharashtra,8078,84053886
maharashtra,8079,103887387
maharashtra,8080,125734064
maharashtra,8081,80390030
maharashtra,8082,127581626
maharashtra,8083,211773187
maharashtra,8084,241600887
maharashtra,8085,229413959
maharashtra,8086,362427389
maharashtra,8087,441281724
maharashtra,8088,597190812
maharashtra,8089,739763476
maharashtra,8090,868371330
maharashtra,8091,998769959
maharashtra,8092,1121600766
maharashtra,8093,1273343788
maharashtra,8094,1427891144
maharashtra,8095,1627859322
maharashtra,8096,1798938438
maharashtra,8097,1975738521
maharashtra,8098,2100939879
maharashtra,8099,2354931274
maharashtra,8100,2530485146
maharashtra,8101,2660636662
maharashtra,8102,2829226611
maharashtra,8103,3052486746
maharashtra,8104,3200987799
maharashtra,8105,3413003601
manipur,8072,74310
manipur,8073,113472
manipur,8074,113751
manipur,8075,164993
manipur,8076,170783
manipur,8077,200970
manipur,8078,204807
manipur,8079,209319
manipur,8080,244184
manipur,8081,349701
manipur,8082,416199
manipur,8083,420543
manipur,8084,220308
manipur,8085,250250
manipur,8086,336219
manipur,8087,368527
manipur,8088,509928
manipur,8089,645557
manipur,8090,837582
manipur,8091,928790
manipur,8092,1073657
manipur,8093,585926
manipur,8094,250465
manipur,8095,688632
manipur,8096,1380355
manipur,8097,2012748
manipur,8098,2087985
manipur,8099,2123143
manipur,8100,2888122
manipur,8101,3542824
manipur,8102,4269941
manipur,8103,4174837
manipur,8104,4367144
manipur,8105,4552091
meghalaya,8072,42995
meghalaya,8073,56085
meghalaya,8074,81832
meghalaya,8075,118819
meghalaya,8076,135938
meghalaya,8077,167684
meghalaya,8078,175853
meghalaya,8079,163554
meghalaya,8080,189179
meghalaya,8081,289723
meghalaya,8082,315322
meghalaya,8083,321204
meghalaya,8084,170026
meghalaya,8085,193215
meghalaya,8086,261011
meghalaya,8087,348960
meghalaya,8088,522433
meghalaya,8089,740673
meghalaya,8090,1033414
meghalaya,8091,1152974
meghalaya,8092,1323801
meghalaya,8093,1830555
meghalaya,8094,2204934
meghalaya,8095,2726364
meghalaya,8096,3259975
meghalaya,8097,5343544
meghalaya,8098,5773240
meghalaya,8099,6601880
meghalaya,8100,7368816
meghalaya,8101,9006438
meghalaya,8102,10342245
meghalaya,8103,9681598
meghalaya,8104,8839945
meghalaya,8105,10836114
mizoram,8072,14367
mizoram,8073,18364
mizoram,8074,24604
mizoram,8075,36184
mizoram,8076,43515
mizoram,8077,52540
mizoram,8078,55585
mizoram,8079,57139
mizoram,8080,72242
mizoram,8081,94994
mizoram,8082,109236
mizoram,8083,116071
mizoram,8084,67889
mizoram,8085,74439
mizoram,8086,93972
mizoram,8087,107464
mizoram,8088,134652
mizoram,8089,166864
mizoram,8090,209057
mizoram,8091,261186
mizoram,8092,276865
mizoram,8093,358005
mizoram,8094,389679
mizoram,8095,511251
mizoram,8096,577796
mizoram,8097,854085
mizoram,8098,1032373
mizoram,8099,1194828
mizoram,8100,1464155
mizoram,8101,1693554
mizoram,8102,2025992
mizoram,8103,1979390
mizoram,8104,1959194
mizoram,8105,2231778
nagaland,8072,39386
nagaland,8073,58079
nagaland,8074,77504
nagaland,8075,109267
nagaland,8076,124651
nagaland,8077,156958
nagaland,8078,167265
nagaland,8079,163700
nagaland,8080,184484
nagaland,8081,239041
nagaland,8082,292460
nagaland,8083,266738
nagaland,8084,127106
nagaland,8085,130032
nagaland,8086,183947
nagaland,8087,222754
nagaland,8088,323423
nagaland,8089,441412
nagaland,8090,562207
nagaland,8091,603869
nagaland,8092,680677
nagaland,8093,838501
nagaland,8094,1024556
nagaland,8095,1196265
nagaland,8096,1475125
nagaland,8097,2514000
nagaland,8098,3141143
nagaland,8099,3534185
nagaland,8100,3803438
nagaland,8101,4724132
nagaland,8102,5833318
nagaland,8103,5394902
nagaland,8104,5145327
nagaland,8105,6083226
odisha,8072,4336997
odisha,8073,4832463
odisha,8074,6109834
odisha,8075,9660259
odisha,8076,10887807
odisha,8077,13345566
odisha,8078,21330371
odisha,8079,19167186
odisha,8080,21880811
odisha,8081,18242091
odisha,8082,25581574
odisha,8083,36795800
odisha,8084,39886914
odisha,8085,39885033
odisha,8086,65021952
odisha,8087,89306095
odisha,8088,119389372
odisha,8089,150198940
odisha,8090,183017599
odisha,8091,208414479
odisha,8092,237800370
odisha,8093,275129628
odisha,8094,331120980
odisha,8095,394216870
odisha,8096,472041275
odisha,8097,533463941
odisha,8098,583139376
odisha,8099,653769361
odisha,8100,672598864
odisha,8101,746112659
odisha,8102,785652801
odisha,8103,841861625
odisha,8104,889549627
odisha,8105,932756499
puducherry,8072,65486
puducherry,8073,68910
puducherry,8074,84545
puducherry,8075,135865
puducherry,8076,180367
puducherry,8077,246183
puducherry,8078,338785
puducherry,8079,451087
puducherry,8080,580921
puducherry,8081,455143
puducherry,8082,727619
puducherry,8083,1272494
puducherry,8084,1443581
puducherry,8085,1385293
puducherry,8086,2208281
puducherry,8087,2550628
puducherry,8088,3461076
puducherry,8089,4265431
puducherry,8090,5157180
puducherry,8091,5863846
puducherry,8092,6224977
puducherry,8093,6931355
puducherry,8094,7920199
puducherry,8095,8377582
puducherry,8096,8706366
puducherry,8097,9569219
puducherry,8098,10358162
puducherry,8099,10781586
puducherry,8100,11618519
puducherry,8101,11716317
puducherry,8102,12400209
puducherry,8103,12734340
puducherry,8104,13385336
puducherry,8105,14273998
punjab,8072,1378870
punjab,8073,1731538
punjab,8074,1933346
punjab,8075,2824577
punjab,8076,3247097
punjab,8077,4325884
punjab,8078,5622095
punjab,8079,6254384
punjab,8080,7210325
punjab,8081,6014021
punjab,8082,7823602
punjab,8083,10297838
punjab,8084,10008900
punjab,8085,11144498
punjab,8086,16218466
punjab,8087,19076362
punjab,8088,25097722
punjab,8089,34194211
punjab,8090,43028061
punjab,8091,49331250
punjab,8092,51451166
punjab,8093,65508285
punjab,8094,74686189
punjab,8095,81488251
punjab,8096,81707832
punjab,8097,103791454
punjab,8098,112671341
punjab,8099,119043043
punjab,8100,127552368
punjab,8101,135349462
punjab,8102,147253055
punjab,8103,152709681
punjab,8104,156323287
punjab,8105,176968809
rajasthan,8072,6171468
rajasthan,8073,7030908
rajasthan,8074,7654080
rajasthan,8075,11168140
rajasthan,8076,16759749
rajasthan,8077,23387217
rajasthan,8078,33642559
rajasthan,8079,33945223
rajasthan,8080,42140703
rajasthan,8081,36961229
rajasthan,8082,57900495
rajasthan,8083,79104977
rajasthan,8084,91152365
rajasthan,8085,90192431
rajasthan,8086,155512206
rajasthan,8087,182274484
rajasthan,8088,249207437
rajasthan,8089,309286081
rajasthan,8090,374499257
rajasthan,8091,426355884
rajasthan,8092,478301186
rajasthan,8093,586137559
rajasthan,8094,696907330
rajasthan,8095,760169113
rajasthan,8096,910181233
rajasthan,8097,1080979751
rajasthan,8098,1159471272
rajasthan,8099,1233463293
rajasthan,8100,1225941832
rajasthan,8101,1361793084
rajasthan,8102,1471559131
rajasthan,8103,1482912609
rajasthan,8104,1529887412
rajasthan,8105,1639275785
sikkim,8072,37037
sikkim,8073,59274
sikkim,8074,75943
sikkim,8075,108280
sikkim,8076,122550
sikkim,8077,165212
sikkim,8078,168555
sikkim,8079,161964
sikkim,8080,180421
sikkim,8081,221971
sikkim,8082,256031
sikkim,8083,273203
sikkim,8084,153480
sikkim,8085,160006
sikkim,8086,234862
sikkim,8087,347103
sikkim,8088,483455
sikkim,8089,766320
sikkim,8090,918215
sikkim,8091,1044864
sikkim,8092,1136164
sikkim,8093,1696647
sikkim,8094,2004746
sikkim,8095,2139471
sikkim,8096,2665840
sikkim,8097,3596853
sikkim,8098,4040039
sikkim,8099,4792790
sikkim,8100,5355602
sikkim,8101,6402735
sikkim,8102,6777789
sikkim,8103,6862025
sikkim,8104,7607696
sikkim,8105,8719037
tamil nadu,8072,2877514
tamil nadu,8073,3673579
tamil nadu,8074,4759711
tamil nadu,8075,7901767
tamil nadu,8076,9953421
tamil nadu,8077,14143783
tamil nadu,8078,18733358
tamil nadu,8079,23550229
tamil nadu,8080,29894565
tamil nadu,8081,22003787
tamil nadu,8082,31747599
tamil nadu,8083,52957176
tamil nadu,8084,55184006
tamil nadu,8085,50846255
tamil nadu,8086,83456564
tamil nadu,8087,99367500
tamil nadu,8088,133533757
tamil nadu,8089,170116252
tamil nadu,8090,206948312
tamil nadu,8091,227776260
tamil nadu,8092,252046397
tamil nadu,8093,271653945
tamil nadu,8094,307301051
tamil nadu,8095,336363862
tamil nadu,8096,370440883
tamil nadu,8097,417547691
tamil nadu,8098,458580459
tamil nadu,8099,488070607
tamil nadu,8100,524381598
tamil nadu,8101,540167131
tamil nadu,8102,589397918
tamil nadu,8103,606536327
tamil nadu,8104,630192289
tamil nadu,8105,667642639
telangana,8072,5817357
telangana,8073,6332946
telangana,8074,7792425
telangana,8075,13909469
telangana,8076,24788513
telangana,8077,39189406
telangana,8078,58293457
telangana,8079,70715723
telangana,8080,83326336
telangana,8081,54016206
telangana,8082,91185733
telangana,8083,150218614
telangana,8084,181674390
telangana,8085,193360174
telangana,8086,276644191
telangana,8087,316270714
telangana,8088,422012965
telangana,8089,533356769
telangana,8090,638075219
telangana,8091,727397449
telangana,8092,807980480
telangana,8093,945635928
telangana,8094,1103013563
telangana,8095,1197673180
telangana,8096,1318718383
telangana,8097,1500188080
telangana,8098,1637882726
telangana,8099,1785244498
telangana,8100,1855676564
telangana,8101,1937172444
telangana,8102,2078091958
telangana,8103,2268697781
telangana,8104,2320751024
telangana,8105,2560637907
tripura,8072,127863
tripura,8073,166739
tripura,8074,221767
tripura,8075,319338
tripura,8076,343127
tripura,8077,428388
tripura,8078,452124
tripura,8079,405722
tripura,8080,467518
tripura,8081,537656
tripura,8082,751363
tripura,8083,835017
tripura,8084,548634
tripura,8085,628463
tripura,8086,823202
tripura,8087,944059
tripura,8088,1401056
tripura,8089,1782176
tripura,8090,2338359
tripura,8091,2695646
tripura,8092,3266101
tripura,8093,3992703
tripura,8094,4601060
tripura,8095,5363050
tripura,8096,5904516
tripura,8097,7412685
tripura,8098,7914763
tripura,8099,8800063
tripura,8100,10267509
tripura,8101,10787436
tripura,8102,11889161
tripura,8103,11726652
tripura,8104,12274659
tripura,8105,12958118
uttar pradesh,8072,10010877
uttar pradesh,8073,12691830
uttar pradesh,8074,13655861
uttar pradesh,8075,22044677
uttar pradesh,8076,27231898
uttar pradesh,8077,35244958
uttar pradesh,8078,42320219
uttar pradesh,8079,43340537
uttar pradesh,8080,51336077
uttar pradesh,8081,47549454
uttar pradesh,8082,63325777
uttar pradesh,8083,86963902
uttar pradesh,8084,89939335
uttar pradesh,8085,93709752
uttar pradesh,8086,141458681
uttar pradesh,8087,177938209
uttar pradesh,8088,241296678
uttar pradesh,8089,322162022
uttar pradesh,8090,391962498
uttar pradesh,8091,459462505
uttar pradesh,8092,521134716
uttar pradesh,8093,651507954
uttar pradesh,8094,747622088
uttar pradesh,8095,869392341
uttar pradesh,8096,989186934
uttar pradesh,8097,1238837502
uttar pradesh,8098,1332554852
uttar pradesh,8099,1489948667
uttar pradesh,8100,1524087525
uttar pradesh,8101,1740462455
uttar pradesh,8102,1840145039
uttar pradesh,8103,1955108328
uttar pradesh,8104,2003989823
uttar pradesh,8105,2293024606
uttarakhand,8072,992270
uttarakhand,8073,1238396
uttarakhand,8074,1333958
uttarakhand,8075,1847664
uttarakhand,8076,2334030
uttarakhand,8077,3147703
uttarakhand,8078,3479573
uttarakhand,8079,3887718
uttarakhand,8080,4599548
uttarakhand,8081,4009760
uttarakhand,8082,6069189
uttarakhand,8083,9591103
uttarakhand,8084,9483409
uttarakhand,8085,9938227
uttarakhand,8086,14740374
uttarakhand,8087,18480818
uttarakhand,8088,23662761
uttarakhand,8089,34095311
uttarakhand,8090,38433164
uttarakhand,8091,43930404
uttarakhand,8092,46907377
uttarakhand,8093,62644014
uttarakhand,8094,64961081
uttarakhand,8095,73541105
uttarakhand,8096,76012656
uttarakhand,8097,101329050
uttarakhand,8098,100726911
uttarakhand,8099,108904701
uttarakhand,8100,111485158
uttarakhand,8101,132692694
uttarakhand,8102,129419380
uttarakhand,8103,132326331
uttarakhand,8104,132495130
uttarakhand,8105,163964261
west bengal,8072,5952060
west bengal,8073,8205192
west bengal,8074,9636974
west bengal,8075,16379853
west bengal,8076,16502874
west bengal,8077,23489670
west bengal,8078,37079581
west bengal,8079,24001204
west bengal,8080,29827673
west bengal,8081,23778596
west bengal,8082,33531712
west bengal,8083,42774024
west bengal,8084,38286845
west bengal,8085,41133183
west bengal,8086,57001307
west bengal,8087,67551823
west bengal,8088,92376770
west bengal,8089,119264274
west bengal,8090,147555161
west bengal,8091,168668806
west bengal,8092,200591201
west bengal,8093,249804214
west bengal,8094,298345848
west bengal,8095,354140336
west bengal,8096,403108218
west bengal,8097,499564293
west bengal,8098,554209559
west bengal,8099,636340603
west bengal,8100,677544402
west bengal,8101,764023386
west bengal,8102,845070081
west bengal,8103,878593910
west bengal,8104,929319640
west bengal,8105,1005841996
